platform,review_text,rating,review_date,source_url
google_reviews,"Times Square in New York City is one of the most vibrant and energetic places in the world. The moment you arrive, the massive digital billboards, bright lights, and constant buzz of people create an atmosphere that feels uniquely New York. …",5,a month ago,"https://www.google.com/maps/place/Times+Square/@40.7579747,-73.9855426,17z/data=!4m7!3m6!1s0x89c25855c6480299:0x55194ec5a1ae072e!8m2!3d40.7579747!4d-73.9855426!9m1!1b1?hl=en"
google_reviews,"Last year in May, I visited New York City for the first time, and Times Square in Manhattan was absolutely one of the most iconic places I could not miss—and one I will never forget. …",5,2 months ago,"https://www.google.com/maps/place/Times+Square/@40.7579747,-73.9855426,17z/data=!4m7!3m6!1s0x89c25855c6480299:0x55194ec5a1ae072e!8m2!3d40.7579747!4d-73.9855426!9m1!1b1?hl=en"
google_reviews,"NYC’s Times Square in winter is simply magical!
• I was able to pass by Times Square almost every day during my stay in Manhattan. It was walkable from my hotel. …",5,2 months ago,"https://www.google.com/maps/place/Times+Square/@40.7579747,-73.9855426,17z/data=!4m7!3m6!1s0x89c25855c6480299:0x55194ec5a1ae072e!8m2!3d40.7579747!4d-73.9855426!9m1!1b1?hl=en"
google_reviews,"The fabulously famous Times Square!!

Hotel was literally a 5 minute walk… I had never been here and always wanted to …",5,a month ago,"https://www.google.com/maps/place/Times+Square/@40.7579747,-73.9855426,17z/data=!4m7!3m6!1s0x89c25855c6480299:0x55194ec5a1ae072e!8m2!3d40.7579747!4d-73.9855426!9m1!1b1?hl=en"
google_reviews,"This had to be on the tick list as I have been meaning to just walk down here and take some photos, but even though it has been over a foot of snow the night before and it was freezing, it was sort of better in a way as it wasn't as busy! …",5,2 months ago,"https://www.google.com/maps/place/Times+Square/@40.7579747,-73.9855426,17z/data=!4m7!3m6!1s0x89c25855c6480299:0x55194ec5a1ae072e!8m2!3d40.7579747!4d-73.9855426!9m1!1b1?hl=en"
google_reviews,"What's not to love about one of the most iconic spots in America.  The world is a better place because of Times Square and there is a lot to see and do here like seeing the red steps, watch a live performance on the streets, watch a …",5,2 months ago,"https://www.google.com/maps/place/Times+Square/@40.7579747,-73.9855426,17z/data=!4m7!3m6!1s0x89c25855c6480299:0x55194ec5a1ae072e!8m2!3d40.7579747!4d-73.9855426!9m1!1b1?hl=en"
google_reviews,"The beating heart of the city that never sleeps!
Times Square is an absolute sensory overload in the best way possible. It’s where NYC’s rich history meets modern-day spectacle. Whether you’re there at 10 AM …",5,a month ago,"https://www.google.com/maps/place/Times+Square/@40.7579747,-73.9855426,17z/data=!4m7!3m6!1s0x89c25855c6480299:0x55194ec5a1ae072e!8m2!3d40.7579747!4d-73.9855426!9m1!1b1?hl=en"
google_reviews,"My favorite place in the world is New York in the United States, because it's a beautiful city. There are interesting places to visit. You can walk in Central Park and visit Times Square and take pictures at Summit One Vanderbilt. The best time to visit is in December because Christmas is beautiful. You can enjoy the snow.",5,3 months ago,"https://www.google.com/maps/place/Times+Square/@40.7579747,-73.9855426,17z/data=!4m7!3m6!1s0x89c25855c6480299:0x55194ec5a1ae072e!8m2!3d40.7579747!4d-73.9855426!9m1!1b1?hl=en"
google_reviews,"Stopped by Joe’s Pizza while in NYC. It’s solid for one thing: cheap, classic New York slices. If you want a quick, no-frills cheese slice that won’t destroy your wallet, this is your spot. It’s fast, straightforward, and exactly what you’d expect from a busy counter service pizza place. Nothing fancy, no crazy toppings just a simple slice you can fold and eat on the go. That said, I wouldn’t call it life changing. It’s good for what it is: affordable pizza in a prime location. If you’re expecting some mind blowing culinary experience, this isn’t that. But if you just want a cheap slice that gets the job done, Joe’s works.",4,2 months ago,"https://www.google.com/maps/place/Joe's+Pizza/@40.7306597,-74.0021707,17z/data=!4m7!3m6!1s0x89c259924a960df1:0x43b20488619b3f43!8m2!3d40.7306597!4d-74.0021707!9m1!1b1?hl=en"
google_reviews,"Cash only, $5.50 for pepperoni slice and $4.50 for regular. Customer service is apathetic, no greetings. I did take out and they barely had the pizza in the oven for a minute before handing it to me. No napkins. The pizza is ok, not a bad pizza, nice cheese to sauce ratio. Sauce is slightly sweet and tangy. Good crust, it was a good pizza, just not $5.50/$4.50 worth in my opinion.",3,3 months ago,"https://www.google.com/maps/place/Joe's+Pizza/@40.7306597,-74.0021707,17z/data=!4m7!3m6!1s0x89c259924a960df1:0x43b20488619b3f43!8m2!3d40.7306597!4d-74.0021707!9m1!1b1?hl=en"
google_reviews,"We wanted to try NYC style pizza and the reviews for Joe’s pizza were as outstanding. We reached the place and there we see a huge line to get the pizza by slice or whole pie.
We told ourselves that this is it. It shall be worth the wait.
It took about 30-40 minutes to get to order and get the pie.
It was okay not the best that we had. I didn’t understand how come it’s rated this high on Google.
Nothing bad about the pizza but nothing best either.
Just wanted to let people know if you are spending the 30-40 minutes in December cold to have this pie may be think about it. You shall get it when there is no line.
So the disappointment is less.",3,Edited 3 months ago,"https://www.google.com/maps/place/Joe's+Pizza/@40.7306597,-74.0021707,17z/data=!4m7!3m6!1s0x89c259924a960df1:0x43b20488619b3f43!8m2!3d40.7306597!4d-74.0021707!9m1!1b1?hl=en"
google_reviews,"Food: 4 Stars
Service: 4 Stars
Ambience: 4 Stars
Value: 5 Stars
Sanitary: 4 Stars
Overall: 4.2 Stars

Note: CASH ONLY

Joe’s Pizza in NYC has been on my food bucket list for ages, and I finally made the stop. I still remember watching Worth It on BuzzFeed years ago when they crowned Joe’s as the “most worth it” pizza, so there was definitely some nostalgia walking through those doors.

I ordered the classic cheese slice — simple, timeless, and honestly the best way to judge a good pizzeria. It didn’t disappoint. The cheese was fresh and melty without being greasy, the sauce had that perfect tang, and the crust… chef’s kiss. It had just the right thickness with a crispy crunch that somehow still stayed soft inside. Exactly what you want from a New York slice.

In today’s economy, finding something tasty, reliable, and filling feels like a small win, and Joe’s definitely delivers on that comfort factor. It’s nothing overly fancy, but that’s the charm. It’s just solid, satisfying pizza that hits the spot.

Would I come back? Absolutely. It may not be life-changing, but it’s definitely a staple worth trying — especially if you grew up watching the same food videos that made Joe’s a must-visit in the first place.

xx kellychan360",4,5 months ago,"https://www.google.com/maps/place/Joe's+Pizza/@40.7306597,-74.0021707,17z/data=!4m7!3m6!1s0x89c259924a960df1:0x43b20488619b3f43!8m2!3d40.7306597!4d-74.0021707!9m1!1b1?hl=en"
google_reviews,"The pizza at Joe’s Pizza was very good, and the slices are huge! It was exactly what we were looking for.

We didn’t realize it was cash-only, but thankfully there’s an ATM right outside the shop, which made it easy. There wasn’t a line when we stopped in on February 16th, so it was a quick and convenient visit.

We chose this spot over John’s because we wanted to grab individual slices rather than order a whole pie. It was the perfect choice for a fast, no-fuss stop. There isn’t much seating, but we weren’t expecting there to be.

We would definitely go again!",5,2 months ago,"https://www.google.com/maps/place/Joe's+Pizza/@40.7306597,-74.0021707,17z/data=!4m7!3m6!1s0x89c259924a960df1:0x43b20488619b3f43!8m2!3d40.7306597!4d-74.0021707!9m1!1b1?hl=en"
google_reviews,"’ve been hunting for a REAL New York slice for weeks — not the overpriced tourist versions or the soggy cafeteria ones that taste like cardboard. Almost gave up…
until a local recommended Joe’s Pizza in Greenwich Village.

The moment I walked in, I knew something was different — the smell of real cheese, the thin crispy crust coming straight out of the oven, and slices cut confidently, not shyly.

I ordered a plain cheese slice — because if a place can’t nail the basics, nothing else matters.

First bite… and honestly?
THIS is the slice I’ve been looking for.
Crispy edge, airy crust, light tomato tang, and cheese that actually stretches — authentic, simple, perfect.

The staff worked fast even with a line out the door — and everyone inside looked like someone who knows pizza. No Instagram tourists — just locals and real NYC regulars.

⭐⭐⭐⭐⭐ 5/5 — Worth every minute of the wait.
If you want to taste actual New York… not the fake version… start with a plain slice at Joe’s.
I stopped by Joe’s Pizza on one of those evenings when New York feels overwhelming — when the noise, the speed, and the rush make you forget to slow down.
And somehow… holding that simple slice in my hand brought me back to myself.

Crispy edge, warm cheese, thin New York crust — nothing fancy, just honest flavor.
It reminded me that sometimes the simplest things are the most comforting.

⭐⭐⭐⭐⭐
A perfect NY slice — authentic, warm, and unforgettable.
Photo by ElAttar Reviews",5,Edited 4 months ago,"https://www.google.com/maps/place/Joe's+Pizza/@40.7306597,-74.0021707,17z/data=!4m7!3m6!1s0x89c259924a960df1:0x43b20488619b3f43!8m2!3d40.7306597!4d-74.0021707!9m1!1b1?hl=en"
google_reviews,"SENSATIONAL PIZZA 🥇🥇

Had a urge for 2 slices and just happened to see Joe’s Pizza up the block. Luckily there were 2 parking spots out front.

Ran over quickly and grabbed a regular slice & mushroom slice to go. Not much of a wait for the winter season. But there is usually a line by the door.

Pizza done just right. Thin crust with a flavorful tomato sauce and cheese still oozing a bit. 👍👍",5,4 months ago,"https://www.google.com/maps/place/Joe's+Pizza/@40.7306597,-74.0021707,17z/data=!4m7!3m6!1s0x89c259924a960df1:0x43b20488619b3f43!8m2!3d40.7306597!4d-74.0021707!9m1!1b1?hl=en"
google_reviews,"Cash only!

A no-nonsense place to get a solid slice of pizza or a whole pie. I enjoyed the cheese and the mozzarella slices the most especially after adding some oregano and garlic powder.

I also noticed, If you give a tip the worker will often heat your slice before handing it over. This can be really clutch if you happen to get it by the slice, you can get unlucky with one of the last slices from what they have out.",5,6 months ago,"https://www.google.com/maps/place/Joe's+Pizza/@40.7306597,-74.0021707,17z/data=!4m7!3m6!1s0x89c259924a960df1:0x43b20488619b3f43!8m2!3d40.7306597!4d-74.0021707!9m1!1b1?hl=en"
google_reviews,"The pizza was thin, firm, and very tasty. My experience was during lunch and it was very crowded. If you go plan on standing or waiting for a table. When your getting a pizza where Spiderman worked your gonna have crowds. Solid slice for the money!",4,4 months ago,"https://www.google.com/maps/place/Joe's+Pizza/@40.7306597,-74.0021707,17z/data=!4m7!3m6!1s0x89c259924a960df1:0x43b20488619b3f43!8m2!3d40.7306597!4d-74.0021707!9m1!1b1?hl=en"
google_reviews,"Probably the most famous pizza joint in NYC — and for good reason! There are several Joe’s Pizza locations around the city, but the Carmine Street one is the original and has that classic, historic vibe.

I got a pepperoni slice and it was really good — fresh, hot, and full of flavor. It’s cash only, but there’s an ATM right at the front, so no problem there.

A must-visit for anyone who loves authentic New York pizza!",5,6 months ago,"https://www.google.com/maps/place/Joe's+Pizza/@40.7306597,-74.0021707,17z/data=!4m7!3m6!1s0x89c259924a960df1:0x43b20488619b3f43!8m2!3d40.7306597!4d-74.0021707!9m1!1b1?hl=en"
google_reviews,"Joe’s Pizza was honestly underwhelming. The pizza itself was average at best and definitely not worth the hype. What made the experience worse was that they only accept cash, so I had to find an ATM and pay extra fees just to order. The place felt dirty, and watching the person at the counter drop slices directly on the counter was pretty off-putting. Overall, nothing about the experience justifies the high ratings—there are much better pizza spots in Manhattan.",2,4 months ago,"https://www.google.com/maps/place/Joe's+Pizza/@40.7306597,-74.0021707,17z/data=!4m7!3m6!1s0x89c259924a960df1:0x43b20488619b3f43!8m2!3d40.7306597!4d-74.0021707!9m1!1b1?hl=en"
google_reviews,"It’s a pizza, essentially just flour and simple ingredients. I understand that many people enjoy pizza, but let’s be honest: the quality here doesn’t match the $5–6 price per slice.

The place itself was dirty, had no service, and only accepted cash.

Overall, not worth the cost.",2,4 months ago,"https://www.google.com/maps/place/Joe's+Pizza/@40.7306597,-74.0021707,17z/data=!4m7!3m6!1s0x89c259924a960df1:0x43b20488619b3f43!8m2!3d40.7306597!4d-74.0021707!9m1!1b1?hl=en"
google_reviews,"Awesome pizza! Try and go at weird times or you might have to wait in line. Also, super limited seating, true New York slice of pizza though, and cheap!",5,2 months ago,"https://www.google.com/maps/place/Joe's+Pizza/@40.7306597,-74.0021707,17z/data=!4m7!3m6!1s0x89c259924a960df1:0x43b20488619b3f43!8m2!3d40.7306597!4d-74.0021707!9m1!1b1?hl=en"
google_reviews,We got a slice with pepperoni for 5.50 each (this seemed a little expensive…). The pizza slice was good and big but extremely greasy. Someone next to me even had to absorb the oil with a napkin before eating… But except that it was good. I went because it’s iconic but wouldn’t come again,4,7 months ago,"https://www.google.com/maps/place/Joe's+Pizza/@40.7306597,-74.0021707,17z/data=!4m7!3m6!1s0x89c259924a960df1:0x43b20488619b3f43!8m2!3d40.7306597!4d-74.0021707!9m1!1b1?hl=en"
google_reviews,"It's a New York City staple, a slice of cheese pizza will light up your heart. Slices come out of the oven hot, and there's enough foot traffic to ensure it doesn't sit around. Joe's pizza is one of the best Top 10 for NYC pizza in my opinion. The dough is nice and fresh well done is a must...cheese and sauce as a whole phenomenal. The staff and servers are friendly and polite. Lines aren't too bad, and move quickly. The stream of tourists is a good indication of how popular this place is. There's a park across from it to sit and eat...100% recommend!",5,6 months ago,"https://www.google.com/maps/place/Joe's+Pizza/@40.7306597,-74.0021707,17z/data=!4m7!3m6!1s0x89c259924a960df1:0x43b20488619b3f43!8m2!3d40.7306597!4d-74.0021707!9m1!1b1?hl=en"
google_reviews,"Excellent NYC pizza!   We got in pretty quickly. Cash only. And the ATM right by the entrance - $3.50 fee.    $5 slice of regular.
Better off buying.a whole pie.",5,6 months ago,"https://www.google.com/maps/place/Joe's+Pizza/@40.7306597,-74.0021707,17z/data=!4m7!3m6!1s0x89c259924a960df1:0x43b20488619b3f43!8m2!3d40.7306597!4d-74.0021707!9m1!1b1?hl=en"
google_reviews,"Bought a few slices of pepperoni and combo. The pepperoni was a good sized slice covered in pepperoni. Add some pepper flakes and this tastes great for a late night bite. Pepperoni is their most popular and they get purchased as soon as they come out of the oven. The combo is a solid choice as well if you want a little more of everything on your pizza. The green peppers have a good crunch to them and it’s generously portioned with mushroom and olives too. Lines move pretty fast despite how long they can get even at late hours. The staff are no nonsense and quick to get you your slices and pies. The general atmosphere is busy with lots of decor proving how long they’ve been around from all the celebrity photos over the years. Generally not much in the way of seating, it’s mostly standing space which is fine inside and outside. Can get pretty hot outside so it’s nice they have a front window open to let some cool air in to offset the hot ovens.",5,8 months ago,"https://www.google.com/maps/place/Joe's+Pizza/@40.7306597,-74.0021707,17z/data=!4m7!3m6!1s0x89c259924a960df1:0x43b20488619b3f43!8m2!3d40.7306597!4d-74.0021707!9m1!1b1?hl=en"
google_reviews,"If you want to try the classic NYC cheese slice this is a great place. Nothing fancy.. the sauce is good, the crust is ok, it is not as cruncy as other slices like Bleecker street. I personally prefer Bleecker street pizza, but this one is good too.",4,6 months ago,"https://www.google.com/maps/place/Joe's+Pizza/@40.7306597,-74.0021707,17z/data=!4m7!3m6!1s0x89c259924a960df1:0x43b20488619b3f43!8m2!3d40.7306597!4d-74.0021707!9m1!1b1?hl=en"
google_reviews,"Super fast service, cool vibes, and grumpy (in a good way) servers who know what they’re doing. Solid pizza overall but it’s much MUCH better straight out of the oven (obviously) than after it’s been resting so definitely worth waiting a few minutes for a fresh batch
Cash only is a downside",4,3 months ago,"https://www.google.com/maps/place/Joe's+Pizza/@40.7306597,-74.0021707,17z/data=!4m7!3m6!1s0x89c259924a960df1:0x43b20488619b3f43!8m2!3d40.7306597!4d-74.0021707!9m1!1b1?hl=en"
google_reviews,"The pizza was excellent—light, flavorful, and not greasy at all. It was served at a good temperature and counter crew was super friendly too . The dough was perfectly thin, with just the right texture. Overall, a great spot.",5,7 months ago,"https://www.google.com/maps/place/Joe's+Pizza/@40.7306597,-74.0021707,17z/data=!4m7!3m6!1s0x89c259924a960df1:0x43b20488619b3f43!8m2!3d40.7306597!4d-74.0021707!9m1!1b1?hl=en"
google_reviews,I thought that this pizza slice was good but not exceptional given all of the hype and praise it receives in the media. It is cash only as a heads up and the workers weren’t the most welcoming. I would have liked the slice just a bit crispier and less greasy. It is overall still a good slice worth trying but there are better options out there.,4,6 months ago,"https://www.google.com/maps/place/Joe's+Pizza/@40.7306597,-74.0021707,17z/data=!4m7!3m6!1s0x89c259924a960df1:0x43b20488619b3f43!8m2!3d40.7306597!4d-74.0021707!9m1!1b1?hl=en"
google_reviews,"The pizza was excellent—light, flavorful, and not greasy at all. It was served at a good temperature (though I wouldn’t have minded it being a touch hotter). The dough was perfectly thin, with just the right texture, and you can really tell the difference that quality water makes. Overall, a great spot for a quick and satisfying fix—I’d definitely come back.”",5,8 months ago,"https://www.google.com/maps/place/Joe's+Pizza/@40.7306597,-74.0021707,17z/data=!4m7!3m6!1s0x89c259924a960df1:0x43b20488619b3f43!8m2!3d40.7306597!4d-74.0021707!9m1!1b1?hl=en"
google_reviews,Finally had a chance to see if the hype was real about this pizza and it was! Nice thin and crispy pizza perfect ratio of sauce to cheese to crust small spot grab a slice and go or a pie 4.50 a slice but quality and taste was worth it not greasy great slice great quick bite,5,6 months ago,"https://www.google.com/maps/place/Joe's+Pizza/@40.7306597,-74.0021707,17z/data=!4m7!3m6!1s0x89c259924a960df1:0x43b20488619b3f43!8m2!3d40.7306597!4d-74.0021707!9m1!1b1?hl=en"
google_reviews,"Out of town family wanted to check JOE'S Pizza out. Nice and fresh just of course busy due all the customers.  Thankfully the weather was still nice we could eat outside.
The area was really cool and historic in some parts.",4,4 months ago,"https://www.google.com/maps/place/Joe's+Pizza/@40.7306597,-74.0021707,17z/data=!4m7!3m6!1s0x89c259924a960df1:0x43b20488619b3f43!8m2!3d40.7306597!4d-74.0021707!9m1!1b1?hl=en"
google_reviews,"CASH ONLY! UGHHHH. Anyway, went to Joe’s (after dinner lol) and was great. Don’t expect crazy service, it is what it is. I wish they would warm the slices but understand they don’t to control the flow of people. Old school for sure and worth the visit, even if cash only…but come on, at least introduce Apple Pay!",4,3 months ago,"https://www.google.com/maps/place/Joe's+Pizza/@40.7306597,-74.0021707,17z/data=!4m7!3m6!1s0x89c259924a960df1:0x43b20488619b3f43!8m2!3d40.7306597!4d-74.0021707!9m1!1b1?hl=en"
google_reviews,Don't go there for the atmosphere. Good to tick off the tourist list. The pizza is nice. Situated in heart of a food lover's heaven in NY. Go for a walk to other places in the area. Yes this pizza place needs a bouncer !!,4,5 months ago,"https://www.google.com/maps/place/Joe's+Pizza/@40.7306597,-74.0021707,17z/data=!4m7!3m6!1s0x89c259924a960df1:0x43b20488619b3f43!8m2!3d40.7306597!4d-74.0021707!9m1!1b1?hl=en"
google_reviews,"Speedy, excellent slice and similar price to all ‘hot spots’.
Famous for a reason, lots of people will always say it’s not the best, but it’s always gonna be a top 10 for consistency across branches over the years!",5,3 months ago,"https://www.google.com/maps/place/Joe's+Pizza/@40.7306597,-74.0021707,17z/data=!4m7!3m6!1s0x89c259924a960df1:0x43b20488619b3f43!8m2!3d40.7306597!4d-74.0021707!9m1!1b1?hl=en"
google_reviews,"This was our first time visiting here.  Friendly staff & great customer service.  The pizza was amazing & delicious.  Definitely, will travel back for the pizza. CASH ONLY place!",5,4 months ago,"https://www.google.com/maps/place/Joe's+Pizza/@40.7306597,-74.0021707,17z/data=!4m7!3m6!1s0x89c259924a960df1:0x43b20488619b3f43!8m2!3d40.7306597!4d-74.0021707!9m1!1b1?hl=en"
google_reviews,"We tried Joe’s Pizza for the first time and ordered a full pizza—it was huge! We went with the spinach on a tomato base, and it was fantastic. Fresh ingredients, great flavor, and that classic New York thin crust made it a perfect first experience. You have to wait a bit in the queue but The vibe is great.",5,7 months ago,"https://www.google.com/maps/place/Joe's+Pizza/@40.7306597,-74.0021707,17z/data=!4m7!3m6!1s0x89c259924a960df1:0x43b20488619b3f43!8m2!3d40.7306597!4d-74.0021707!9m1!1b1?hl=en"
google_reviews,"Delicious, classic Manhattan staple. Open late, hot and fresh pizza. Huge NY slices. Super loud and crowded. Worth it every time. We love Joe’s.",5,5 months ago,"https://www.google.com/maps/place/Joe's+Pizza/@40.7306597,-74.0021707,17z/data=!4m7!3m6!1s0x89c259924a960df1:0x43b20488619b3f43!8m2!3d40.7306597!4d-74.0021707!9m1!1b1?hl=en"
google_reviews,"Amazing pizza! If you can, visit this spot instead of the times square one. There is much smaller queue :)",5,5 months ago,"https://www.google.com/maps/place/Joe's+Pizza/@40.7306597,-74.0021707,17z/data=!4m7!3m6!1s0x89c259924a960df1:0x43b20488619b3f43!8m2!3d40.7306597!4d-74.0021707!9m1!1b1?hl=en"
google_reviews,"Quintessential NYC pizza at its finest. Nothing fancy, nothing crazy, just walk in grab a slice or two and go. No two hours lines, no attitude just friendly people and a great slice.  #doyouknowrex",5,7 months ago,"https://www.google.com/maps/place/Joe's+Pizza/@40.7306597,-74.0021707,17z/data=!4m7!3m6!1s0x89c259924a960df1:0x43b20488619b3f43!8m2!3d40.7306597!4d-74.0021707!9m1!1b1?hl=en"
google_reviews,"Was expecting a little seating, but stayed for the pizza 🍕
Super busy, super fast service, and now I get the hype. Just a simple cheese slice — soft inside, crispy crust, no overthinking. Limited options, but I guess that’s what keeps it quick and good.",4,4 months ago,"https://www.google.com/maps/place/Joe's+Pizza/@40.7306597,-74.0021707,17z/data=!4m7!3m6!1s0x89c259924a960df1:0x43b20488619b3f43!8m2!3d40.7306597!4d-74.0021707!9m1!1b1?hl=en"
google_reviews,"Honestly, nothing special. It’s just the usual pizza. I’ve had better. But the service was good. Long lines but quick. The pizza was affordable as well for its size. 😊",4,8 months ago,"https://www.google.com/maps/place/Joe's+Pizza/@40.7306597,-74.0021707,17z/data=!4m7!3m6!1s0x89c259924a960df1:0x43b20488619b3f43!8m2!3d40.7306597!4d-74.0021707!9m1!1b1?hl=en"
google_reviews,First ever New York pizza for me (yeah I’m not living in the US). Crunchy / crispy dough and very soft and yummy toppings. Would definitely recommend going here. But keep in mind cash only,5,8 months ago,"https://www.google.com/maps/place/Joe's+Pizza/@40.7306597,-74.0021707,17z/data=!4m7!3m6!1s0x89c259924a960df1:0x43b20488619b3f43!8m2!3d40.7306597!4d-74.0021707!9m1!1b1?hl=en"
google_reviews,I am convinced that might be the best pizza I have ever had.  My son tells me it is exactly what he was hoping for and he was not disappointed.  The crust was amazing.  The cheese was fantastic.  The under-char was perfect.  The pizza oozes NYC.  I'm so glad I went.,5,11 months ago,"https://www.google.com/maps/place/Joe's+Pizza/@40.7306597,-74.0021707,17z/data=!4m7!3m6!1s0x89c259924a960df1:0x43b20488619b3f43!8m2!3d40.7306597!4d-74.0021707!9m1!1b1?hl=en"
google_reviews,"You can only pay with cash, not by card, but there’s an ATM right in front of Joe’s Pizza to withdraw money. The pizzas were very, very good. I’ll definitely keep it in mind for my next trip",5,5 months ago,"https://www.google.com/maps/place/Joe's+Pizza/@40.7306597,-74.0021707,17z/data=!4m7!3m6!1s0x89c259924a960df1:0x43b20488619b3f43!8m2!3d40.7306597!4d-74.0021707!9m1!1b1?hl=en"
google_reviews,"Absolutely the BEST cheese pizza in NYC!

Joe’s Pizza is a New York City legend for a reason. The cheese slice here is perfection—crispy, thin crust with just the right amount of chew, tangy tomato sauce, and perfectly melted mozzarella that stretches with every bite. It’s simple, classic, and absolutely addictive.

No frills, just authentic NYC street pizza done right. Whether you're a local or visiting the city for the first time, this is a must-stop. Grab a slice, stand at the counter, and experience what real New York pizza is all about.

Pro tip: don’t overthink it—just get the cheese slice. It’s what they’re famous for, and it never disappoints.",5,11 months ago,"https://www.google.com/maps/place/Joe's+Pizza/@40.7306597,-74.0021707,17z/data=!4m7!3m6!1s0x89c259924a960df1:0x43b20488619b3f43!8m2!3d40.7306597!4d-74.0021707!9m1!1b1?hl=en"
google_reviews,CASH Only! Great classic NY slice. It was a little char and crispy. I would come back.,4,4 months ago,"https://www.google.com/maps/place/Joe's+Pizza/@40.7306597,-74.0021707,17z/data=!4m7!3m6!1s0x89c259924a960df1:0x43b20488619b3f43!8m2!3d40.7306597!4d-74.0021707!9m1!1b1?hl=en"
google_reviews,"Classic NY joint. Best one down in the Village on Carmine but if you're in midtown and you got the hankering,  the Times Square one will do,  but it's often jammed with tourists and had a long line unless it's crappy weather. Get the Sicilian. You won't be disappointed.",5,2 months ago,"https://www.google.com/maps/place/Joe's+Pizza/@40.7306597,-74.0021707,17z/data=!4m7!3m6!1s0x89c259924a960df1:0x43b20488619b3f43!8m2!3d40.7306597!4d-74.0021707!9m1!1b1?hl=en"
google_reviews,Their pizzas weren’t good at all considering all the fame and hype of the chain. It felt like the pizzas you’d find at a school cafeteria. The service and atmosphere were as to be expected for a pizza chain.,3,6 months ago,"https://www.google.com/maps/place/Joe's+Pizza/@40.7306597,-74.0021707,17z/data=!4m7!3m6!1s0x89c259924a960df1:0x43b20488619b3f43!8m2!3d40.7306597!4d-74.0021707!9m1!1b1?hl=en"
google_reviews,Great pizza. Worth queing if in a central location. Great value for money,5,6 months ago,"https://www.google.com/maps/place/Joe's+Pizza/@40.7306597,-74.0021707,17z/data=!4m7!3m6!1s0x89c259924a960df1:0x43b20488619b3f43!8m2!3d40.7306597!4d-74.0021707!9m1!1b1?hl=en"
google_reviews,Got a slice after drinks and there was a small line and nowhere really to eat. The vibe feels very classic new York. The pizza itself was pretty good but I'm giving 4 stars because they didn't warm it up and it tasted a little stale. The fresh cheese slice our friend had was much better. Great price though.,4,a year ago,"https://www.google.com/maps/place/Joe's+Pizza/@40.7306597,-74.0021707,17z/data=!4m7!3m6!1s0x89c259924a960df1:0x43b20488619b3f43!8m2!3d40.7306597!4d-74.0021707!9m1!1b1?hl=en"
google_reviews,Joes was a great slice! We were there later and there was no line and a place to sit.,5,6 months ago,"https://www.google.com/maps/place/Joe's+Pizza/@40.7306597,-74.0021707,17z/data=!4m7!3m6!1s0x89c259924a960df1:0x43b20488619b3f43!8m2!3d40.7306597!4d-74.0021707!9m1!1b1?hl=en"
google_reviews,"Awesome pizza for a good price. Nothing better than a slice of pizza in NYC. Love this spot. It's fast and the white pie is so good I could eat a whole pie. Thin perfect crust, perfect seasoning. Have to leave the city so I don't eat here 5 times a day.",5,10 months ago,"https://www.google.com/maps/place/Joe's+Pizza/@40.7306597,-74.0021707,17z/data=!4m7!3m6!1s0x89c259924a960df1:0x43b20488619b3f43!8m2!3d40.7306597!4d-74.0021707!9m1!1b1?hl=en"
google_reviews,"Great no frills place in the heart of New York.

Famous for appearing in Spiderman 2, this pizza place serves up a bit of nostalgia for movie buffs.

They also have  a ""wall of fame"" of all the famous celebrities who have passed through the doors over the years including Oscar winner Adrien Brody.

Pizza slices are reasonably priced and massive! I didn't try it myself due to allergies however, my family thought it was one of the best margheritas they ever had 🤤",5,10 months ago,"https://www.google.com/maps/place/Joe's+Pizza/@40.7306597,-74.0021707,17z/data=!4m7!3m6!1s0x89c259924a960df1:0x43b20488619b3f43!8m2!3d40.7306597!4d-74.0021707!9m1!1b1?hl=en"
google_reviews,First time in NYC trying Joe's Pizza and we can say we get the hype! The spot is very small and crowded but other than that the service and food is pretty solid!,5,5 months ago,"https://www.google.com/maps/place/Joe's+Pizza/@40.7306597,-74.0021707,17z/data=!4m7!3m6!1s0x89c259924a960df1:0x43b20488619b3f43!8m2!3d40.7306597!4d-74.0021707!9m1!1b1?hl=en"
google_reviews,"It’s decent. It’s not mind blowing or crazy unique, but it tastes pretty good, is iconic, and is easily accessible.",4,5 months ago,"https://www.google.com/maps/place/Joe's+Pizza/@40.7306597,-74.0021707,17z/data=!4m7!3m6!1s0x89c259924a960df1:0x43b20488619b3f43!8m2!3d40.7306597!4d-74.0021707!9m1!1b1?hl=en"
google_reviews,"My friends and I went to Joe's Pizza and tried five different signature slices—each one was delicious! The crust was perfectly crispy, and the toppings were fresh. We had a great time, but the place was pretty crowded. Still, it’s definitely worth it for some of the best pizza in town!",4,a year ago,"https://www.google.com/maps/place/Joe's+Pizza/@40.7306597,-74.0021707,17z/data=!4m7!3m6!1s0x89c259924a960df1:0x43b20488619b3f43!8m2!3d40.7306597!4d-74.0021707!9m1!1b1?hl=en"
google_reviews,"A true example of what NY pizza is and should be. No frills , just a greatvwell made slice.",4,6 months ago,"https://www.google.com/maps/place/Joe's+Pizza/@40.7306597,-74.0021707,17z/data=!4m7!3m6!1s0x89c259924a960df1:0x43b20488619b3f43!8m2!3d40.7306597!4d-74.0021707!9m1!1b1?hl=en"
google_reviews,"🍕 royalty.

Unrivalled and Undefeated.

MVP of the slice game.

Your favourite pizza place’s favourite pizza place.",5,4 months ago,"https://www.google.com/maps/place/Joe's+Pizza/@40.7306597,-74.0021707,17z/data=!4m7!3m6!1s0x89c259924a960df1:0x43b20488619b3f43!8m2!3d40.7306597!4d-74.0021707!9m1!1b1?hl=en"
google_reviews,"I tried all three variations- they were okay if not bland. I was trying to find the flavor and hype especially after not eating all day, it was underwhelming. Nice staff and great New York vibe with some fast service but I wish there were more options and more seasoning in the sauce or something. Price is also pretty good for portion",3,11 months ago,"https://www.google.com/maps/place/Joe's+Pizza/@40.7306597,-74.0021707,17z/data=!4m7!3m6!1s0x89c259924a960df1:0x43b20488619b3f43!8m2!3d40.7306597!4d-74.0021707!9m1!1b1?hl=en"
google_reviews,"Joe's Pizza in Manhattan is an absolute slice of heaven! The moment you sink your teeth into their pizza, you're transported to a world of exquisite flavors and authenticity. The crust? Perfection. Crispy yet chewy, it's the ideal foundation for the flavorful toppings that burst with freshness. The sauce-to-cheese ratio? Spot on. Each bite is a symphony of taste that resonates with anyone craving a true New York-style pizza experience. Joe's Pizza is an iconic establishment that sets the bar high for pizza aficionados everywhere.
While there might not be parking or ample seating, the hustle and bustle adds to its authenticity. It’s a testament to its popularity, where folks line up eagerly for a slice of that renowned pizza. It’s a small sacrifice for the big reward of savoring some of the best pizza the city has to offer.",5,2 years ago,"https://www.google.com/maps/place/Joe's+Pizza/@40.7306597,-74.0021707,17z/data=!4m7!3m6!1s0x89c259924a960df1:0x43b20488619b3f43!8m2!3d40.7306597!4d-74.0021707!9m1!1b1?hl=en"
google_reviews,"I came in with high hopes, but left unsatisfied. I tried 3 slices: cheese, pepperoni, & mozzarella.

The positives:
•Service was quick & easy
•Pizza was moderately priced for its size

The negatives:
•Cash only (atm is available just outside for a $3.50 service fee - ouch)
•Tomato sauce on all 3 slices that we tried were very watery and lacked flavor
•Cheese slice lacked personality
•Pepperoni slice was slightly better but I had grease dripping onto my fingers and hand
•Mozzarella slice was not worth it - couldn’t even taste the [thin] pieces of mozzarella

Overall, I wouldn’t recommend.
Joe’s is definitely overhyped.",2,11 months ago,"https://www.google.com/maps/place/Joe's+Pizza/@40.7306597,-74.0021707,17z/data=!4m7!3m6!1s0x89c259924a960df1:0x43b20488619b3f43!8m2!3d40.7306597!4d-74.0021707!9m1!1b1?hl=en"
google_reviews,We loved Joe’s so much we came twice while in town. It was delicious and affordable. It’s not as cheap as some of the places but you pay for quality. For 4 slices of pizza and three drinks we spent $27. This location is cash only so beware of that. They do have an ATM out front. The staff was super friendly. Highly recommend coming here. Multiple locations throughout the city. I would skip the Times Square location due to the crowds.,5,a year ago,"https://www.google.com/maps/place/Joe's+Pizza/@40.7306597,-74.0021707,17z/data=!4m7!3m6!1s0x89c259924a960df1:0x43b20488619b3f43!8m2!3d40.7306597!4d-74.0021707!9m1!1b1?hl=en"
google_reviews,"We stumbled across this pizza place by accident and by the crowds around it, it seemed to be good! We had slices of cheese, pepperoni and mozzarella and all were delicious! Thin and crispy and cheesy. Cash only with a handy atm out the front. If you’re in the area highly recommend but be prepared to stand and eat outside.",5,4 months ago,"https://www.google.com/maps/place/Joe's+Pizza/@40.7306597,-74.0021707,17z/data=!4m7!3m6!1s0x89c259924a960df1:0x43b20488619b3f43!8m2!3d40.7306597!4d-74.0021707!9m1!1b1?hl=en"
google_reviews,"This is your classic NY slice. It's famously where the original Spider-Man was filmed. Nothing too wild, but it's in a cool part of town. Definitely worth grabbing a slice; the Sicilian was particularly good. Was my wife’s favorite!",5,Edited 9 months ago,"https://www.google.com/maps/place/Joe's+Pizza/@40.7306597,-74.0021707,17z/data=!4m7!3m6!1s0x89c259924a960df1:0x43b20488619b3f43!8m2!3d40.7306597!4d-74.0021707!9m1!1b1?hl=en"
google_reviews,"I had a slice of cheese pizza and it was good.  The crust has a doughier taste than other places that I've tried in Manhattan.  I can see how that might be off-putting for some people, but I liked the different flavor for a change of pace.  The sauce to cheese ratio is great.  It's not my most favorite, but I'd certainly eat it again.  Definitely worth trying if you're in the area.  Just don't go to the one by Times Square.  It's not worth the wait.  Go to one of the other locations.  Even then, expect crowds and plan to eat standing outside.",4,a year ago,"https://www.google.com/maps/place/Joe's+Pizza/@40.7306597,-74.0021707,17z/data=!4m7!3m6!1s0x89c259924a960df1:0x43b20488619b3f43!8m2!3d40.7306597!4d-74.0021707!9m1!1b1?hl=en"
google_reviews,"Best NY pizza? No. But, did I see this place in the Spider-man movie 20+ years ago so sometimes when I visit NYC, I pay too much cash for a mid slice of pepperoni? Yes, yes, I do.",4,9 months ago,"https://www.google.com/maps/place/Joe's+Pizza/@40.7306597,-74.0021707,17z/data=!4m7!3m6!1s0x89c259924a960df1:0x43b20488619b3f43!8m2!3d40.7306597!4d-74.0021707!9m1!1b1?hl=en"
google_reviews,"The Spider-Man pizza — omg — it was so delicious I’d go back for it again and again. It instantly became my favorite! The slices were super hot, thin-crust, with just the right amount of pepperoni and flavorful cheese. The place is small and there’s not much seating, but it’s absolutely worth eating there. One thing to keep in mind: they only accept cash, no cards — so be prepared! I also noticed they don’t serve ketchup with the pizza like we usually do in Mexico, but adding some grated cheese is a nice touch if you want extra flavor. I totally recommend Joe’s Pizza — I really hope I can come back someday!",5,Edited 9 months ago,"https://www.google.com/maps/place/Joe's+Pizza/@40.7306597,-74.0021707,17z/data=!4m7!3m6!1s0x89c259924a960df1:0x43b20488619b3f43!8m2!3d40.7306597!4d-74.0021707!9m1!1b1?hl=en"
google_reviews,"We were staying at the hotel just 2 minutes away and we didn't even know this was the pizza joint from the original spider man movie until we got closer in the queue to order. Really cool though! But regardless, it is simply and so absolutely bizarre the diehard fanatics of this one particular joe's pizza out of the many other similar pizza shops there are in NYC. We only queued up because of the sheer size of the queue and to be honest, it probably wasn't worth the wait. It felt more like an event to queue up and order a pizza from the famous spider-man pizza shop than anything. The staff were super friendly and chatty, and the pizza was pretty good, but it was certainly not worth the 30 minute line up. To everyone who spent half an hour here just for a slice of pizza too, you're insane!",4,a year ago,"https://www.google.com/maps/place/Joe's+Pizza/@40.7306597,-74.0021707,17z/data=!4m7!3m6!1s0x89c259924a960df1:0x43b20488619b3f43!8m2!3d40.7306597!4d-74.0021707!9m1!1b1?hl=en"
google_reviews,"This used to be the prototype in some ways. And I won't lie; this was my first NYC slice because locals said so when I was first visiting in 2003. It style produces a decent slice but all charm is gone. Not unlike the cutt to be honest. But no matter what, I have a soft spot for this location. And more specifically, the slices.",4,9 months ago,"https://www.google.com/maps/place/Joe's+Pizza/@40.7306597,-74.0021707,17z/data=!4m7!3m6!1s0x89c259924a960df1:0x43b20488619b3f43!8m2!3d40.7306597!4d-74.0021707!9m1!1b1?hl=en"
google_reviews,"Still the best.  Used to live nearby and we come back here anytime we come to NYC.

Crust is perfect, just the right amount of crisp and firmness. Slice isn’t too thick so not too filling.  Cheese and sauce are delicious and sauce has good tangy flavour.

Fast service and slices always hot and ready to go because they do so much business.",5,6 months ago,"https://www.google.com/maps/place/Joe's+Pizza/@40.7306597,-74.0021707,17z/data=!4m7!3m6!1s0x89c259924a960df1:0x43b20488619b3f43!8m2!3d40.7306597!4d-74.0021707!9m1!1b1?hl=en"
google_reviews,"Authentic NYC style pizza. Their pizza is so yummy! The absolute best in NYC. Always fresh b/c sells out as soon as it comes out of the oven. Slices are much larger than the midtown location, and there is no long line like midtown. Thin crust, crispy but also chewy. Great sauce and not too salty or hard. Super delicious. Would recommend. Sorry we were so hungry and ate it as soon as it came out of the oven. Therefore didn't think to take photo! Will do next time and add. Three pizza choices: cheese, margarita, pepperoni.",5,6 months ago,"https://www.google.com/maps/place/Joe's+Pizza/@40.7306597,-74.0021707,17z/data=!4m7!3m6!1s0x89c259924a960df1:0x43b20488619b3f43!8m2!3d40.7306597!4d-74.0021707!9m1!1b1?hl=en"
google_reviews,"This is our second visit to Joe’s Pizza. We first tried it in fall 2023, and back then it was great. This time, we had the same pepperoni pizza, but honestly, we don’t think it was worth the long wait. I understand the hype partly comes from its appearance in the Spider-Man movie, but does it really matter if you only see the pizzeria for a few minutes on screen?!",3,8 months ago,"https://www.google.com/maps/place/Joe's+Pizza/@40.7306597,-74.0021707,17z/data=!4m7!3m6!1s0x89c259924a960df1:0x43b20488619b3f43!8m2!3d40.7306597!4d-74.0021707!9m1!1b1?hl=en"
google_reviews,"Great place to get a slice. Kind of iconic for NYC pizza. While I preferred John's down the street, this was very good. I liked how they sold pizza by the slice (John's doesn't do that) but it was inconvenient to have to pay with cash. There is an ATM right next to the entrance but I hate ATM fees. Would recommend though especially if you're hunting for the best NYC pizza.",5,11 months ago,"https://www.google.com/maps/place/Joe's+Pizza/@40.7306597,-74.0021707,17z/data=!4m7!3m6!1s0x89c259924a960df1:0x43b20488619b3f43!8m2!3d40.7306597!4d-74.0021707!9m1!1b1?hl=en"
google_reviews,Ive been wanting this ever since spider-man 2 came out and at long last i was able to say “pizza time”,5,3 months ago,"https://www.google.com/maps/place/Joe's+Pizza/@40.7306597,-74.0021707,17z/data=!4m7!3m6!1s0x89c259924a960df1:0x43b20488619b3f43!8m2!3d40.7306597!4d-74.0021707!9m1!1b1?hl=en"
google_reviews,"Tried Joe’s Pizza (vegan/vegetarian option), and while it was quite basic, it definitely gives you that classic New York slice experience. Nothing fancy, but a must-try at least once when you’re in the city!",5,7 months ago,"https://www.google.com/maps/place/Joe's+Pizza/@40.7306597,-74.0021707,17z/data=!4m7!3m6!1s0x89c259924a960df1:0x43b20488619b3f43!8m2!3d40.7306597!4d-74.0021707!9m1!1b1?hl=en"
google_reviews,"Not worth the hype. We were on vacation from Wisconsin, and came here based on a YouTube recommendation. We were thoroughly disappointed.

I prefer our Midwestern Chicago deep dish pizzas any day :)

Joe's Pizza was bland and people here were rude. The lines were long (I am sure because of the hype), and when we reached the counter, realized that it's cash only??! What?! Why?! It's so popular, and still they don't want to go digital?! There is an ATM outside of the store. Side business maybe? Shady enough for me.

Coming back to the food, the slice was paper-thin and and surely not worth the price of USD 4.50 for a cheese.

We used up all our cash here and still were hungry as before; hungry enough to go next door to Adobo and enjoy a hearty fulfilling and satisfying meal to end our day in New York.",1,6 months ago,"https://www.google.com/maps/place/Joe's+Pizza/@40.7306597,-74.0021707,17z/data=!4m7!3m6!1s0x89c259924a960df1:0x43b20488619b3f43!8m2!3d40.7306597!4d-74.0021707!9m1!1b1?hl=en"
google_reviews,"A classic New York slice done right. Joe’s Pizza is super fast—walk in, grab your slice, and you’re out. It’s cash-only, but the quality makes it worth the stop. They don’t waste a second and still manage to deliver consistently great, high-quality pizza to every customer.",5,5 months ago,"https://www.google.com/maps/place/Joe's+Pizza/@40.7306597,-74.0021707,17z/data=!4m7!3m6!1s0x89c259924a960df1:0x43b20488619b3f43!8m2!3d40.7306597!4d-74.0021707!9m1!1b1?hl=en"
google_reviews,"The pizza was excellent! Somehow it manages to be thin and crispy, but still soft at the same time. Really tasty and satisfying.",5,7 months ago,"https://www.google.com/maps/place/Joe's+Pizza/@40.7306597,-74.0021707,17z/data=!4m7!3m6!1s0x89c259924a960df1:0x43b20488619b3f43!8m2!3d40.7306597!4d-74.0021707!9m1!1b1?hl=en"
google_reviews,I went on a Tuesday around 8:30pm. No lines and delicious pizza!,5,2 months ago,"https://www.google.com/maps/place/Joe's+Pizza/@40.7306597,-74.0021707,17z/data=!4m7!3m6!1s0x89c259924a960df1:0x43b20488619b3f43!8m2!3d40.7306597!4d-74.0021707!9m1!1b1?hl=en"
google_reviews,"Shame on you Joe. Get it together!! 💔 Recently, I had pizza from one of your trucks out in LA that was better than this slice. I don’t care if it’s 1:40 in the morning, that’s your whole thing.",1,Edited 2 months ago,"https://www.google.com/maps/place/Joe's+Pizza/@40.7306597,-74.0021707,17z/data=!4m7!3m6!1s0x89c259924a960df1:0x43b20488619b3f43!8m2!3d40.7306597!4d-74.0021707!9m1!1b1?hl=en"
google_reviews,"What a gem! I looked up the best pizza in NYC, just hoping for a good slice of pie — but this was way better than I expected! I folded the slice, and the mozzarella cheese grease oozed out… pure perfection. Let me tell you — AMAZING! So happy I stumbled upon Joe’s. Can’t wait to come back for another slice of heaven!",5,6 months ago,"https://www.google.com/maps/place/Joe's+Pizza/@40.7306597,-74.0021707,17z/data=!4m7!3m6!1s0x89c259924a960df1:0x43b20488619b3f43!8m2!3d40.7306597!4d-74.0021707!9m1!1b1?hl=en"
google_reviews,"They operate fast for how many people there can be at times. I think it’s definitely living off some Spider-Man hype and fame, it’s a tourist spot. The slices are great New York slices but there are better in the city. Sicilian was alright.",4,a year ago,"https://www.google.com/maps/place/Joe's+Pizza/@40.7306597,-74.0021707,17z/data=!4m7!3m6!1s0x89c259924a960df1:0x43b20488619b3f43!8m2!3d40.7306597!4d-74.0021707!9m1!1b1?hl=en"
google_reviews,"I am so disappointed! Joe’s used to be the best place like 10 years ago and ever since the slices have gotten smaller with less cheese and tomato sauce. Today I ordered a regular slice and there was barely any cheese. The slice was tiny and there was almost no tomato sauce. The crust was also thin, but not a thin crust way - in an anemic New York pizza way. The crust was also burned, but I’m assuming that that might just be a one off. I’m giving food 2 stars because it’s actually worse than just OK. I hope they listen to reviews and up their game. It would be sad to lose such a great New York institution.",2,3 months ago,"https://www.google.com/maps/place/Joe's+Pizza/@40.7306597,-74.0021707,17z/data=!4m7!3m6!1s0x89c259924a960df1:0x43b20488619b3f43!8m2!3d40.7306597!4d-74.0021707!9m1!1b1?hl=en"
google_reviews,"Joe’s Pizza in New York is an iconic spot with a slice that truly lives up to the hype. The thin crust and perfectly balanced sauce make it a must-visit for any pizza lover. Fans of Spider-Man will also appreciate the nostalgic vibe, as the place famously featured in the movies. Whether you’re a local or a tourist, Joe’s serves up a classic New York slice that’s hard to beat. Don’t miss it when you’re in the city!",4,a year ago,"https://www.google.com/maps/place/Joe's+Pizza/@40.7306597,-74.0021707,17z/data=!4m7!3m6!1s0x89c259924a960df1:0x43b20488619b3f43!8m2!3d40.7306597!4d-74.0021707!9m1!1b1?hl=en"
google_reviews,"Small place...pizza was a little too dark on the bottom for my liking...ordered two slices of cheese pizza which were very large in size, but okay...",4,3 months ago,"https://www.google.com/maps/place/Joe's+Pizza/@40.7306597,-74.0021707,17z/data=!4m7!3m6!1s0x89c259924a960df1:0x43b20488619b3f43!8m2!3d40.7306597!4d-74.0021707!9m1!1b1?hl=en"
google_reviews,"After a long day of walking, we enjoyed having Joe’s Pizza for dinner! Slices are quite big and $4 dlls each, take into account they only accept cash tho, there’s an ATM right outside. Place is busy but goes and comes, there’s also all types of spices and sauces you can add in the tables.",5,11 months ago,"https://www.google.com/maps/place/Joe's+Pizza/@40.7306597,-74.0021707,17z/data=!4m7!3m6!1s0x89c259924a960df1:0x43b20488619b3f43!8m2!3d40.7306597!4d-74.0021707!9m1!1b1?hl=en"
google_reviews,"I have no idea why anyone thinks this place is special. It's the same quality as any other slice shop but smaller and with longer lines. There are a thousand places in NYC to get a similar slice. Its fine, nothing wrong with it, but its just average.",3,4 months ago,"https://www.google.com/maps/place/Joe's+Pizza/@40.7306597,-74.0021707,17z/data=!4m7!3m6!1s0x89c259924a960df1:0x43b20488619b3f43!8m2!3d40.7306597!4d-74.0021707!9m1!1b1?hl=en"
google_reviews,"Unpleasant. I recently visited Joe's Pizza, and unfortunately, it did not live up to the hype. Bedford's rule. The place was quite dirty, and the staff seemed indifferent, which made the overall experience unpleasant. It felt like they were relying on their reputation rather than delivering quality service or food. The pizza itself was underwhelming, lacking the flavor and quality I expected. It's clear that they’re popular, but I was left with the impression that they don’t really care about the customer experience anymore. I wouldn't recommend going out of your way to eat here.",1,a year ago,"https://www.google.com/maps/place/Joe's+Pizza/@40.7306597,-74.0021707,17z/data=!4m7!3m6!1s0x89c259924a960df1:0x43b20488619b3f43!8m2!3d40.7306597!4d-74.0021707!9m1!1b1?hl=en"
google_reviews,"New york style pizza that was mentioned in the Toby Maguire Spiderman. Located near one of the metro, serving pizza, quick and easy.
There are some tall tables outside the restaurant. The food came very fast, just hand the money and they hand you the food.",5,a year ago,"https://www.google.com/maps/place/Joe's+Pizza/@40.7306597,-74.0021707,17z/data=!4m7!3m6!1s0x89c259924a960df1:0x43b20488619b3f43!8m2!3d40.7306597!4d-74.0021707!9m1!1b1?hl=en"
google_reviews,Worth the wait and exactly what you want when someone ask to taste NY pizza.,5,6 months ago,"https://www.google.com/maps/place/Joe's+Pizza/@40.7306597,-74.0021707,17z/data=!4m7!3m6!1s0x89c259924a960df1:0x43b20488619b3f43!8m2!3d40.7306597!4d-74.0021707!9m1!1b1?hl=en"
google_reviews,"A true NYC legend—and it deserves the title. Perfect flavor, crisp crust, and exactly what you want from a New York slice. The staff at the West Village location were especially kind and welcoming, chido carnales. Just note it’s cash only, and depending on the time it can get crowded—but absolutely worth it.",5,7 months ago,"https://www.google.com/maps/place/Joe's+Pizza/@40.7306597,-74.0021707,17z/data=!4m7!3m6!1s0x89c259924a960df1:0x43b20488619b3f43!8m2!3d40.7306597!4d-74.0021707!9m1!1b1?hl=en"
google_reviews,"Known from spiderman, is Joe's pizza. I think it hasn't had the same owner for a long time and it's a bit of an unattractive place to look at. But friendly staff and the pizza was very tasty. We took the large pizza pepperoni and had just enough to eat with 2 adults and 2 children. You can only sit inside with 2 people so take pizza with you and eat it in the nearby park (recommended) Note that you can only pay with cash.",4,Edited 11 months ago,"https://www.google.com/maps/place/Joe's+Pizza/@40.7306597,-74.0021707,17z/data=!4m7!3m6!1s0x89c259924a960df1:0x43b20488619b3f43!8m2!3d40.7306597!4d-74.0021707!9m1!1b1?hl=en"
google_reviews,Amazing cheese slice. It was a melt in your mouth slice of pizza! Must hit pizza spot if folks visit NYC! At $4 for a cheese slice it's just incredible value.,5,11 months ago,"https://www.google.com/maps/place/Joe's+Pizza/@40.7306597,-74.0021707,17z/data=!4m7!3m6!1s0x89c259924a960df1:0x43b20488619b3f43!8m2!3d40.7306597!4d-74.0021707!9m1!1b1?hl=en"
google_reviews,"Our reviews had over 52 million views last year.  We do not get paid we just love to eat and have fun.  We really loved Joe's.  We are very picky when it comes to pizza but this is top 3 in NYC for sure.  Very small place with no tables, but 4 stools you can use if you must.  We prefer to go across the street to the park to eat like most people do who come here.  Very short menu.  Just a few slices (round or square) and just a few flavors.  I tried almost all of them and they were all awesome.  I love square, she loves round.  Both were super good.  She liked the plain cheese pie best, I liked the pepperoni.  THIS IS THE BEST PIZZA IN NYC FOR SURE.  WE ARE NYC BROOKLYN NATIVES.  Check out all of our reviews. If we do not like it we do no review it so all of the ones you see are places that are fantastic. Follow us if you like. We had over 36 million views so far this year and we thank you for that. We don't get paid, we just love to eat. Be sure to click on ""RobH"" at the top of this review to see all of them and to follow us if you like good food and FUN.  If we do a review it is because we love it.",5,Edited a year ago,"https://www.google.com/maps/place/Joe's+Pizza/@40.7306597,-74.0021707,17z/data=!4m7!3m6!1s0x89c259924a960df1:0x43b20488619b3f43!8m2!3d40.7306597!4d-74.0021707!9m1!1b1?hl=en"
google_reviews,"Go to see the Spider-Man sign, stay long enough for very average pizza. Also, it’s cash only.",2,4 months ago,"https://www.google.com/maps/place/Joe's+Pizza/@40.7306597,-74.0021707,17z/data=!4m7!3m6!1s0x89c259924a960df1:0x43b20488619b3f43!8m2!3d40.7306597!4d-74.0021707!9m1!1b1?hl=en"
google_reviews,"So much good can be said about this classic New York pizza shop. Joe's is a spot where your slice (or pie) is exactly as good as the last time, and the time before that, every time.

The restaurant is located in the heart of Greenwich Village, so you can expect a lively and fun atmosphere every time you stop by.

As there is limited seating, if the weather is nice, grab your pizza and head over to nearby Washington Square Park and take in the iconic views served up by Mother Nature while you enjoy the greatness of Joe's.

As an added bonus and If you're lucky, you just might run into a local NYC celebrity. During my recent visit, I had the pleasure of meeting both Matt Damon and Adrien Brody! Super nice guys who enjoy a classic New York pizza. Very cool and without a massive entourage.

*Joe's is cash only- don't forget to bring cash or there will be no pizza for you!",5,Edited a year ago,"https://www.google.com/maps/place/Joe's+Pizza/@40.7306597,-74.0021707,17z/data=!4m7!3m6!1s0x89c259924a960df1:0x43b20488619b3f43!8m2!3d40.7306597!4d-74.0021707!9m1!1b1?hl=en"
google_reviews,"I've heard about this spot and finally decided to stop by. Is it the best NYC pizza, no, but it is not bad at all either. Fast pace, tight environment & perfect for a quick bite. The pizza is really good, especially of fresh off of the oven.",3,a year ago,"https://www.google.com/maps/place/Joe's+Pizza/@40.7306597,-74.0021707,17z/data=!4m7!3m6!1s0x89c259924a960df1:0x43b20488619b3f43!8m2!3d40.7306597!4d-74.0021707!9m1!1b1?hl=en"
google_reviews,"Truly spectacular. The line moves very fast so you won’t have to wait for that long. Really deserves the hype. Wanted to eat here each day we were in New York! Especially liked the pne with mushrooms, pepperoni and red onions.",5,3 years ago,"https://www.google.com/maps/place/Joe's+Pizza/@40.7306597,-74.0021707,17z/data=!4m7!3m6!1s0x89c259924a960df1:0x43b20488619b3f43!8m2!3d40.7306597!4d-74.0021707!9m1!1b1?hl=en"
google_reviews,"Another five star New York pizza joint.  The place is small, but service was fast and we did find a small table to stand out outside, but don’t expect to place to sit.  It’s cash link, but if you forget, there’s an ATM right outside.

The pizza was outstanding and they sell it by the slice.  The prices are better than a lot of places with much poorer quality pizza.  I say that and all they had when I was in there was pepperoni and cheese so if you want something other than that, you’re probably gonna have to order the whole pie.  Had to walk a good way for my hotel to get here, but it was worth the walk.",5,a year ago,"https://www.google.com/maps/place/Joe's+Pizza/@40.7306597,-74.0021707,17z/data=!4m7!3m6!1s0x89c259924a960df1:0x43b20488619b3f43!8m2!3d40.7306597!4d-74.0021707!9m1!1b1?hl=en"
google_reviews,"Good New york pizza ! No seating area, only the standing table are available and they have only 2 tables in front of the shop and one counter inside. Fresh made pizza all the time. You can wait for the new one come out from the oven and get your pizza. Not expensive and taste good. Really enjoy to stop by for NYC pizza. They have other location you can try.",5,2 years ago,"https://www.google.com/maps/place/Joe's+Pizza/@40.7306597,-74.0021707,17z/data=!4m7!3m6!1s0x89c259924a960df1:0x43b20488619b3f43!8m2!3d40.7306597!4d-74.0021707!9m1!1b1?hl=en"
google_reviews,"Listen, I’ve lived in upstate New York 23/24 years of my life. And joes pizza is the best pizza I’ve ever had. And probably will ever have. It’s just so good. All the hype is true. You want a New York slice? Come to joes. That’s it. Don’t get nowhere else come here and only here. I’m 440 pounds no joke I know my pizza.",5,7 months ago,"https://www.google.com/maps/place/Joe's+Pizza/@40.7306597,-74.0021707,17z/data=!4m7!3m6!1s0x89c259924a960df1:0x43b20488619b3f43!8m2!3d40.7306597!4d-74.0021707!9m1!1b1?hl=en"
google_reviews,"Very nice slice of pizza! They didn't have a pepperoni slice on hand so they tossed one in the oven and it came out hot and fresh. Once it cooled down, I got to dig in and wow! Really impressed. The spice of the pepperoni comes through and it was very satisfying. Just remember to take your time and don't burn your mouth because of the anticipation.",5,3 years ago,"https://www.google.com/maps/place/Joe's+Pizza/@40.7306597,-74.0021707,17z/data=!4m7!3m6!1s0x89c259924a960df1:0x43b20488619b3f43!8m2!3d40.7306597!4d-74.0021707!9m1!1b1?hl=en"
google_reviews,"This is a legendary pizza spot in NYC. One that defines what a NYC pizza slice is. While I respect the place’s importance and story, one can expect that the pizza is above average from the regular dollar pizza, and honestly, to me, it is not. It does come out very fresh and hot, but that’s it. Also, the place is always crowded and gets smaller than it is. It’s still worth a slice for the fun of it, though.",3,3 years ago,"https://www.google.com/maps/place/Joe's+Pizza/@40.7306597,-74.0021707,17z/data=!4m7!3m6!1s0x89c259924a960df1:0x43b20488619b3f43!8m2!3d40.7306597!4d-74.0021707!9m1!1b1?hl=en"
google_reviews,"I tried a lot of different pizza spots in the city, but this spot is so unique and special! I highly recommend having a bite as soon as you get it rather than having it as takeouts. It is so good when it is hot, and gets cold quickly because it is thin!",5,4 years ago,"https://www.google.com/maps/place/Joe's+Pizza/@40.7306597,-74.0021707,17z/data=!4m7!3m6!1s0x89c259924a960df1:0x43b20488619b3f43!8m2!3d40.7306597!4d-74.0021707!9m1!1b1?hl=en"
google_reviews,"Joe's Pizza is a long-time staple of New York.  There is generally a line for service that stretches out the door, but you are served quickly and efficiently. The pizza has a thin crust with delicious sauce. The pieces are very generous.  I can see why so many people love it. There isn't much seating inside (2 tables and 3 chairs at a counter), but there is a park across the street with ample benches. Only cash is accepted for their pizza and drinks.",5,a year ago,"https://www.google.com/maps/place/Joe's+Pizza/@40.7306597,-74.0021707,17z/data=!4m7!3m6!1s0x89c259924a960df1:0x43b20488619b3f43!8m2!3d40.7306597!4d-74.0021707!9m1!1b1?hl=en"
google_reviews,"The OG spot where Spider-Man(Tobey McGuire one was shot). The downside was that this location in particular, they didn’t accept cards which is weird seeing lot of tourists come here.",3,6 months ago,"https://www.google.com/maps/place/Joe's+Pizza/@40.7306597,-74.0021707,17z/data=!4m7!3m6!1s0x89c259924a960df1:0x43b20488619b3f43!8m2!3d40.7306597!4d-74.0021707!9m1!1b1?hl=en"
google_reviews,We ate here on our first trip to New York. We were just trying to get out of the rain and thought we would try them out. The pizza was delicious! Loved the famous people photos who had ate there on the wall. I would recommend this to anyone visiting New York. This location is close to One World Trade.,5,2 years ago,"https://www.google.com/maps/place/Joe's+Pizza/@40.7306597,-74.0021707,17z/data=!4m7!3m6!1s0x89c259924a960df1:0x43b20488619b3f43!8m2!3d40.7306597!4d-74.0021707!9m1!1b1?hl=en"
google_reviews,"The Eiffel Tower is one of the most iconic landmarks in the world and an absolute must-see when visiting Paris. The impressive iron structure looks even more spectacular in person than in photos. Whether you admire it from the park, walk around its base, or visit the viewing platforms, the experience is truly unforgettable.

Especially at night, when the tower is illuminated, the atmosphere becomes magical. At every full hour, the Eiffel Tower sparkles with golden lights for about six minutes, creating a breathtaking view that looks like the entire tower is glittering. It’s a beautiful moment and perfect for unforgettable photos and videos.",5,a month ago,"https://www.google.com/maps/place/Eiffel+Tower/@48.8583701,2.2944813,17z/data=!4m7!3m6!1s0x47e66e2964e34e2d:0x8ddca9ee380ef7e0!8m2!3d48.8583701!4d2.2944813!9m1!1b1?hl=en"
google_reviews,"I recently visited the Eiffel Tower and had an amazing experience. I went all the way up, and the view from the top was absolutely spectacular. Seeing Paris from such a height was unforgettable — you can admire the city’s beautiful layout, the Seine River, and many famous landmarks from above.

The service was excellent as well. The staff were organized and helpful, and everything was well managed despite the large number of visitors. The elevators worked efficiently and the whole visit felt smooth and enjoyable.

Overall, it was a fantastic experience and definitely one of the highlights of my trip to Paris. I highly recommend visiting the Eiffel Tower and going up to the top if you have the chance!",5,a month ago,"https://www.google.com/maps/place/Eiffel+Tower/@48.8583701,2.2944813,17z/data=!4m7!3m6!1s0x47e66e2964e34e2d:0x8ddca9ee380ef7e0!8m2!3d48.8583701!4d2.2944813!9m1!1b1?hl=en"
google_reviews,"Visiting the Eiffel Tower in Paris was truly an unforgettable experience. This iconic landmark is even more impressive in person, standing tall with incredible architecture and offering breathtaking views of the beautiful city of Paris.

The surrounding area is lively, clean, and well-organized, making it a great place to walk around, take photos, and enjoy the atmosphere. Seeing the tower up close was absolutely stunning, and the views from the top are spectacular, giving a panoramic look over the entire city.

The visit was well worth it, and everything from the facilities to the overall organization was excellent. It is a must-visit destination for anyone traveling to Paris.

Overall, my experience at the Eiffel Tower was fantastic. It’s a remarkable landmark that perfectly represents the beauty and charm of Paris. Highly recommended for visitors from all around the world.",5,a month ago,"https://www.google.com/maps/place/Eiffel+Tower/@48.8583701,2.2944813,17z/data=!4m7!3m6!1s0x47e66e2964e34e2d:0x8ddca9ee380ef7e0!8m2!3d48.8583701!4d2.2944813!9m1!1b1?hl=en"
google_reviews,"I visited Paris about 10 years ago with only a very limited time to see this iconic structure. My visit this time was less constrained and I had the opportunity to spend lots of time to see the Eiffel tower both day and night. Millions of visitors have marveled at the tower since it was erected in 1889 and for good reason - it is an astonishingly beautiful and captivating work of artistry and industrial design in a grand scale. It is instantly recognized by virtually everyone on the planet and is emblematic of Paris. The shape, the scale, the location. It is, of course, impossible to appreciate how striking any man made structure is without seeing it in person, but this seems every more so with the Eiffel Tower. The placement in the middle of the city of a massive structure, next to the Seine on one side and large amounts of open space on the other. The lights at night and the five minutes of flashing highlights at the top of each hour reflecting on the water. I don't think that there's anything else in the world that compares - Houses of Parliament, Sagrada Familia, Westminster Abbey, the Parthenon, St. Peter's Basilica, any number of massive towers in the middle and far east or the U.S., the Pyramids (ok - I haven't seen them, but they're fundamentally different). It has to be seen. Plan to visit and pass by several times in the day in night. Epic, iconic.",5,3 months ago,"https://www.google.com/maps/place/Eiffel+Tower/@48.8583701,2.2944813,17z/data=!4m7!3m6!1s0x47e66e2964e34e2d:0x8ddca9ee380ef7e0!8m2!3d48.8583701!4d2.2944813!9m1!1b1?hl=en"
google_reviews,"my experience here wasn’t very good, first because it feels quite dangerous, there are many pickpockets and also many sellers who force you to buy their things. there are a lot of people here, i recommend just enjoying the moment by sitting on the grass, it might be a bit hard to find a quiet spot to take photos. i didn’t go inside, only saw it from the outside. oh but i think it looks more beautiful at night than during the day haha. actually the building is beautiful and i like the atmosphere, it’s just that my experience wasn’t good",4,a month ago,"https://www.google.com/maps/place/Eiffel+Tower/@48.8583701,2.2944813,17z/data=!4m7!3m6!1s0x47e66e2964e34e2d:0x8ddca9ee380ef7e0!8m2!3d48.8583701!4d2.2944813!9m1!1b1?hl=en"
google_reviews,"It doesn’t feel like a real trip to Paris if you don’t visit the Eiffel Tower. It’s truly one of the world’s most iconic architectural landmarks and something everyone should see at least once in their lifetime.

The tower is beautiful both during the day and at night. In the daytime, you can really admire its structure and design. it’s amazing to think how engineers were able to build something like this so long ago. At night, the atmosphere completely changes, especially when the tower starts sparkling. It feels magical.

We decided to go up inside the tower, and it was a totally different experience seeing the Eiffel Tower from above. You get an incredible 360-degree view of Paris. If you’re afraid of heights or don’t want to climb the stairs, don’t worry, there’s a large elevator that takes many people at once.

An unforgettable experience and absolutely a must-visit in Paris.",5,2 months ago,"https://www.google.com/maps/place/Eiffel+Tower/@48.8583701,2.2944813,17z/data=!4m7!3m6!1s0x47e66e2964e34e2d:0x8ddca9ee380ef7e0!8m2!3d48.8583701!4d2.2944813!9m1!1b1?hl=en"
google_reviews,"What an incredible piece of engineering! It’s truly a majestic steel structure. From a distance, it looks nice, but as you get closer, it becomes absolutely stunning. Standing under the tower, you can really feel how massive and impressive it is. It’s truly a masterpiece with detailed and brilliant engineering.
Going to the top of the tower is an amazing experience. The night view is breathtaking. All of Paris glitters beautifully at night, and the scenery is unforgettable. The 5-minute sparkling light show is absolutely worth waiting an hour for.
Now I truly understand why this tower is so famous all over the world.",5,2 months ago,"https://www.google.com/maps/place/Eiffel+Tower/@48.8583701,2.2944813,17z/data=!4m7!3m6!1s0x47e66e2964e34e2d:0x8ddca9ee380ef7e0!8m2!3d48.8583701!4d2.2944813!9m1!1b1?hl=en"
google_reviews,"We visited the Eiffel Tower on Saturday and arrived in the afternoon while it was still daylight. We stayed until sunset and then spent some more time in the area until the tower was beautifully illuminated and began to sparkle with its glittering lights. It was truly a special experience.

We were very lucky with the weather, which made the visit even more enjoyable. Overall, we can highly recommend it to everyone. The Eiffel Tower is simply a must when visiting Paris. It is the city’s landmark and looks truly majestic, impressive, and almost epic in real life.

It is also very interesting from an architectural point of view. The engineer behind the Eiffel Tower was also involved in the construction of the Statue of Liberty in New York, which gives it even more significance. The design and construction are truly fascinating.

No matter from which perspective you look at it, the Eiffel Tower looks different every time, yet always impressive. That is why it is worth seeing both during the day and at night.

A tip for an even better view: It is worth crossing the bridge to the other side of the Seine. From there, you get a great overall view of the Eiffel Tower and can take beautiful photos and videos.

An absolute highlight and highly recommended.",5,3 months ago,"https://www.google.com/maps/place/Eiffel+Tower/@48.8583701,2.2944813,17z/data=!4m7!3m6!1s0x47e66e2964e34e2d:0x8ddca9ee380ef7e0!8m2!3d48.8583701!4d2.2944813!9m1!1b1?hl=en"
google_reviews,"The heart and soul of Paris – truly unforgettable
The Eiffel Tower is not just a monument, it is the symbol of Paris and France. Built in 1889, this iconic tower is absolutely breathtaking both during the day and at night. Seeing it in person feels very different from photos — the size, design, and presence are truly impressive.
The views from around the tower, especially from Champ de Mars, are stunning. At night, when the tower sparkles every hour, the atmosphere becomes magical and unforgettable. Even in the cold season, the experience is amazing and worth it.
The area is well organized, lively, and full of positive energy. Whether you go up the tower or just enjoy it from outside, it’s a once-in-a-lifetime experience. A must-visit attraction for anyone coming to Paris. Highly recommended!",5,3 months ago,"https://www.google.com/maps/place/Eiffel+Tower/@48.8583701,2.2944813,17z/data=!4m7!3m6!1s0x47e66e2964e34e2d:0x8ddca9ee380ef7e0!8m2!3d48.8583701!4d2.2944813!9m1!1b1?hl=en"
google_reviews,"The Eiffel Tower is a true masterpiece of engineering and the views of Paris from the top are simply breathtaking. It is definitely a bucket list location for every traveler. I give it four stars because the security lines are incredibly long and the crowds can be overwhelming even on weekdays. The elevators are slow, but once you reach the summit, the panorama makes you forget the wait. It is a legendary monument that requires a lot of patience, but the experience is still very much worth it. Just be prepared for the tourist rush and many street vendors around the base of the tower.",4,a month ago,"https://www.google.com/maps/place/Eiffel+Tower/@48.8583701,2.2944813,17z/data=!4m7!3m6!1s0x47e66e2964e34e2d:0x8ddca9ee380ef7e0!8m2!3d48.8583701!4d2.2944813!9m1!1b1?hl=en"
google_reviews,"Glad to see one of the 7 wondes of the world. Reaching the tip of the tower with entry fee is worth seeing the beautiful view of Paris, scenic beauty, gardens, historical church and the river nearby.

The iconic epic tower has different in a day - early morning with mild snow has a different view, with sunlight it's ever clear and when it is dar the view is awesome.

Banjor PARIS🗼",5,a month ago,"https://www.google.com/maps/place/Eiffel+Tower/@48.8583701,2.2944813,17z/data=!4m7!3m6!1s0x47e66e2964e34e2d:0x8ddca9ee380ef7e0!8m2!3d48.8583701!4d2.2944813!9m1!1b1?hl=en"
google_reviews,"The Eiffel Tower is honestly better in real life than in photos. You think you’ve seen it enough already, but standing there still feels impressive. It’s huge, but somehow not heavy or overwhelming.

The area around it is relaxed. People sit around, talk, take photos, or just chill on the grass. Walking around the tower is nice because every angle looks a bit different, so you don’t feel rushed to leave after one picture.

I went close to sunset and that was the best choice. The view from above is simple but beautiful — rooftops, long streets, and the city stretching out in every direction. Nothing fancy, just very Paris.

At night, when the tower starts sparkling, it hits differently. It’s crowded, yes, but for a few minutes everyone just stops and looks. That moment alone makes the visit worth it.

Not a hidden gem, not a quiet place, but still something you should see at least once.",5,4 months ago,"https://www.google.com/maps/place/Eiffel+Tower/@48.8583701,2.2944813,17z/data=!4m7!3m6!1s0x47e66e2964e34e2d:0x8ddca9ee380ef7e0!8m2!3d48.8583701!4d2.2944813!9m1!1b1?hl=en"
google_reviews,"An iconic experience that truly lives up to the hype

Visiting the Eiffel Tower was an unforgettable highlight of my trip to Paris. Seeing it in person for the first time is breathtaking — no photo can fully capture its elegance, scale, and beauty. Whether viewed from a distance or up close, it feels magical.
Going up the tower offers stunning panoramic views of the entire city. Paris looks absolutely incredible from above, especially at sunset when the city slowly lights up. The experience feels smooth and well organized, and the staff were friendly and professional throughout the visit.

What makes the Eiffel Tower even more special is the atmosphere around it. The surrounding gardens, the Seine nearby, and the lively energy of visitors from all over the world create a memorable and joyful experience. When the tower sparkles at night, it feels truly magical and romantic.

The Eiffel Tower is more than just a landmark — it’s a symbol of Paris and a must-see experience. Whether it’s your first visit or a return trip, it’s an inspiring moment that stays with you long after you leave. Highly recommended for everyone visiting Paris.",5,4 months ago,"https://www.google.com/maps/place/Eiffel+Tower/@48.8583701,2.2944813,17z/data=!4m7!3m6!1s0x47e66e2964e34e2d:0x8ddca9ee380ef7e0!8m2!3d48.8583701!4d2.2944813!9m1!1b1?hl=en"
google_reviews,"•	No ticket needed: You don’t have to buy a ticket to enter the tower or queue for elevators—just pick a great external vantage and you’re free to shoot at your own pace.
•	Excellent photo spots nearby: Many well-documented locations give iconic Tower views from outside—e.g., Rue de l’Université, Rue de Buenos‑Aires, Avenue de Camoëns. These spots are highlighted in photographer guides as “hidden” or less-crowded alternatives.  ￼
•	Flexible timing: Because you’re not tied to a ticket time, you can go early morning, late evening, or at twilight to capture different lighting and mood.
•	Lower cost: Skipping entrance means saving time and money, and focusing instead on the view and atmosphere.
•	Great for casual or photographic visits: If your priority is the Tower in your photo, rather than ascending it, this approach works perfectly.

⸻

⚠️ What to keep in mind
•	You miss the “inside” experience: You won’t go up into the tower, see its internal architecture, or get panoramic views from heights—it’s purely an “outside vantage” experience.
•	Crowds/lines possible at popular spots: Even external photo spots can be crowded (especially the very popular ones like Trocadéro or Rue de l’Université). Some guides warn of “many people” even at street viewpoints.  ￼
•	Lighting & viewpoint selection matter: Good photos depend heavily on time of day, weather, background composition (street, river, buildings). If you go at the wrong time you may get harsh light or less dramatic angle.
•	Expect standard viewpoint, not “secret”: Many external spots now appear in photo-spot guides and social media; so while you’re not entering the tower, you might share the view with others.
•	Still some cost/time: If you go out for the trip, you’ll still invest time (walking, transport) to reach a good baseline vantage.",5,6 months ago,"https://www.google.com/maps/place/Eiffel+Tower/@48.8583701,2.2944813,17z/data=!4m7!3m6!1s0x47e66e2964e34e2d:0x8ddca9ee380ef7e0!8m2!3d48.8583701!4d2.2944813!9m1!1b1?hl=en"
google_reviews,"Visiting the Eiffel Tower was truly an unforgettable experience. From the moment I saw it rising above the Paris skyline, I understood why it is one of the most famous landmarks in the world. The structure is even more impressive in person, with its intricate iron design and grand scale that photos simply cannot fully capture.

The atmosphere around the tower is lively and welcoming, with street performers, small vendors, and beautiful green spaces nearby. The process to go up was well organized, and the staff were helpful and professional. Once at the top, the panoramic view of Paris was absolutely breathtaking. You can see the Seine River winding through the city, historic buildings stretching into the distance, and iconic monuments dotting the skyline.

I especially recommend visiting in the late afternoon so you can enjoy the view in daylight and stay to watch the tower sparkle at night. The lights create a magical ambiance that makes the entire experience feel romantic and special. Whether you are traveling with family, friends, or a partner, this is a must-visit attraction in Paris.",5,2 months ago,"https://www.google.com/maps/place/Eiffel+Tower/@48.8583701,2.2944813,17z/data=!4m7!3m6!1s0x47e66e2964e34e2d:0x8ddca9ee380ef7e0!8m2!3d48.8583701!4d2.2944813!9m1!1b1?hl=en"
google_reviews,"A great historic place.  Day view and night view is entirely different. Can climb upto the top with lift acess. Lights up at the night with light shows focusing the tower. A must view while at France.
But the area is very poorly maintained with lots of waste materials and food waste from the local fodd sellers and others selling items around the tower.
Parking is also very poorly maintained.",4,2 months ago,"https://www.google.com/maps/place/Eiffel+Tower/@48.8583701,2.2944813,17z/data=!4m7!3m6!1s0x47e66e2964e34e2d:0x8ddca9ee380ef7e0!8m2!3d48.8583701!4d2.2944813!9m1!1b1?hl=en"
google_reviews,"The place does have its own charm. Expect it to be crowded and be attentive/look out for pick pockets.

Personal suggestion; visit at night time. Looks more beautiful..

If you're planning to visit the tower decks, do buy tickets well in advance.",5,4 months ago,"https://www.google.com/maps/place/Eiffel+Tower/@48.8583701,2.2944813,17z/data=!4m7!3m6!1s0x47e66e2964e34e2d:0x8ddca9ee380ef7e0!8m2!3d48.8583701!4d2.2944813!9m1!1b1?hl=en"
google_reviews,"Our family visit to the Eiffel Tower was a truly magical and unforgettable experience. As we approached the iconic monument, its towering presence and elegant iron lattice structure immediately filled us with awe. Seeing the Eiffel Tower in person—something we had admired in countless photos—felt like a dream come true.

The atmosphere around the tower was vibrant, with visitors from all over the world. The moment we stepped into the lift and began our ascent, the excitement grew. Reaching the viewing decks, we were greeted with breathtaking panoramic views of Paris—its historic buildings, the Seine River, and beautifully planned boulevards stretching into the distance. Watching the city from such a height was a moment of pure wonder for every member of our family.

We spent time exploring each level, taking photos, and simply enjoying the beauty of the surroundings. My son was thrilled, especially when the tower lit up at dusk. The sparkling lights created an enchanting ambiance that made the evening feel truly special.

The entire experience—from strolling through the Champ de Mars to standing at the top of one of the world’s most famous monuments—brought our family closer and created memories we will cherish forever. The Eiffel Tower is not just an architectural marvel; it is a symbol of love, joy, and unforgettable moments.

Our visit reminded us why it remains one of the most beloved landmarks in the world. A perfect family outing and a highlight of our Paris trip.",5,3 months ago,"https://www.google.com/maps/place/Eiffel+Tower/@48.8583701,2.2944813,17z/data=!4m7!3m6!1s0x47e66e2964e34e2d:0x8ddca9ee380ef7e0!8m2!3d48.8583701!4d2.2944813!9m1!1b1?hl=en"
google_reviews,I get why it’s the most popular landmark. The views are amazing. If you want to save money prepare to climb stairs. Otherwise there is an elevator ticket for a little bit higher price. But its all worth it because of the views. 10/10,5,2 months ago,"https://www.google.com/maps/place/Eiffel+Tower/@48.8583701,2.2944813,17z/data=!4m7!3m6!1s0x47e66e2964e34e2d:0x8ddca9ee380ef7e0!8m2!3d48.8583701!4d2.2944813!9m1!1b1?hl=en"
google_reviews,"Obviously a must see for anyone visiting Paris. The view is unbeatable, and so beautiful at night as well.

The wind is not bad at all, and not as cold as I expected either, despite having visited in January.

It is a one of a kind experience and just as amazing as my partner and I expected.

I would 100% recommend this.",5,3 months ago,"https://www.google.com/maps/place/Eiffel+Tower/@48.8583701,2.2944813,17z/data=!4m7!3m6!1s0x47e66e2964e34e2d:0x8ddca9ee380ef7e0!8m2!3d48.8583701!4d2.2944813!9m1!1b1?hl=en"
google_reviews,"An unforgettable evening at the Eiffel Tower. The view from the second floor over the vibrant, never-sleeping city of Paris was simply breathtaking. Walking down the stairs was surprisingly fun and offered a unique way to experience the tower up close. Seeing the Eiffel Tower beautifully illuminated at night was truly magical. The smaller evening crowds made the whole experience even more special and enjoyable",5,3 months ago,"https://www.google.com/maps/place/Eiffel+Tower/@48.8583701,2.2944813,17z/data=!4m7!3m6!1s0x47e66e2964e34e2d:0x8ddca9ee380ef7e0!8m2!3d48.8583701!4d2.2944813!9m1!1b1?hl=en"
google_reviews,"At the moment the 3rd platform is closed for renovations but the view from the 1st and 2nd is still awesome. It was a pretty clear day and I could see all of Paris! It was fun spotting all the monuments, especially through the viewing telescopes. It wasn't that busy because it is February and the queues were quick. There was a bag check which is standard. Standing underneath it was amazing too and there's lots of seating available. The only downside was that some of the gift shop staff were a bit stern and not  very friendly. Overall though it was a good experience. I highly recommend buying tickets in advance.",5,2 months ago,"https://www.google.com/maps/place/Eiffel+Tower/@48.8583701,2.2944813,17z/data=!4m7!3m6!1s0x47e66e2964e34e2d:0x8ddca9ee380ef7e0!8m2!3d48.8583701!4d2.2944813!9m1!1b1?hl=en"
google_reviews,"An unforgettable experience!
The Eiffel Tower truly lives up to its reputation. Whether you visit during the day or at sunset, the views over Paris are absolutely stunning. I recommend going around sunset so you can enjoy both the daylight view and the beautiful sparkling lights that start after dark (every hour on the hour).

The area is easy to access by metro—Trocadéro and Bir-Hakeim stations are the most convenient. From Trocadéro, you get one of the best vantage points for photos. Security checks are smooth, and the walking paths around the tower are well-organized for families and tourists.

If you want to go up, it’s best to book tickets online in advance to avoid the long lines. There are elevators for all levels, and stairs are available if you enjoy a bit of a workout. The Champ de Mars behind the tower is perfect for relaxing, taking pictures, or having a picnic.

Overall, the Eiffel Tower is a must-see landmark—beautiful, accessible, and unforgettable both during the day and at night.",5,5 months ago,"https://www.google.com/maps/place/Eiffel+Tower/@48.8583701,2.2944813,17z/data=!4m7!3m6!1s0x47e66e2964e34e2d:0x8ddca9ee380ef7e0!8m2!3d48.8583701!4d2.2944813!9m1!1b1?hl=en"
google_reviews,It was a lovely experience. I didn't get to enter the tower though but I had fun touring the area and environs. Had some fun also at the park with live music and great vibes. I spent most of the day exploring and sampling street the food.,3,4 months ago,"https://www.google.com/maps/place/Eiffel+Tower/@48.8583701,2.2944813,17z/data=!4m7!3m6!1s0x47e66e2964e34e2d:0x8ddca9ee380ef7e0!8m2!3d48.8583701!4d2.2944813!9m1!1b1?hl=en"
google_reviews,"Seeing the Eiffel Tower for the first time was truly breathtaking. Its grandeur and architectural elegance make it feel like a dream. Standing right in front of it, you immediately understand why it is the iconic symbol of Paris.

The atmosphere around the tower is incredibly romantic. It’s beautiful during the day, but in the evening it becomes even more magical. When the lights sparkle at night, the view is simply unforgettable.

If you go up to the top, you’ll be rewarded with stunning panoramic views of Paris  the Seine River and the city’s charming architecture stretching out in every direction. It’s a memory that will stay with you forever.

Overall, the Eiffel Tower is not just a landmark; it’s an experience filled with emotion and wonder. If you visit Paris and don’t come here, the trip just wouldn’t feel complete. 🇫🇷✨",5,2 months ago,"https://www.google.com/maps/place/Eiffel+Tower/@48.8583701,2.2944813,17z/data=!4m7!3m6!1s0x47e66e2964e34e2d:0x8ddca9ee380ef7e0!8m2!3d48.8583701!4d2.2944813!9m1!1b1?hl=en"
google_reviews,"Seeing the Eiffel Tower in person is one of those moments that actually feels a bit surreal, even if you have seen it in photos so many times before. Walking up to it from the surrounding streets and gardens makes you realise just how big it really is, and the details of the iron structure stand out much more when you are standing underneath it. The whole area around it feels lively, with people relaxing on the grass, taking photos, or just sitting and enjoying the view.

I did not go all the way up, but honestly just being there and walking around the base was already worth it. The atmosphere changes throughout the day as the light shifts, and it feels especially nice later on when the tower starts to light up and everything looks a bit more calm. It can definitely be busy, but that almost adds to the experience because you can feel that it is such an iconic place for so many visitors. Even without doing anything special, it is a great spot to slow down for a while and take in one of the most recognisable views in Paris.",5,2 months ago,"https://www.google.com/maps/place/Eiffel+Tower/@48.8583701,2.2944813,17z/data=!4m7!3m6!1s0x47e66e2964e34e2d:0x8ddca9ee380ef7e0!8m2!3d48.8583701!4d2.2944813!9m1!1b1?hl=en"
google_reviews,"The Eiffel Tower is one of the most iconic landmarks in the world and the true symbol of Paris. Built in 1889 for the Exposition Universelle, the tower was designed by the engineer Gustave Eiffel. At first, many artists and locals criticized its design, but over time it became the most recognizable structure in France.

Standing about 330 meters tall, the Eiffel Tower offers breathtaking panoramic views of Paris from its observation decks. Visitors can go up by elevator or climb the stairs to experience the city from different levels. The view of landmarks like the Seine River and the beautiful Paris skyline makes the visit unforgettable.

At night, the tower becomes even more magical when its golden lights shine and sparkle every hour. This light show attracts millions of tourists each year and creates a romantic atmosphere that Paris is famous for.

Overall, the Eiffel Tower is not just a tourist attraction. It represents French history, architecture, and culture. Whether you visit during the day for the view or at night for the lights, it is a must-see destination and one of the most beautiful landmarks in the world. 🗼✨",4,a month ago,"https://www.google.com/maps/place/Eiffel+Tower/@48.8583701,2.2944813,17z/data=!4m7!3m6!1s0x47e66e2964e34e2d:0x8ddca9ee380ef7e0!8m2!3d48.8583701!4d2.2944813!9m1!1b1?hl=en"
google_reviews,"I mean... it's the Eiffel Tower. Of course it's five star! Going all the way to the top should be considered a must. Why would you only go to the 2nd level? It's a beautiful view up there. If it's cold there are enclosed areas.
Being there at night is so gorgeous, especially if you're there when they do the sparkle lights. You can go pretty inexpensively by avoiding a tour and take the stairs, but a your gets you past the really long lines. We were in line for about a half hour where others had been in line for over 2 hours. Note: if you do a tour, get to the tour place at least 15 movies in advance - they will NOT wait for you. We were also there during the holidays so it was pretty busy. Friends told us that end of season has hardly anyone there.",5,3 months ago,"https://www.google.com/maps/place/Eiffel+Tower/@48.8583701,2.2944813,17z/data=!4m7!3m6!1s0x47e66e2964e34e2d:0x8ddca9ee380ef7e0!8m2!3d48.8583701!4d2.2944813!9m1!1b1?hl=en"
google_reviews,"One of the most iconic experiences you can have in Paris.

Visited in November and absolutely loved it. Even though it was a busy day, the entire area around the Eiffel Tower felt surprisingly relaxed and easy to navigate. The atmosphere is magic — standing underneath the structure and looking straight up is something photos never really prepare you for. The scale is unbelievable.

I arrived early, and the queues moved quickly. Security was efficient and friendly, and the staff were helpful throughout. Once I got inside, the views from the different levels were incredible, especially from the top platform — Paris literally stretches out in every direction, with all the landmarks visible on a clear day.

At ground level, the park and riverside areas around the tower are perfect for photos. Everything is really well-maintained, and there’s plenty of space to sit, take in the view, and enjoy the moment. If you time it right, watching the tower sparkle on the hour is worth it alone.

Overall, an unforgettable visit and absolutely worth doing, no matter how many times you’ve seen it in pictures. A real must-see.",5,5 months ago,"https://www.google.com/maps/place/Eiffel+Tower/@48.8583701,2.2944813,17z/data=!4m7!3m6!1s0x47e66e2964e34e2d:0x8ddca9ee380ef7e0!8m2!3d48.8583701!4d2.2944813!9m1!1b1?hl=en"
google_reviews,Beautiful place. What a structure.  Very well organised line. Polite staff but a bit expensive for water and a few cookies. €17  highly recommend the views.,5,a month ago,"https://www.google.com/maps/place/Eiffel+Tower/@48.8583701,2.2944813,17z/data=!4m7!3m6!1s0x47e66e2964e34e2d:0x8ddca9ee380ef7e0!8m2!3d48.8583701!4d2.2944813!9m1!1b1?hl=en"
google_reviews,"I visited the Eiffel Tower during my trip to Paris and it was an amazing experience. The view from the top is incredible and you can see the whole city. The area around the tower is also very lively with many people and street performers. It can be a bit crowded, but it is definitely worth visiting at least once. A beautiful and unforgettable place.",5,a month ago,"https://www.google.com/maps/place/Eiffel+Tower/@48.8583701,2.2944813,17z/data=!4m7!3m6!1s0x47e66e2964e34e2d:0x8ddca9ee380ef7e0!8m2!3d48.8583701!4d2.2944813!9m1!1b1?hl=en"
google_reviews,"The best view of the city, people say it’s not worth it but I strongly disagree. Going to the lowest floor costs less than 12€ if you’re younger than 25 and European. The best time to see it is during the sunset.",5,3 months ago,"https://www.google.com/maps/place/Eiffel+Tower/@48.8583701,2.2944813,17z/data=!4m7!3m6!1s0x47e66e2964e34e2d:0x8ddca9ee380ef7e0!8m2!3d48.8583701!4d2.2944813!9m1!1b1?hl=en"
google_reviews,"First time I visited was over thirty years ago.   I remember there were no security checkpoints, and much less aggressive souvenir sales people. Also the lines to the elevator were much shorter, obviously. Still, with a bit of patience, it was another memorable and great experience.  The lights coming up every hour are also a really nice new addition.",4,3 months ago,"https://www.google.com/maps/place/Eiffel+Tower/@48.8583701,2.2944813,17z/data=!4m7!3m6!1s0x47e66e2964e34e2d:0x8ddca9ee380ef7e0!8m2!3d48.8583701!4d2.2944813!9m1!1b1?hl=en"
google_reviews,"One of the most beautiful places where I have ever been. Absolutely incredible view and place to visit. Please try to book your tickets in advance as there's a tourists and you can miss the time that suits you best. We went upstairs by stairs and it was so cool. On the way back you can use elevator. There's shops and coffee stores on the second floor, water stations, where you can get free water and lots of interesting stands regarding the building history. My big recommendation to visit.",5,4 months ago,"https://www.google.com/maps/place/Eiffel+Tower/@48.8583701,2.2944813,17z/data=!4m7!3m6!1s0x47e66e2964e34e2d:0x8ddca9ee380ef7e0!8m2!3d48.8583701!4d2.2944813!9m1!1b1?hl=en"
google_reviews,"Walked to visit the magnificent eiffel tower at night time.  At the beginning of every hour, there is a light show on the tower.  Very pleasant.  There is also elevator climbing up the tower to see the Paris view.  Yet, we did not do that.",5,a month ago,"https://www.google.com/maps/place/Eiffel+Tower/@48.8583701,2.2944813,17z/data=!4m7!3m6!1s0x47e66e2964e34e2d:0x8ddca9ee380ef7e0!8m2!3d48.8583701!4d2.2944813!9m1!1b1?hl=en"
google_reviews,I could only buy a lift access ticket online as there were no walking tickets left but when we arrived they let us walk up to the second level where you can only proceed by lift. There was a bit of queueing for the lifts but not too bad. Great views from the tower and we just happened to be there around dusk when it was then lit up.,5,Edited 4 months ago,"https://www.google.com/maps/place/Eiffel+Tower/@48.8583701,2.2944813,17z/data=!4m7!3m6!1s0x47e66e2964e34e2d:0x8ddca9ee380ef7e0!8m2!3d48.8583701!4d2.2944813!9m1!1b1?hl=en"
google_reviews,"Viewing the Paris cityscape from the top of the magnificent Eiffel Tower is a MUST when visiting the City of Lights.  There are beautiful views of the glittering lights in every direction.  We were very fortunate to view from the top of the Iron Lady at night, with a full moon shining in a clear sky.  Wow!  It was magical.
Be sure to purchase your tickets well in advance!",5,5 months ago,"https://www.google.com/maps/place/Eiffel+Tower/@48.8583701,2.2944813,17z/data=!4m7!3m6!1s0x47e66e2964e34e2d:0x8ddca9ee380ef7e0!8m2!3d48.8583701!4d2.2944813!9m1!1b1?hl=en"
google_reviews,"A must do when in Paris. Sometimes the lines can be long, but the best way to visit is to buy the ticket in advance. The elevator is much easier, going up by stairs can be a challenge. Here are some of the photos i took from the many times i've been to the Eiffel Tower.",5,Edited 3 months ago,"https://www.google.com/maps/place/Eiffel+Tower/@48.8583701,2.2944813,17z/data=!4m7!3m6!1s0x47e66e2964e34e2d:0x8ddca9ee380ef7e0!8m2!3d48.8583701!4d2.2944813!9m1!1b1?hl=en"
google_reviews,"It's the place to visit when you come to Paris, worth seeing at night and in the daytime.

It's a tall climb, so be aware! You can grab a lift back down though. Just take it easy and enjoy the sprawling views of Paris.

Would really benefit from some skyline boards to help you identify the sights across Paris.

Loved the round the world height comparisons in the summit.",5,4 months ago,"https://www.google.com/maps/place/Eiffel+Tower/@48.8583701,2.2944813,17z/data=!4m7!3m6!1s0x47e66e2964e34e2d:0x8ddca9ee380ef7e0!8m2!3d48.8583701!4d2.2944813!9m1!1b1?hl=en"
google_reviews,"Obviously, a must visit.  If you want to go to very top, must buy tickets in advance.  But we got tickets to 2nd floor just by walking up (February), which was still a great view.

You can enter the grounds “for free” - you only have to pay if you want to go up inside.  Several neat cafes there as well.",5,2 months ago,"https://www.google.com/maps/place/Eiffel+Tower/@48.8583701,2.2944813,17z/data=!4m7!3m6!1s0x47e66e2964e34e2d:0x8ddca9ee380ef7e0!8m2!3d48.8583701!4d2.2944813!9m1!1b1?hl=en"
google_reviews,"The Eiffel Tower is one of the most iconic monuments in the world and visiting it is an unforgettable experience. From the moment you see it, the size and design are truly impressive. The structure looks stunning both during the day and at night, but the evening light show, when the tower sparkles every hour, is especially magical.

There are several viewing levels, each offering unique perspectives of Paris. The panoramic views from the top are absolutely breathtaking, allowing you to see famous landmarks like the Seine River, Sacré-Cœur, and the city’s beautiful rooftops. The elevators are well organized, and security is managed efficiently, though it can be busy, especially during peak tourist seasons.

The surrounding area is clean, spacious, and ideal for walking, picnics, and photography. Nearby cafés, souvenir shops, and river cruises make it easy to spend several hours in the area. Whether you choose to go up the tower or simply admire it from below, the Eiffel Tower delivers a memorable experience. It is a must-visit attraction for anyone traveling to Paris",4,4 months ago,"https://www.google.com/maps/place/Eiffel+Tower/@48.8583701,2.2944813,17z/data=!4m7!3m6!1s0x47e66e2964e34e2d:0x8ddca9ee380ef7e0!8m2!3d48.8583701!4d2.2944813!9m1!1b1?hl=en"
google_reviews,"visited the Eiffel Tower and it was an unforgettable experience. Seeing it in real life was much more impressive than in photos. The view from the top was absolutely beautiful, especially overlooking Paris and the Seine River. The atmosphere around the tower was lively and magical, and everything was well organized. It is truly a must-visit place and one of the most iconic landmarks in the world.",5,3 months ago,"https://www.google.com/maps/place/Eiffel+Tower/@48.8583701,2.2944813,17z/data=!4m7!3m6!1s0x47e66e2964e34e2d:0x8ddca9ee380ef7e0!8m2!3d48.8583701!4d2.2944813!9m1!1b1?hl=en"
google_reviews,"One of the most beautiful words landmarks. Must be seen, especially at night to appreciate the beauty of this tower.
The view from the top is fantastic, there are recently installed safety glass walls around the tower but isn’t an issue to enjoy the view  even if you stay close by.
Only one recommendation- you better buy tickets in advance, basically as early as possible, don’t expect to buy tickets on the spot, you might be lucky but most probably will get staircase access only to the first level, if you want to go to the top - buy tickets in advance.
Yes, there is something very very special in the tower, especially at night.
Best view is from the Trocadero terrace- you just need to across the river.",5,4 months ago,"https://www.google.com/maps/place/Eiffel+Tower/@48.8583701,2.2944813,17z/data=!4m7!3m6!1s0x47e66e2964e34e2d:0x8ddca9ee380ef7e0!8m2!3d48.8583701!4d2.2944813!9m1!1b1?hl=en"
google_reviews,"La Tour Eiffel…

Built in 1889 for the World’s Fair celebrating the 100th anniversary of the French Revolution, the Eiffel Tower stands 324 meters tall and remains the most iconic symbol of Paris. No matter where you are in the city, it somehow appears in the skyline, offering a stunning view from every angle.
As you get closer, the elegance of its iron structure and the brilliance of its engineering become truly impressive. Whether you take the elevator or climb the stairs, the view gradually unfolds the Seine River, the grand boulevards, and the classic Parisian rooftops look magical from above. Sunset and the evening light show are especially unforgettable.
Coming to Paris and not seeing the Eiffel Tower is simply unthinkable. It’s not just a monument; it’s the place where you truly feel the spirit of the city. Truly breathtaking.",5,2 months ago,"https://www.google.com/maps/place/Eiffel+Tower/@48.8583701,2.2944813,17z/data=!4m7!3m6!1s0x47e66e2964e34e2d:0x8ddca9ee380ef7e0!8m2!3d48.8583701!4d2.2944813!9m1!1b1?hl=en"
google_reviews,I don’t even know where to start! This was my first time to Paris and I was in complete awe of how big and beautiful the Eiffel Tower is. And the lights and sparkles at night fall is the icing on the cake! We went to the 2nd floor. Couldn’t do the top b/c it’s closed at this time of the year for maintenance/renovation. But the views were still gorgeous and breathtaking!,5,2 months ago,"https://www.google.com/maps/place/Eiffel+Tower/@48.8583701,2.2944813,17z/data=!4m7!3m6!1s0x47e66e2964e34e2d:0x8ddca9ee380ef7e0!8m2!3d48.8583701!4d2.2944813!9m1!1b1?hl=en"
google_reviews,"Visiting the Eiffel Tower is one of those experiences that lives up to all the hype. Seeing it during the day is impressive, but at night it becomes absolutely magical — glowing in gold, sparkling against the Paris sky, and taking your breath away the moment you see it.

The views from above are incredible, especially overlooking the city lights and the Seine — Paris looks endless, romantic, and alive. Walking around the tower at night has such a special energy: calm, dreamy, and full of wonder. No matter how many photos you’ve seen before, nothing compares to standing there in person.

It’s iconic, emotional, and unforgettable — a true bucket-list moment.

✨ If you are in Paris, the Eiffel Tower is an absolute must-see, day and night.
One of the most beautiful landmarks in the world 💛🗼",5,3 months ago,"https://www.google.com/maps/place/Eiffel+Tower/@48.8583701,2.2944813,17z/data=!4m7!3m6!1s0x47e66e2964e34e2d:0x8ddca9ee380ef7e0!8m2!3d48.8583701!4d2.2944813!9m1!1b1?hl=en"
google_reviews,"An amazing site visible from around Paris. No pictures do this Landmark any justice. Seeing this wonder in person truly takes one's breath away. An icon of Paris and its history. And while i did not have the opportunity to go up the tower, it still remained an experience i will remember for my life. I hope to be able to return to visit it once again.",5,5 months ago,"https://www.google.com/maps/place/Eiffel+Tower/@48.8583701,2.2944813,17z/data=!4m7!3m6!1s0x47e66e2964e34e2d:0x8ddca9ee380ef7e0!8m2!3d48.8583701!4d2.2944813!9m1!1b1?hl=en"
google_reviews,"Standing beneath the 1,083-foot iron lattice of the Eiffel Tower is a surreal experience that feels like stepping directly into a postcard of Parisian history. While many dismiss it as a tourist cliché, the sheer scale of Gustave Eiffel's masterpiece is breathtaking when you are standing directly on the esplanade looking up at the intricate metalwork. The experience begins at the security gates where you should prepare for a significant wait; even with a pre-purchased ticket from the Official Eiffel Tower Website, the double-layered security checks can take upwards of forty-five minutes during peak season.
Once inside, the ascent offers a fascinating perspective on the city's layout. While the summit is the ultimate goal for most, the second floor actually provides the most photogenic views of Paris because you are low enough to distinguish the architectural details of the Louvre Museum and the Arc de Triomphe without them looking like tiny miniatures. The summit is often incredibly windy and crowded, but sipping a glass of Moët at the Champagne Bar while looking out over the Seine is a memory that justifies the premium price.
The atmosphere on the first floor has improved greatly with the addition of the transparent glass floor, which provides a dizzying view of the crowds below and makes for a fantastic thrill. For those looking to avoid the claustrophobic elevator rides, climbing the stairs to the second level is an underrated alternative that allows you to appreciate the rivets and iron beams in a way most tourists miss. The only major drawback remains the aggressive street vendors and the persistent crowds near the base, which can detract from the romantic ambiance. However, if you time your visit for sunset, you get to witness the transition from the golden hour to the spectacular hourly light sparkle, which remains one of the most magical sights in the world. It is a logistically demanding visit that requires booking months in advance on TripAdvisor or the official site, but the payoff is a profound sense of place that defines the entire Paris experience.",5,3 months ago,"https://www.google.com/maps/place/Eiffel+Tower/@48.8583701,2.2944813,17z/data=!4m7!3m6!1s0x47e66e2964e34e2d:0x8ddca9ee380ef7e0!8m2!3d48.8583701!4d2.2944813!9m1!1b1?hl=en"
google_reviews,"I visited the Eiffel Tower last year. It was built in 1889 for the World’s Fair and was meant to show how modern engineering had become. Today it’s one of the most visited places in the world, and when you stand under it, you understand why. Its also a symbol or France.
Inside, the tower has three main levels you can explore. On the first floor, there are displays that explain how the tower was built, a café, and sections of glass floor where you can look straight down to the ground. It feels a bit strange at first, but it’s fun. The second floor is higher and has a great view of Paris: you can see the river, the rooftops, and many famous sights. There are also shops and places to grab something to eat.
If you go to the very top, the view is amazing. You can see the whole city stretching in every direction. There’s also a small room set up to show what the builder’s office once looked like. It’s a nice little detail that helps you imagine the tower’s early days.
Ticket prices depend on how you go up. The lift to the second floor is €23.10 for adults, and climbing the stairs is cheaper, €14.50. If you want to go all the way to the top by lift, it’s around €36.10. Children and young people pay less.
One of my favourite moments was seeing the tower at night. Every evening, once it gets dark, it lights up in a warm golden colour. For five minutes at the start of each hour, it sparkles with thousands of twinkling lights. Watching the tower glow against the night sky feels special, and it gives the whole area a really magical atmosphere.
Wisiting the Eiffel Tower is exciting and surprisingly relaxing once you’re up there. It’s a simple but unforgettable way to see Paris from above eith a glass of champagne in your hand.",5,5 months ago,"https://www.google.com/maps/place/Eiffel+Tower/@48.8583701,2.2944813,17z/data=!4m7!3m6!1s0x47e66e2964e34e2d:0x8ddca9ee380ef7e0!8m2!3d48.8583701!4d2.2944813!9m1!1b1?hl=en"
google_reviews,Ticked off the bucket list. Lovely view on a cool winters day! Took a guided tour here up the lift (a funnicular) to the 2nd floor (the summit was closed for renovations).  I learned that the tower needs to be repainted by hand every 7 years and the paint weighs 60 tonnes!,4,3 months ago,"https://www.google.com/maps/place/Eiffel+Tower/@48.8583701,2.2944813,17z/data=!4m7!3m6!1s0x47e66e2964e34e2d:0x8ddca9ee380ef7e0!8m2!3d48.8583701!4d2.2944813!9m1!1b1?hl=en"
google_reviews,We walked up the stairs to the second floor which was a right mission... but so worth it the views as you walk up are brilliant. Had a refreshment stop before heading to the top via the elevator. Stunning views of the city on a very clear fine day...,5,5 months ago,"https://www.google.com/maps/place/Eiffel+Tower/@48.8583701,2.2944813,17z/data=!4m7!3m6!1s0x47e66e2964e34e2d:0x8ddca9ee380ef7e0!8m2!3d48.8583701!4d2.2944813!9m1!1b1?hl=en"
google_reviews,"The Eiffel Tower is an absolute icon and a must-see when visiting Paris. Seeing it up close is truly impressive, whether during the day or beautifully illuminated at night. The views from the top are breathtaking, offering a stunning panorama of the city and the River Seine. Even from the ground, the atmosphere around the tower is vibrant and memorable, with great photo opportunities from every angle. A timeless landmark that perfectly captures the romance and grandeur of Paris.",5,4 months ago,"https://www.google.com/maps/place/Eiffel+Tower/@48.8583701,2.2944813,17z/data=!4m7!3m6!1s0x47e66e2964e34e2d:0x8ddca9ee380ef7e0!8m2!3d48.8583701!4d2.2944813!9m1!1b1?hl=en"
google_reviews,"Looks amazing already ✨
I’ll give you one last micro-polish (very light touch, just extra smooth and professional for Google):

“The heart and soul of Paris and a wonderful place to explore and have fun—truly unforgettable. The Eiffel Tower is more than just a monument; it’s the symbol of Paris and France. Built in 1889, it’s absolutely breathtaking both day and night, and seeing it in person is far more impressive than any photo. The views around the tower, especially from Champ de Mars, are stunning, and when it sparkles every hour at night, the atmosphere becomes pure magic. Even during the colder season, the experience is incredible and completely worth it. The area is well organized, lively, and full of positive energy. Whether you go up the tower or admire it from outside, it’s a once-in-a-lifetime experience and a must-visit for anyone coming to Paris. Highly recommended ✨🥰.”

This is perfect for a 100⭐ Local Guide review — warm, descriptive, and authentic.
If you want a super short version for another post or place, I’m here 😄",5,3 months ago,"https://www.google.com/maps/place/Eiffel+Tower/@48.8583701,2.2944813,17z/data=!4m7!3m6!1s0x47e66e2964e34e2d:0x8ddca9ee380ef7e0!8m2!3d48.8583701!4d2.2944813!9m1!1b1?hl=en"
google_reviews,"Visiting the Eiffel Tower is an unforgettable experience. The structure itself is iconic, and the view from the top is absolutely stunning. The area around it is lively and perfect for walking and taking photos. Lines can be long, so booking tickets in advance is recommended. A must-see landmark when visiting Paris",4,4 months ago,"https://www.google.com/maps/place/Eiffel+Tower/@48.8583701,2.2944813,17z/data=!4m7!3m6!1s0x47e66e2964e34e2d:0x8ddca9ee380ef7e0!8m2!3d48.8583701!4d2.2944813!9m1!1b1?hl=en"
google_reviews,"Not too busy,  but it was February!
Great experience if a little pricey.
We got lucky with the weather,  nice sunny day 20° which definitely added to the enjoyment.",5,a month ago,"https://www.google.com/maps/place/Eiffel+Tower/@48.8583701,2.2944813,17z/data=!4m7!3m6!1s0x47e66e2964e34e2d:0x8ddca9ee380ef7e0!8m2!3d48.8583701!4d2.2944813!9m1!1b1?hl=en"
google_reviews,"First time ever to see this iconic French Beauty!
Absolutely magnificent!!! So romantic!!! ❤️
My Darling husband booked the tickets at sunset so we can see the tower transitioning from daylight to gorgeous sunset with champagne in adorable cone like glasses ( you can keep as souvenir).As sun began to set the whole atmosphere become magical and breathtaking. To see the iconic French Landmark ,so magnificent ,with a totally amazing atmosphere, bringing so much happiness and excitement!!
We went all the way to the top and absolutely amazing view!! You can read all you want about Eiffel Tower but I'm telling you is totally different when you experience it in person. Is Magical!!!! So despite the elevator Broke on the second level, and we walked down 667 steps to get down ,I'm still going to give  5 stars!!
Why ? Because was totally worth it!!!",5,Edited 4 months ago,"https://www.google.com/maps/place/Eiffel+Tower/@48.8583701,2.2944813,17z/data=!4m7!3m6!1s0x47e66e2964e34e2d:0x8ddca9ee380ef7e0!8m2!3d48.8583701!4d2.2944813!9m1!1b1?hl=en"
google_reviews,Unfortunately we could only go to the second floor as it was closed for maintenance. Views are amazing. We unfortunately happened to be there at the time there were school children and they were screaming and running around the teachers didn’t seem to care. It made it a bit unpleasant to try and enjoy the view and reflect with the noise and chaos. The staff did not seem to care. The view should be for everyone to enjoy or do school visits only at certain times if they are allowed to behave that way.,4,3 months ago,"https://www.google.com/maps/place/Eiffel+Tower/@48.8583701,2.2944813,17z/data=!4m7!3m6!1s0x47e66e2964e34e2d:0x8ddca9ee380ef7e0!8m2!3d48.8583701!4d2.2944813!9m1!1b1?hl=en"
google_reviews,"On our very first day in Paris, of course we went to see the Eiffel Tower — and wow, what an unforgettable moment! Seeing it in person feels magical: the size, the architecture, the atmosphere… everything was breathtaking.

It truly feels like the heart of Paris — elegant, iconic, and full of emotion.
A must-see experience that makes you realize: yes, we’re really in Paris. ✨🇫🇷",5,5 months ago,"https://www.google.com/maps/place/Eiffel+Tower/@48.8583701,2.2944813,17z/data=!4m7!3m6!1s0x47e66e2964e34e2d:0x8ddca9ee380ef7e0!8m2!3d48.8583701!4d2.2944813!9m1!1b1?hl=en"
google_reviews,"A monument that’s worth visiting AT LEAST once in a lifetime! Unfortunately we didn’t have the option of going up the tower - but definitely will next time. A wonderful place to see for sure, magical during the night.
If you want to buy the tickets for going up the tower, get them at least a day in advance.",5,4 months ago,"https://www.google.com/maps/place/Eiffel+Tower/@48.8583701,2.2944813,17z/data=!4m7!3m6!1s0x47e66e2964e34e2d:0x8ddca9ee380ef7e0!8m2!3d48.8583701!4d2.2944813!9m1!1b1?hl=en"
google_reviews,It’s an incredible metal structure which is a must see. You can enter the tower grounds for free but have to buy a ticket if you want to go up. There are seating areas on the upper platform of the Eiffel Tower and and a really nice place just to relax. You can also get coffee and a light snack. The best photos to take are either from the Seine river or from one of the side streets. We found that the river photos weee the best and not many were there.,5,2 months ago,"https://www.google.com/maps/place/Eiffel+Tower/@48.8583701,2.2944813,17z/data=!4m7!3m6!1s0x47e66e2964e34e2d:0x8ddca9ee380ef7e0!8m2!3d48.8583701!4d2.2944813!9m1!1b1?hl=en"
google_reviews,"Visited in early March and late November 2025, and the Eiffel Tower is every bit as iconic as expected. Despite the cooler weather, the experience was smooth and well organized. The views over Paris are breathtaking, especially at dusk when the city lights start coming alive. Highly recommend booking tickets in advance to avoid long queues. A must-see landmark that truly lives up to its reputation.",5,4 months ago,"https://www.google.com/maps/place/Eiffel+Tower/@48.8583701,2.2944813,17z/data=!4m7!3m6!1s0x47e66e2964e34e2d:0x8ddca9ee380ef7e0!8m2!3d48.8583701!4d2.2944813!9m1!1b1?hl=en"
google_reviews,Beautiful structure no matter which angle you take the photo from whether it's day time or night time. There's a small museum on top of the tower. Amazing views of the surrounding areas around Eiffel Tower. It's good if you take the skip the line ticket as you can go up without queueing.,5,Edited 5 months ago,"https://www.google.com/maps/place/Eiffel+Tower/@48.8583701,2.2944813,17z/data=!4m7!3m6!1s0x47e66e2964e34e2d:0x8ddca9ee380ef7e0!8m2!3d48.8583701!4d2.2944813!9m1!1b1?hl=en"
google_reviews,"The Eiffel Tower is undoubtedly one of the most iconic landmarks in the world, but in reality, there isn’t much to do or experience beyond its symbolic value. The area around the tower is usually crowded with tourists, making it feel more like a photo stop than a place to truly enjoy.

There are no special activities or unique experiences that stand out unless you plan to go up the tower, which can involve long queues and high ticket prices. For many visitors, including myself, the visit is mainly about taking a few photos to say you’ve been there.

Overall, the Eiffel Tower is worth a quick visit for pictures and for ticking it off the Paris travel list, but don’t expect much beyond that. It’s more of a landmark to see once rather than a place to spend a lot of time exploring.",3,3 months ago,"https://www.google.com/maps/place/Eiffel+Tower/@48.8583701,2.2944813,17z/data=!4m7!3m6!1s0x47e66e2964e34e2d:0x8ddca9ee380ef7e0!8m2!3d48.8583701!4d2.2944813!9m1!1b1?hl=en"
google_reviews,"Been up the tower a couple of times and been to the very top, but as it's being painted, only up to the 2nd. floor is open. It's an excellent viewpoint. If you're on the 3rd. floor everywhere looks very small so no great advantage. At night on the hour starting at 5.00pm there is a light show which is amazing and makes the tower appear to sparkle",5,3 months ago,"https://www.google.com/maps/place/Eiffel+Tower/@48.8583701,2.2944813,17z/data=!4m7!3m6!1s0x47e66e2964e34e2d:0x8ddca9ee380ef7e0!8m2!3d48.8583701!4d2.2944813!9m1!1b1?hl=en"
google_reviews,"An absolute icon of Paris and a must-visit. Stunning views of the city from the top, especially overlooking the Seine and the gardens below. The structure looks impressive both from outside and when standing underneath it. Long queues can be expected, so booking tickets in advance helps. Best enjoyed on a clear day—and even more magical in the evening when it lights up.",5,4 months ago,"https://www.google.com/maps/place/Eiffel+Tower/@48.8583701,2.2944813,17z/data=!4m7!3m6!1s0x47e66e2964e34e2d:0x8ddca9ee380ef7e0!8m2!3d48.8583701!4d2.2944813!9m1!1b1?hl=en"
google_reviews,"No matter how familiar you think you are with it from photos since childhood, or how ordinary you imagine an iron structure could be, the reality will amaze you. Its lights, height, and elegant curves completely captivate you. It truly feels like one of the wonders of the world and is worth traveling to Paris just to see it.",5,4 months ago,"https://www.google.com/maps/place/Eiffel+Tower/@48.8583701,2.2944813,17z/data=!4m7!3m6!1s0x47e66e2964e34e2d:0x8ddca9ee380ef7e0!8m2!3d48.8583701!4d2.2944813!9m1!1b1?hl=en"
google_reviews,"An iconic monument, long queues  in the cold weather. There are two security checks (airport style), one to access the ground level underneath the tower (access for free) where bags are searched and people pass through metal detectors and another one after ticket purchase, where bags are x-rayed and people pass again through metal drector, so come prepared. Overall, it is a well worth experience when reaching the top. Floor one and two can be reached on foot but requires a certain level if fitness (670 steps in total) alternatively lifts are available at extra cost and longer waiting. Top floor can only be reached by lift from second floor.",5,2 months ago,"https://www.google.com/maps/place/Eiffel+Tower/@48.8583701,2.2944813,17z/data=!4m7!3m6!1s0x47e66e2964e34e2d:0x8ddca9ee380ef7e0!8m2!3d48.8583701!4d2.2944813!9m1!1b1?hl=en"
google_reviews,"My family visited the Eiffel Tower in August 2024, just after the Olympics, and it was an amazing experience. The structure itself is even more impressive in person — both elegant and powerful — and the views from the top are absolutely breathtaking. You can see all of Paris laid out beneath you, which really gives you a sense of how beautiful the city is.

The area around the tower felt very clean, safe, and well organized. We had heard stories in the past about street sellers and pickpocketing, but during our visit, everything seemed to be well controlled with a strong police presence. It made the whole experience much more relaxed and enjoyable for our family.

Overall, it was one of the best parts of our trip. Whether it’s your first time in Paris or a return visit, the Eiffel Tower is truly worth it for both the history and the view.",5,4 months ago,"https://www.google.com/maps/place/Eiffel+Tower/@48.8583701,2.2944813,17z/data=!4m7!3m6!1s0x47e66e2964e34e2d:0x8ddca9ee380ef7e0!8m2!3d48.8583701!4d2.2944813!9m1!1b1?hl=en"
google_reviews,"Beautiful! I recommend going up for sunset. The crowds are less (special between November and February), and the view of the sunset in Paris is sublime",5,2 months ago,"https://www.google.com/maps/place/Eiffel+Tower/@48.8583701,2.2944813,17z/data=!4m7!3m6!1s0x47e66e2964e34e2d:0x8ddca9ee380ef7e0!8m2!3d48.8583701!4d2.2944813!9m1!1b1?hl=en"
google_reviews,"Visiting the Eiffel Tower is a must when in Paris! You can enjoy it from outside for free, but going inside gives you the full experience.

What to See:
•	1st Floor: Small museum-like area with old-style furniture and interactive displays about the tower’s history — really fun and educational, especially for kids.
•	2nd Floor (~115 m): Stunning panoramic views, cafes, and shops. Perfect for photos and taking in the city.
•	Summit (~276 m): The highest point with 360° views and telescopes. You’ll see Paris like never before! Some equipment and antennas are also up here, but they don’t block the view.

Tips:
•	Best times: Early morning or late afternoon to avoid long lines.
•	Tickets: Adults €14–36 depending on floor and stairs/lift; youth 12–24 €7–18; kids 4–11 €3–9; under 4 free. Online booking recommended.
•	Extras: Champagne at the top or guided tours make it extra special.

Recommendation:
Even if the lines look long, go inside — the views and unique experience are worth it. The tower is not just a photo spot; each floor has something interesting to explore, from history to breathtaking sights.",5,4 months ago,"https://www.google.com/maps/place/Eiffel+Tower/@48.8583701,2.2944813,17z/data=!4m7!3m6!1s0x47e66e2964e34e2d:0x8ddca9ee380ef7e0!8m2!3d48.8583701!4d2.2944813!9m1!1b1?hl=en"
google_reviews,"Well, if one is in Paris it’s hard not to visit. Queues can be long so best to get there early and be prepared to wait for a while. Tickets are not expensive. Splendid views from the top, of course, particularly on clear days. Overall well worth a visit if one is there. Fun for all the family although small children may get bored by the wait and be less than impressed.",4,5 months ago,"https://www.google.com/maps/place/Eiffel+Tower/@48.8583701,2.2944813,17z/data=!4m7!3m6!1s0x47e66e2964e34e2d:0x8ddca9ee380ef7e0!8m2!3d48.8583701!4d2.2944813!9m1!1b1?hl=en"
google_reviews,"While it is a great experience, few things to mention. I was looking to see the sunset from the top, so i would recommend to book time at least an hour b4 the sunset time. The wait for the 1st lift was about 15 min from timed entry, the wait for the 2nd was over 30 min and it may get very windy on the open platform. I would plan for at least an hour on top, there are 2 levels on top, one enclosed and heated and it offers an amazing view from the open platform. Very rewarding to watch city dressing in the lights.
Now, i found it best to buy tix 60 days in advance from official site, but it may be close to impossible to do outside of same time zone. You have to use VPN and hunt for desired time slot midnight sharp Paris time. You may have to also change local clock to Paris time on top. I would strongly recommend to ""test"" the site few days in advance to understand what to expect. Good luck, enjoy magnificent experience.",5,6 months ago,"https://www.google.com/maps/place/Eiffel+Tower/@48.8583701,2.2944813,17z/data=!4m7!3m6!1s0x47e66e2964e34e2d:0x8ddca9ee380ef7e0!8m2!3d48.8583701!4d2.2944813!9m1!1b1?hl=en"
google_reviews,"A Magical Day at the Eiffel Tower

I visited the Eiffel Tower today and it absolutely lived up to the hype. From the moment I stepped onto the Champ de Mars, the Iron Lady’s latticework felt both grand and surprisingly graceful. The views from the top are breathtaking—Paris stretches out in every direction like a living postcard, with the Seine curving through the city and landmarks popping up everywhere you look.

The experience felt smooth and well-organized. Staff were friendly, and even with the crowds, the lines moved faster than I expected. I loved taking my time on each level—there’s something special about pausing with a coffee and just soaking in the panorama. As evening fell, the tower’s sparkle made the whole scene feel downright romantic and cinematic.

If you’re planning a visit, I’d recommend booking tickets ahead of time and going a bit before sunset so you catch daylight, golden hour, and the first twinkle after dark. Whether you take the elevator or brave the stairs, the journey itself is part of the fun.

All in all, today’s visit was unforgettable. The Eiffel Tower isn’t just a must-see—it’s a must-feel. Five stars! ⭐️⭐️⭐️⭐️⭐️",5,7 months ago,"https://www.google.com/maps/place/Eiffel+Tower/@48.8583701,2.2944813,17z/data=!4m7!3m6!1s0x47e66e2964e34e2d:0x8ddca9ee380ef7e0!8m2!3d48.8583701!4d2.2944813!9m1!1b1?hl=en"
google_reviews,"A masterpiece of iron architecture. Its intricate lattice design and soaring height are truly breathtaking to behold from any angle. The structure represents a wonderful blend of engineering and artistic beauty, appearing both powerful and graceful against the skyline.",5,3 months ago,"https://www.google.com/maps/place/Eiffel+Tower/@48.8583701,2.2944813,17z/data=!4m7!3m6!1s0x47e66e2964e34e2d:0x8ddca9ee380ef7e0!8m2!3d48.8583701!4d2.2944813!9m1!1b1?hl=en"
google_reviews,"🇫🇷 An Essential Paris Experience: Unforgettable Views and History!
​Visiting the Eiffel Tower was a highlight of our trip to Paris. Even on a cloudy day, the structure itself is breathtaking from the base. The sheer scale and engineering are incredible, making it a truly iconic landmark.
​The Experience: We took the time to go up to one of the platforms, which I highly recommend. The views of Paris are spectacular, giving you a completely different perspective of the city. Being inside the lattice work of the tower itself is an experience. I especially appreciated the historical information available on the different levels, detailing its construction and use for early radio transmissions. It adds so much context to this magnificent monument.
​Tips for Visitors:
​Book Tickets in Advance: Lines can be very long, so pre-booking is essential to save time.
​Allow Plenty of Time: There are security checks, queues for the lifts, and plenty of things to see once you're up there, so don't rush the experience.
​Photo Ops: The viewing platforms offer incredible spots for family photos, framed by the beautiful ironwork and the city below.
​Overall, the Eiffel Tower is a must-see landmark that lives up to its reputation. Highly recommended for all visitors to Paris!",4,5 months ago,"https://www.google.com/maps/place/Eiffel+Tower/@48.8583701,2.2944813,17z/data=!4m7!3m6!1s0x47e66e2964e34e2d:0x8ddca9ee380ef7e0!8m2!3d48.8583701!4d2.2944813!9m1!1b1?hl=en"
google_reviews,"I heard warnings about pickpockets and safety issues around the Eiffel Tower, but our experience was much better than expected.

We arrived via the hop-on hop-off bus, and things felt quite manageable and not as bad as people often say.

We boarded a ferry along the Seine River, which was a lovely way to see the Eiffel Tower and nearby buildings.

The boat had an audio guide explaining the landmarks we passed, which made the ride both relaxing and informative.

One of the most heartwarming moments was seeing people along the river waving at us…. it felt very warm and welcoming.

The kids especially enjoyed the sparkling “blink blink” lights on the tower that shine every 5 minutes each hour.

Unfortunately, the weather was foggy, so we could only see about half of the tower, which was a bit disappointing.

Still, even with limited visibility, the experience was memorable and special in its own way.

Overall, despite the fog and the warnings we heard beforehand, visiting the Eiffel Tower area was a pleasant and enjoyable experience for our family.",4,4 months ago,"https://www.google.com/maps/place/Eiffel+Tower/@48.8583701,2.2944813,17z/data=!4m7!3m6!1s0x47e66e2964e34e2d:0x8ddca9ee380ef7e0!8m2!3d48.8583701!4d2.2944813!9m1!1b1?hl=en"
google_reviews,Love it. Worth the 30 minute wait in the queue. Took the lift to the top. Fabulous views. Glass of champagne is 24euros. But you can keep the plastic glass as a souvenir. It's tapered so you can't put it down. Was crowded so you have to be patient but amazing visit and definitely as must whilst in Paris,5,6 months ago,"https://www.google.com/maps/place/Eiffel+Tower/@48.8583701,2.2944813,17z/data=!4m7!3m6!1s0x47e66e2964e34e2d:0x8ddca9ee380ef7e0!8m2!3d48.8583701!4d2.2944813!9m1!1b1?hl=en"
google_reviews,"Nothing enough can be said for this historic, iconic and magnificent monument. Loved every bit of experiencing it throughout my Paris trip! You can go up without any lines in winter weekday evenings!",5,4 months ago,"https://www.google.com/maps/place/Eiffel+Tower/@48.8583701,2.2944813,17z/data=!4m7!3m6!1s0x47e66e2964e34e2d:0x8ddca9ee380ef7e0!8m2!3d48.8583701!4d2.2944813!9m1!1b1?hl=en"
google_reviews,"I just had the most incredible experience at the Eiffel Tower with VIP access! Skipping the long lines made everything effortless, and I could fully enjoy every moment without feeling rushed. The elevator ride itself is amazing, giving you a sense of the tower’s grandeur as you rise above the city.

Once at the top, the views are absolutely breathtaking – the Seine winding through Paris, the Champs-Élysées stretching toward the Arc de Triomphe, and the city’s landmarks unfolding in every direction. Being able to linger, take photos, and simply soak in the atmosphere made the experience truly special.

The tower’s architecture is stunning up close, and from the observation decks, Paris feels alive, endless, and magical. VIP access made it all seamless and comfortable, turning an iconic visit into a relaxed, unforgettable adventure. This was one of the highlights of my trip – a breathtaking, once-in-a-lifetime experience I’ll never forget",5,7 months ago,"https://www.google.com/maps/place/Eiffel+Tower/@48.8583701,2.2944813,17z/data=!4m7!3m6!1s0x47e66e2964e34e2d:0x8ddca9ee380ef7e0!8m2!3d48.8583701!4d2.2944813!9m1!1b1?hl=en"
google_reviews,"A childhood dream come true!!!!!
Seeing the Eiffel Tower in person was the highlight of my French vacation. It’s a bucket-list destination for a reason, but be prepared for heavy crowds. Because it’s so busy, I highly recommend staying extra mindful of your personal items and bags while you’re taking in the views",5,3 months ago,"https://www.google.com/maps/place/Eiffel+Tower/@48.8583701,2.2944813,17z/data=!4m7!3m6!1s0x47e66e2964e34e2d:0x8ddca9ee380ef7e0!8m2!3d48.8583701!4d2.2944813!9m1!1b1?hl=en"
google_reviews,"It was my dream to visit Eiffel Tower since I heard a lot about it. During our Paris trip, we planned for it. I felt it is over hyped during today’s time. I would say it is average.
I found view better from outside from few points rather than from the Eiffel Tower. But again it is my personal opinion, others opinion might be different.",5,4 months ago,"https://www.google.com/maps/place/Eiffel+Tower/@48.8583701,2.2944813,17z/data=!4m7!3m6!1s0x47e66e2964e34e2d:0x8ddca9ee380ef7e0!8m2!3d48.8583701!4d2.2944813!9m1!1b1?hl=en"
google_reviews,"How could this not be 5*?! The iconic tower is really a sight to behold, we had pre-booked tickets so we whisked through the already super short queue. Even thought the elevators to get up to the top seem to take a long time it does pass by quick. The number of photo opportunities from the foot of the tower to the tip are countless. All the staff that we interacted with were friendly. The upper areas get very crowded and tight but it’s still comfortable to move around. Dress warm in the cooler months as the wind can get a little brisk. Be sure to see it during the even, especially the sparkle each hour.",5,5 months ago,"https://www.google.com/maps/place/Eiffel+Tower/@48.8583701,2.2944813,17z/data=!4m7!3m6!1s0x47e66e2964e34e2d:0x8ddca9ee380ef7e0!8m2!3d48.8583701!4d2.2944813!9m1!1b1?hl=en"
google_reviews,"1st time ever of my visit to Eiffel Tower, and have chance to go top of tower, very impressed with the scenic views on top of Paris, however plan well for your visit time avoid cloudy weather and rain. Toilet in the sky is FOC. But food at tower could be very expensive too. Plastic cup can be recycled with refundable €2 / cup.  It is worth to go on top of tower prices of tickets is €35 / person. No time limitations during operation hours.",5,2 months ago,"https://www.google.com/maps/place/Eiffel+Tower/@48.8583701,2.2944813,17z/data=!4m7!3m6!1s0x47e66e2964e34e2d:0x8ddca9ee380ef7e0!8m2!3d48.8583701!4d2.2944813!9m1!1b1?hl=en"
google_reviews,"My family and I visited the Eiffel Tower on a Saturday and to our surprise there was no waiting and walked straight in apart from little security checks throughout.It was magical to see in person and when you take the lift or walk it's the perfect view of all paris you can get.My only fault with the only experience was the price...It cost roughly 80 euros for 2 adults and a 16,12and 9 year old which I thought was pretty expensive because without the view up there it's just over priced shops so your only up there 15,30 mins to an hour max.",5,2 months ago,"https://www.google.com/maps/place/Eiffel+Tower/@48.8583701,2.2944813,17z/data=!4m7!3m6!1s0x47e66e2964e34e2d:0x8ddca9ee380ef7e0!8m2!3d48.8583701!4d2.2944813!9m1!1b1?hl=en"
google_reviews,A magical place! Standing under the Eiffel Tower felt surreal. The night view is breathtaking and the atmosphere around the tower is full of life. One of the best travel experiences I’ve ever had,5,4 months ago,"https://www.google.com/maps/place/Eiffel+Tower/@48.8583701,2.2944813,17z/data=!4m7!3m6!1s0x47e66e2964e34e2d:0x8ddca9ee380ef7e0!8m2!3d48.8583701!4d2.2944813!9m1!1b1?hl=en"
google_reviews,"Our very first visit to the Eiffel Tower was truly special and something we’ll always remember as a family. Seeing this iconic landmark in person with my wife and our 3-year-old son was an emotional and exciting experience. No matter how many times you’ve seen it in photos, standing in front of it is a whole different feeling—the sheer beauty and elegance of the tower are breathtaking.

We chose to go in the evening, and it couldn’t have been more perfect. As the sun began to set, the atmosphere around the Eiffel Tower became magical. The tower looked stunning against the glowing sky, and when it started to sparkle for 5 minutes at the beginning of each hour, it felt like the whole crowd paused to admire it. Watching those golden lights twinkle was a sight that truly gave us goosebumps.

The area was filled with a lively and joyful crowd—tourists, families, and couples all enjoying the moment together. We spent time sitting in the gardens nearby, where our little boy could run around while we relaxed and soaked in the atmosphere. From there, we had a perfect view of the tower as it lit up against the evening sky.

It was such a beautiful family moment—peaceful, yet filled with excitement from everyone around. The Eiffel Tower is not just a monument, but an experience. Sitting there together, watching it sparkle, made our first visit unforgettable and something we’ll treasure forever.",5,7 months ago,"https://www.google.com/maps/place/Eiffel+Tower/@48.8583701,2.2944813,17z/data=!4m7!3m6!1s0x47e66e2964e34e2d:0x8ddca9ee380ef7e0!8m2!3d48.8583701!4d2.2944813!9m1!1b1?hl=en"
google_reviews,"Eiffel Tower, a wrought - iron structure located in Paris is a technological masterpiece in building histories.
It was designed and built during 1887 by Gustave Eiffel and then was named in his honor too.

Having a height of 1,083 feet, a  weight of 10,000 tons and revited by 2.5 million rivets, this wondrous scape became the entrance gateway to the International exposition in 1889.
It was erected in two years, with a small labor force and at a low cost.  Designed as a well lit, airy, strong structure, which pioneered a revolution in civil engineering.

It remarkably stands on four lattice girder piers. The glass cage machines were designed by the US Otis Elevator Company, which later became the main feature of the building.

Though, Modifications were made for further international expositions of 1900, 1925, and 1937 but Additions to the tower were made for television transmissions only wherein 66 feet were added to it's height.

The tower features a museum (which we were unable to see), restaurants, and a much talked about Eiffel’s Reception Room providing space for business conferences, cultural events, and social gatherings.
An observation deck is located just under the antenna, at 906 feet.

Proud to have actually been there to see it, feel the awesome greatness of this incredible fascinating structure and partaking a great view of the city.

Naturally, a ticket needs to be bought as per one's time slot. There are lifts to take you up, some shops to let you browse and to buy souvenirs for back home give-aways.",5,Edited 4 months ago,"https://www.google.com/maps/place/Eiffel+Tower/@48.8583701,2.2944813,17z/data=!4m7!3m6!1s0x47e66e2964e34e2d:0x8ddca9ee380ef7e0!8m2!3d48.8583701!4d2.2944813!9m1!1b1?hl=en"
google_reviews,An iconic landmark for a reason. It’s absolutely beautiful and worth visiting multiple times throughout your visit. That being said I would not recommend staying in a hotel near the Eiffel tower but rather near the arc de triumph.,5,5 months ago,"https://www.google.com/maps/place/Eiffel+Tower/@48.8583701,2.2944813,17z/data=!4m7!3m6!1s0x47e66e2964e34e2d:0x8ddca9ee380ef7e0!8m2!3d48.8583701!4d2.2944813!9m1!1b1?hl=en"
google_reviews,"Visiting the Eiffel Tower is an experience that truly lives up to its iconic reputation. From the moment you approach the base, the sheer scale and elegance of this iron masterpiece leave you in awe. Whether you’re a first-time visitor or returning, the view of the tower from the surrounding Champ de Mars and Trocadéro Gardens is breathtaking, offering perfect photo opportunities.

The structure itself is a marvel of engineering. As you ascend via the elevator or the stairs, each level provides a unique perspective of Paris. The panoramic views from the top are absolutely stunning—you can see the Seine River winding through the city, historic landmarks like Notre-Dame and Sacré-Cœur, and the charming rooftops of Paris stretching into the horizon.

The atmosphere around the Eiffel Tower is lively yet romantic. Street performers, souvenir shops, and cafes create a vibrant ambiance, while evening visits offer the unforgettable sight of the tower sparkling every hour on the hour. Dining at one of its restaurants is a special treat, combining fine cuisine with unparalleled views.

Tips for visitors: arrive early to avoid long lines, book tickets online if possible, and don’t forget your camera—every angle is Instagram-worthy. Whether you’re traveling solo, with friends, or on a romantic getaway, the Eiffel Tower offers a timeless experience that captures the heart of Paris. A visit here isn’t just sightseeing—it’s creating memories that will last a lifetime.

⭐⭐⭐⭐⭐ Highly recommended for anyone visiting Paris!",5,7 months ago,"https://www.google.com/maps/place/Eiffel+Tower/@48.8583701,2.2944813,17z/data=!4m7!3m6!1s0x47e66e2964e34e2d:0x8ddca9ee380ef7e0!8m2!3d48.8583701!4d2.2944813!9m1!1b1?hl=en"
google_reviews,"This was our second time visiting the Eiffel Tower, with our last visit around 15 years ago and it was just as magical as we remembered! This time, we brought our children for their first visit, and they absolutely loved it.

The 1st floor has a great atmosphere with several restaurants, including a nice pizza place, perfect for families or anyone looking for a quick, tasty meal. On the 2nd floor, there’s a coffee shop and a few small stores, great for a short break and souvenirs.

At the summit, you’ll find a champagne bar and a truly breathtaking view of Paris especially if you go close to sunset. The view alone makes the visit unforgettable.

I’d highly recommend pre-booking your tickets online to save time. Take the lift to the summit first, then walk down each level to really enjoy everything the tower has to offer. It’s definitely much easier walking down than up!

Overall, a fantastic family experience and a must-do when in Paris whether it’s your first visit or a return trip after many years.",5,6 months ago,"https://www.google.com/maps/place/Eiffel+Tower/@48.8583701,2.2944813,17z/data=!4m7!3m6!1s0x47e66e2964e34e2d:0x8ddca9ee380ef7e0!8m2!3d48.8583701!4d2.2944813!9m1!1b1?hl=en"
google_reviews,"The child inside me is screaming right now. Because, girl! Who would have thought that I could see the Eiffel Tower with my own eyes? I feel so emotional, especially when I see it at night. So magical.",5,Edited a month ago,"https://www.google.com/maps/place/Eiffel+Tower/@48.8583701,2.2944813,17z/data=!4m7!3m6!1s0x47e66e2964e34e2d:0x8ddca9ee380ef7e0!8m2!3d48.8583701!4d2.2944813!9m1!1b1?hl=en"
google_reviews,"When we visited, it was very comfortable because there were many police officers on duty. Visitors don't seem to need to worry about safety there, but they should still be aware of their surroundings. An iconic landmark that is always worth visiting in the city of Paris.",5,5 months ago,"https://www.google.com/maps/place/Eiffel+Tower/@48.8583701,2.2944813,17z/data=!4m7!3m6!1s0x47e66e2964e34e2d:0x8ddca9ee380ef7e0!8m2!3d48.8583701!4d2.2944813!9m1!1b1?hl=en"
google_reviews,"Great view from the top (actually 2nd floor is enough, don't have to go all the way to the top unless you want to pay extra, IMHO).  All that metal took 2 years 2 months amd 5 days to put together.  328 steps to the 1st floor, and probably the similar to the 2nd floor.  They do have bathrooms on the floors thankfully.  I feel I earned the right to take the elevator back down.
Make sure to buy online tickets in advance, they get booked up fast! Also having an e-ticket gets you into the fast line!",5,Edited 5 months ago,"https://www.google.com/maps/place/Eiffel+Tower/@48.8583701,2.2944813,17z/data=!4m7!3m6!1s0x47e66e2964e34e2d:0x8ddca9ee380ef7e0!8m2!3d48.8583701!4d2.2944813!9m1!1b1?hl=en"
google_reviews,"The Eiffel Tower is one of the most iconic landmarks in the world. Built for the 1889 Exposition Universelle by engineer Gustave Eiffel, it was originally meant to be a temporary structure. Today, it stands as a global symbol of Paris and is one of the most visited monuments on earth.

I booked tickets online to reach the top floor of the Eiffel Tower. Online booking is the only way to get tickets, and it is highly in demand on both weekdays and weekends. It is important to book in advance and arrive on time.

After entering the premises, there is a security check to pass through. Depending on your ticket type, you can take the elevator or stairs to reach the second floor. From there, you get a beautiful view of the Paris skyline. If you have tickets for the top floor, you can continue by elevator or stairs to reach the summit.

There are no strict time limits once you reach the top. The top floor usually closes around 6 p.m. I recommend visiting close to sunset to enjoy the stunning views and unforgettable atmosphere.

If you are visiting Paris even once in your lifetime, this is a must see. I strongly suggest going to the top floor without worrying too much about the extra cost. It is absolutely worth it for the incredible experience.

Overall, a memorable and breathtaking visit that should not be missed!",5,5 months ago,"https://www.google.com/maps/place/Eiffel+Tower/@48.8583701,2.2944813,17z/data=!4m7!3m6!1s0x47e66e2964e34e2d:0x8ddca9ee380ef7e0!8m2!3d48.8583701!4d2.2944813!9m1!1b1?hl=en"
google_reviews,"I visited with my family in july2024. Yet just days before the olympics.
This place is like the best regarding romance and love. We weren't able to access near it but still, enjoyed viewing it which was once a dream, that's true now.
You should also visit it but be careful about the events like olympics,etc. to gain more better view",5,3 months ago,"https://www.google.com/maps/place/Eiffel+Tower/@48.8583701,2.2944813,17z/data=!4m7!3m6!1s0x47e66e2964e34e2d:0x8ddca9ee380ef7e0!8m2!3d48.8583701!4d2.2944813!9m1!1b1?hl=en"
google_reviews,"A must see in Paris! Highly recommend going to the top! However, you will wait in line for an hour for tickets, fyi. The views are incredible though, and worth it. There are a few shops and a small bistro on the 2nd floor, in case you want souvenirs or you're hungry.",5,4 months ago,"https://www.google.com/maps/place/Eiffel+Tower/@48.8583701,2.2944813,17z/data=!4m7!3m6!1s0x47e66e2964e34e2d:0x8ddca9ee380ef7e0!8m2!3d48.8583701!4d2.2944813!9m1!1b1?hl=en"
google_reviews,"I love a monument built, not for kings or gods, but got the world fair. Built to prove what humans we're capable of. Gorgeous.",5,a month ago,"https://www.google.com/maps/place/Eiffel+Tower/@48.8583701,2.2944813,17z/data=!4m7!3m6!1s0x47e66e2964e34e2d:0x8ddca9ee380ef7e0!8m2!3d48.8583701!4d2.2944813!9m1!1b1?hl=en"
google_reviews,"For me, the Eiffel Tower is the second most beautiful monument in Paris, right after Notre Dame. It’s truly majestic, and you simply can’t take your eyes off it whenever you see it. Unfortunately, the 3rd floor was closed due to construction works, but I went up to the 2nd floor (ticket cost: €23.50) and I was absolutely amazed by the 360° panoramic view of Paris. The experience was unforgettable. If I ever visit Paris again, I would definitely go up there once more.",5,3 months ago,"https://www.google.com/maps/place/Eiffel+Tower/@48.8583701,2.2944813,17z/data=!4m7!3m6!1s0x47e66e2964e34e2d:0x8ddca9ee380ef7e0!8m2!3d48.8583701!4d2.2944813!9m1!1b1?hl=en"
google_reviews,"Visiting the Eiffel Tower is one of those experiences that truly lives up to the hype. No matter how many photos you’ve seen before, standing in front of it in person feels completely different. The scale, the details in the ironwork, and the way it dominates the Paris skyline are impressive in a way that’s hard to describe.

Going up the tower is absolutely worth it. The views over Paris are stunning, especially on a clear day. You get a full sense of how beautiful and elegant the city is, with the Seine winding through it and landmarks visible in every direction. Even just spending time at the base, walking around and taking photos, feels special.

Yes, it can get crowded, and lines can be long if you don’t plan ahead. Buying tickets in advance definitely helps. Security is well organized, and staff do their best to keep things moving smoothly despite the number of visitors.

At night, the experience becomes even more magical. When the tower lights up and sparkles, it creates one of the most memorable moments you can have in Paris. It’s romantic, iconic, and something you’ll remember long after your trip is over. A true must-see.",5,4 months ago,"https://www.google.com/maps/place/Eiffel+Tower/@48.8583701,2.2944813,17z/data=!4m7!3m6!1s0x47e66e2964e34e2d:0x8ddca9ee380ef7e0!8m2!3d48.8583701!4d2.2944813!9m1!1b1?hl=en"
google_reviews,"An iconic landmark that still manages to exceed expectations. Up close, the iron structure feels surprisingly elegant, and each level reveals a wider, more beautiful view of Paris. The highlight is returning at night when the tower sparkles and the whole city feels magical. A must-visit that truly lives up to its reputation.",5,2 months ago,"https://www.google.com/maps/place/Eiffel+Tower/@48.8583701,2.2944813,17z/data=!4m7!3m6!1s0x47e66e2964e34e2d:0x8ddca9ee380ef7e0!8m2!3d48.8583701!4d2.2944813!9m1!1b1?hl=en"
google_reviews,"The Apple Store on 5th Avenue is truly an iconic experience. The moment you enter through the glass cube, the place feels premium, modern, and very well organized despite being busy. The staff are extremely knowledgeable, patient, and genuinely helpful they take time to understand your issue and explain everything clearly without rushing.
I visited for product assistance and browsing, and the service was smooth from start to finish. The layout is clean, devices are well displayed, and it’s easy to try out products freely. Even with a lot of customers, the team manages things efficiently and professionally.
Overall, it’s not just a store but an experience. Highly recommended for anyone visiting New York City or looking for top-notch Apple service.",5,4 months ago,"https://www.google.com/maps/place/Apple+Fifth+Avenue/@40.7638478,-73.9729785,17z/data=!4m7!3m6!1s0x89c258f0741ceda7:0x4fd23cddb7a3d144!8m2!3d40.7638478!4d-73.9729785!9m1!1b1?hl=en"
google_reviews,"This Apple Store is truly one of the most iconic flagship locations. We visited it during our New York trip to buy the iPhone 17 Pro, and the experience was really pleasant. Even though the store was busy, everything felt well managed and organized.
The staff was friendly, helpful, and quick to assist us. They explained things clearly and made the whole buying process easy and stress free. Overall, it was a great experience and a place worth visiting when you’re in New York.",5,4 months ago,"https://www.google.com/maps/place/Apple+Fifth+Avenue/@40.7638478,-73.9729785,17z/data=!4m7!3m6!1s0x89c258f0741ceda7:0x4fd23cddb7a3d144!8m2!3d40.7638478!4d-73.9729785!9m1!1b1?hl=en"
google_reviews,"If you are looking for the definition of five-star customer service at Apple, this location delivers it consistently. Even on an extremely busy afternoon, the store manager took the time to assist me with a level of professionalism and care that you rarely see inside a flagship retail store.

He helped me walk through all of my trade-in options clearly, made sure I understood what would give me the best value, and even packaged everything for me so it was ready to go. He also looked up and confirmed the correct drop-off location for my device. He used his own phone to pull up directions, landmarks, and nearby reference points so I would not get lost on the way. Before I left, he double-checked that I felt confident in the process and that every question was answered.

This store is enormous, high-traffic, and visually overwhelming if you are stopping in for a quick errand without an appointment. Because of the store manager’s patience, attention to detail, and genuine kindness, this experience felt easy and seamless. It completely changed how I view this location.

Because of the service I received on November 4th 2025 around 4:30 PM, this is the only Apple store I will be returning to in Manhattan (and it is open 24 hours!). Highly recommend.",5,5 months ago,"https://www.google.com/maps/place/Apple+Fifth+Avenue/@40.7638478,-73.9729785,17z/data=!4m7!3m6!1s0x89c258f0741ceda7:0x4fd23cddb7a3d144!8m2!3d40.7638478!4d-73.9729785!9m1!1b1?hl=en"
google_reviews,"The greatest Apple Store that I have ever been to.
I was lucky to get there when Apple's new phones were a hype and I had to be in an hour-long line before I got to the counter -)
Well, I had to leave New York City that day so I had to be in that line.

The store is huge and it looks very spacious, very bright, very light.
Lots of people who test new gadgets or just come by to take a look at the latest models.

But what made this Apple Store special were the people working there. They are so great as they like the job they do.
They know literally everything about the products!
And tell you that in such a way that you just cannot but buy them! -))

Great store, definitely the greatest Apple Store and probably one of the greatest stores in the world!",5,4 months ago,"https://www.google.com/maps/place/Apple+Fifth+Avenue/@40.7638478,-73.9729785,17z/data=!4m7!3m6!1s0x89c258f0741ceda7:0x4fd23cddb7a3d144!8m2!3d40.7638478!4d-73.9729785!9m1!1b1?hl=en"
google_reviews,"Disclaimer: I didn’t make a purchase or interact with any Apple employees, as I stopped in purely for the vibes. The building itself is beautiful, with a really impressive layout that showcases the products well. If you’re even a little bit of a tech enthusiast, this is a fun stop to make while visiting NYC. Just keep in mind that it does get very crowded, and yes, there is a bathroom available.",5,3 months ago,"https://www.google.com/maps/place/Apple+Fifth+Avenue/@40.7638478,-73.9729785,17z/data=!4m7!3m6!1s0x89c258f0741ceda7:0x4fd23cddb7a3d144!8m2!3d40.7638478!4d-73.9729785!9m1!1b1?hl=en"
google_reviews,Beautiful designed store. Lots of room and open 24hrs.  Nothing you can’t get at your local Apple Store but still very cool aesthetically 🍎 …,5,3 months ago,"https://www.google.com/maps/place/Apple+Fifth+Avenue/@40.7638478,-73.9729785,17z/data=!4m7!3m6!1s0x89c258f0741ceda7:0x4fd23cddb7a3d144!8m2!3d40.7638478!4d-73.9729785!9m1!1b1?hl=en"
google_reviews,Magnificent store. Just like the product the store is also world class. Located in the most iconic place in NY city. The all glass architecture is an excellent work item. Array of products are also great. The sales team is awesome. And always willing to help.,5,6 months ago,"https://www.google.com/maps/place/Apple+Fifth+Avenue/@40.7638478,-73.9729785,17z/data=!4m7!3m6!1s0x89c258f0741ceda7:0x4fd23cddb7a3d144!8m2!3d40.7638478!4d-73.9729785!9m1!1b1?hl=en"
google_reviews,"The best example of the Worst Customer service in the world!!
Apple,  get ur employees trained properly, i have never experienced this attitude from Apple staff anywhere around the world.. & this is your famous Apple 5th avenue store?!? 😳
Behaviour of staff, i am picking up my new phone i get just get -“Here u go!” !??
i asked whats happening with my trade in, they sent me to another person who idk how he ended up being senior in this store….So rude & not using appropriate tone of voice or choice of words towards every customer who was waiting…
The only person who was helpful was the lady who took over to make my trade it process…at least she had patience with all of us who were doing data transfer….
And i can’t get in touch with ur online customer support. You still owe me 100$ for the mistake that your support staff did with my online purchase…
I did not get my refund completely…. What’s happening here?",1,5 months ago,"https://www.google.com/maps/place/Apple+Fifth+Avenue/@40.7638478,-73.9729785,17z/data=!4m7!3m6!1s0x89c258f0741ceda7:0x4fd23cddb7a3d144!8m2!3d40.7638478!4d-73.9729785!9m1!1b1?hl=en"
google_reviews,"The crowds at the Apple flagship store on Fifth Avenue was absolutely insane so I waited about 10 minutes before an employee came over to help me buy what I needed. For me the shopping experience was still pretty good, but I did feel as if they wanted me to leave as soon as possible? But overall the shopping experience was great so 4/5",4,2 months ago,"https://www.google.com/maps/place/Apple+Fifth+Avenue/@40.7638478,-73.9729785,17z/data=!4m7!3m6!1s0x89c258f0741ceda7:0x4fd23cddb7a3d144!8m2!3d40.7638478!4d-73.9729785!9m1!1b1?hl=en"
google_reviews,"If you buy your new iPhone here, you’re in the perfect spot to test out the camera right away. The store is located right next to Central Park — an amazing place for nature photography — and just steps away from some of the city’s most iconic buildings with stunning architecture that’s well worth capturing.",5,6 months ago,"https://www.google.com/maps/place/Apple+Fifth+Avenue/@40.7638478,-73.9729785,17z/data=!4m7!3m6!1s0x89c258f0741ceda7:0x4fd23cddb7a3d144!8m2!3d40.7638478!4d-73.9729785!9m1!1b1?hl=en"
google_reviews,Wow. What a fabulous store and experience. Over on a 4 day trip from the uk. Just fancied a walk around the store and the genuine help and advice that I received was first class. I even stopped to enjoy one of the workshops on using your iPhone as a camera. I can only say the whole experience was mind blowing. Helpful and good honest advice from start to finish.,5,a month ago,"https://www.google.com/maps/place/Apple+Fifth+Avenue/@40.7638478,-73.9729785,17z/data=!4m7!3m6!1s0x89c258f0741ceda7:0x4fd23cddb7a3d144!8m2!3d40.7638478!4d-73.9729785!9m1!1b1?hl=en"
google_reviews,"Excellent service and great customer support. The team was friendly, patient, and genuinely helpful from start to finish. I don’t remember the name of the staff member who assisted me, but if you see this—please take my huge appreciation. You made the experience outstanding. Highly recommend this store!",5,4 months ago,"https://www.google.com/maps/place/Apple+Fifth+Avenue/@40.7638478,-73.9729785,17z/data=!4m7!3m6!1s0x89c258f0741ceda7:0x4fd23cddb7a3d144!8m2!3d40.7638478!4d-73.9729785!9m1!1b1?hl=en"
google_reviews,"Visiting the Apple Store on Fifth Avenue was an amazing experience. I bought a MacBook Air, and the staff were incredibly friendly, patient, and helpful. The store itself is huge, bright, and modern, and it’s really fun to explore all the products. I loved being able to try out the devices before making a purchase—it made choosing so much easier.

The whole shopping experience felt effortless and professional, and the team made sure all my questions were answered. If you’re looking for top-notch service, a clean and modern environment, and a truly enjoyable Apple experience, this store is the place to go.",5,2 months ago,"https://www.google.com/maps/place/Apple+Fifth+Avenue/@40.7638478,-73.9729785,17z/data=!4m7!3m6!1s0x89c258f0741ceda7:0x4fd23cddb7a3d144!8m2!3d40.7638478!4d-73.9729785!9m1!1b1?hl=en"
google_reviews,"This was a very nice store. There are many options for phones,iPad’s, computers and everything else apple. The associate’s were very helpful if you needed them for any reason.",5,4 months ago,"https://www.google.com/maps/place/Apple+Fifth+Avenue/@40.7638478,-73.9729785,17z/data=!4m7!3m6!1s0x89c258f0741ceda7:0x4fd23cddb7a3d144!8m2!3d40.7638478!4d-73.9729785!9m1!1b1?hl=en"
google_reviews,"Apple Fifth Avenue is an incredible experience.
The iconic glass cube itself is stunning, and the underground store feels spacious and modern. Staff are extremely helpful, knowledgeable, and professional. The location is perfect, right next to Central Park, making it one of the best Apple Stores in the world.",5,3 months ago,"https://www.google.com/maps/place/Apple+Fifth+Avenue/@40.7638478,-73.9729785,17z/data=!4m7!3m6!1s0x89c258f0741ceda7:0x4fd23cddb7a3d144!8m2!3d40.7638478!4d-73.9729785!9m1!1b1?hl=en"
google_reviews,"My experience at the Apple Store was excellent. The store is very organized, and all the employees are kind, professional, and truly willing to help you with everything you need.

I especially want to highlight Daniel, who really stood out. He speaks four languages (Spanish, English, Portuguese, and Italian), answered all of my questions with patience and clarity, and made the whole experience smooth and pleasant. His kindness and knowledge made a big difference, and I felt genuinely taken care of as a customer.

I left the store very happy and satisfied with the service. Great team, great environment, and outstanding customer service. Highly recommended! Thanks again Daniel",5,3 months ago,"https://www.google.com/maps/place/Apple+Fifth+Avenue/@40.7638478,-73.9729785,17z/data=!4m7!3m6!1s0x89c258f0741ceda7:0x4fd23cddb7a3d144!8m2!3d40.7638478!4d-73.9729785!9m1!1b1?hl=en"
google_reviews,"We were walking near Central Park on a warm day and didn’t plan to stop… but how could we resist the stunning glass cube that marks the entrance to this Apple store? 😍 It looked so cool (literally and figuratively!) — like a little oasis in the middle of the city. We stepped inside, walked down the beautiful spiral staircase, and suddenly we were in a buzzing world of Apple.

Even though we already own plenty of Apple devices, we just wanted to enjoy the vibe — and it was worth it! The store is huge, bright, and full of energy. 🔋 So many people were browsing, buying, exploring. Several team members approached us kindly, and I’m sure anyone seriously looking to purchase something would get help quickly. They’re fast and attentive. ✅

It’s a great spot to cool down, explore the latest tech, and even take a little break — yes, they do have clean public restrooms, which is a plus in NYC! 🚻😉

Definitely recommend stopping by — even just for the experience.
RECOMMENDED 💯 (Personally mine)",5,9 months ago,"https://www.google.com/maps/place/Apple+Fifth+Avenue/@40.7638478,-73.9729785,17z/data=!4m7!3m6!1s0x89c258f0741ceda7:0x4fd23cddb7a3d144!8m2!3d40.7638478!4d-73.9729785!9m1!1b1?hl=en"
google_reviews,"An art piece masquerading as an Apple store. This flagship location is a testament to the extraordinary lengths Apple goes to create the ultimate premium feel from their products to their stores. Walking down the spiral staircase, you can see the expansive underground vault of tables and displays of the newest Apple product. Amidst all the electronics are nature, plenty of trees and greenery surround the store with a light refreshing ambiance. This greenery looks all well maintained and is calming to see. There is a large seating area to rest and free charging from magsafe pads. Plenty of staff to balance the huge flow of visitors and buyers here getting their new products set up or asking questions about their next purchase.",5,7 months ago,"https://www.google.com/maps/place/Apple+Fifth+Avenue/@40.7638478,-73.9729785,17z/data=!4m7!3m6!1s0x89c258f0741ceda7:0x4fd23cddb7a3d144!8m2!3d40.7638478!4d-73.9729785!9m1!1b1?hl=en"
google_reviews,"Service 0/10. Ridiculous, I hated the service.
1. I waited from 5:30PM that I arrived till 7:10 PM when GENESIS came and help.
2. Not only she wasn’t helpful, she said she couldn’t unlocked my phone because I needed to go to T-Mobile. (So why is someone like that working in Apple).
3. In the middle of her giving me help, she went and help another person. Well she made me wait more.
4. She unlocked my phone by deleting all my information, which I was very clear that I wanted my information back.
Basically she restarted a phone and gave me a new Apple ID. Apple tech only knows how to do that ?! Bc if I wanted to, I do it own my own. I came to Apple because I thought that they could have the knowledge to give me a solution BY UNLOCKING IT WITHOUT DELETING MY WHOLE APPLE ID.
It’s not the first time my phone is locked and technician from other places would unlocked without deleting my information.
I’m so sad , and I will never come back to this APPLE. I thought apple was efficient and smart. Sorry but this was a total dissatisfying.",1,2 months ago,"https://www.google.com/maps/place/Apple+Fifth+Avenue/@40.7638478,-73.9729785,17z/data=!4m7!3m6!1s0x89c258f0741ceda7:0x4fd23cddb7a3d144!8m2!3d40.7638478!4d-73.9729785!9m1!1b1?hl=en"
google_reviews,Compared to other Apple stores this place is neat! I love the design that went into it. Staff is helpful; I never bought anything there though. I always just go to look every time when I am in New York City!,5,5 months ago,"https://www.google.com/maps/place/Apple+Fifth+Avenue/@40.7638478,-73.9729785,17z/data=!4m7!3m6!1s0x89c258f0741ceda7:0x4fd23cddb7a3d144!8m2!3d40.7638478!4d-73.9729785!9m1!1b1?hl=en"
google_reviews,"Apple Fifth Avenue is not just a store; it’s an architectural landmark and a testament to Apple’s commitment to design and innovation. Located at 767 Fifth Avenue, the store is renowned for its striking glass cube entrance, which has become a symbol of Apple’s retail presence.

Store Design & Atmosphere:
The interior is expansive and elegantly designed, featuring high ceilings, natural lighting, and a spacious layout that showcases Apple’s products in a minimalist yet inviting setting. The store’s design emphasizes openness and accessibility, making it a pleasant environment for both browsing and purchasing. The Genius Bar and various product zones are well-organized, ensuring a smooth customer experience.

Product Availability & Services:
Apple Fifth Avenue offers a comprehensive range of Apple products, including the latest iPhones, iPads, Macs, and accessories. Customers can also take advantage of services like the Genius Bar for technical support and “Today at Apple” sessions for learning more about Apple products and services.

Customer Experience:
The staff is knowledgeable and helpful, providing assistance with product selection, technical inquiries, and service appointments. While the store can get busy, especially during product launches, the staff manages the crowd efficiently, ensuring that each customer receives attention.

Overall:
Apple Fifth Avenue is a must-visit destination for tech enthusiasts and anyone interested in experiencing Apple’s retail environment. Its combination of iconic architecture, comprehensive product offerings, and excellent customer service makes it a standout location in New York City.",4,7 months ago,"https://www.google.com/maps/place/Apple+Fifth+Avenue/@40.7638478,-73.9729785,17z/data=!4m7!3m6!1s0x89c258f0741ceda7:0x4fd23cddb7a3d144!8m2!3d40.7638478!4d-73.9729785!9m1!1b1?hl=en"
google_reviews,"Please and a sign in the stools área, my kids aligned some of them thinking to help on the miss arrangement of the area and a worker there with wrong voice tone and being rude enough asked them to don’t do it because is not allowed, it was not a bad behavior and even me I didn’t see that as a breaking any social rule. This guy was only looking at us afterwards while my husband was buying there. Why alignment is wrong even if on the web we can find out some pictures of stools aligned…",1,5 months ago,"https://www.google.com/maps/place/Apple+Fifth+Avenue/@40.7638478,-73.9729785,17z/data=!4m7!3m6!1s0x89c258f0741ceda7:0x4fd23cddb7a3d144!8m2!3d40.7638478!4d-73.9729785!9m1!1b1?hl=en"
google_reviews,"Massive massive store. You would end up buying something or the other even if you are not an Apple fan.
The whole setup is really pleasing.
In the most upmarket areas of NY, this one on the 5th Avenue is unlike any other Apple store.
It just forces you to buy.
They also have training sessions and the enthusiasm with which the guys take the classes are mind blowing.",5,Edited 9 months ago,"https://www.google.com/maps/place/Apple+Fifth+Avenue/@40.7638478,-73.9729785,17z/data=!4m7!3m6!1s0x89c258f0741ceda7:0x4fd23cddb7a3d144!8m2!3d40.7638478!4d-73.9729785!9m1!1b1?hl=en"
google_reviews,"The best feature you'll find for iOS and MacOS is actually hidden in plain sight from the start; a feature that has created a future for everything we no and love for: the 17 Pro Max iOS series and other Government, Education and Corporate Sector catalog items available for purchase in-store, online and at authorized retailers including Best Buy, Staples and ... Costco? OK, the moment we've all been waiting for... I WAS TODAY OLD WHEN I DISCOVERED THAT ACTUALLY THE _______________ feature is the best, SINCE THE DAWN OF TIME. The best feature...? Reminders. 😎",5,2 months ago,"https://www.google.com/maps/place/Apple+Fifth+Avenue/@40.7638478,-73.9729785,17z/data=!4m7!3m6!1s0x89c258f0741ceda7:0x4fd23cddb7a3d144!8m2!3d40.7638478!4d-73.9729785!9m1!1b1?hl=en"
google_reviews,"This store is truly a marvel, Staff are helpful and friendly,went back twice and brought both times",5,2 months ago,"https://www.google.com/maps/place/Apple+Fifth+Avenue/@40.7638478,-73.9729785,17z/data=!4m7!3m6!1s0x89c258f0741ceda7:0x4fd23cddb7a3d144!8m2!3d40.7638478!4d-73.9729785!9m1!1b1?hl=en"
google_reviews,"Apple Fifth Avenue is truly a unique experience. The design of the glass cube entrance is stunning and immediately sets it apart. Once inside, the store is spacious, modern, and well-organized. The staff are knowledgeable and friendly, always ready to help with questions or issues.

One of the standout features is the 24/7 availability, making it convenient for any schedule. However, it can get quite crowded, especially during peak hours, which sometimes affects how quickly you can get assistance.

Overall, it’s a must-visit for any Apple enthusiast or those just curious about an iconic location. The mix of architecture, technology, and service is impressive.",4,a year ago,"https://www.google.com/maps/place/Apple+Fifth+Avenue/@40.7638478,-73.9729785,17z/data=!4m7!3m6!1s0x89c258f0741ceda7:0x4fd23cddb7a3d144!8m2!3d40.7638478!4d-73.9729785!9m1!1b1?hl=en"
google_reviews,"⭐️⭐️⭐️⭐️⭐️
The Apple Store on 5th Avenue is a masterpiece! Open 24/7, with a stunning glass cube entrance and sleek modern interior. Staff are super helpful, and the experience feels premium from start to finish. Great place to explore new tech, try products, and get expert support. A must-visit in NYC!",5,9 months ago,"https://www.google.com/maps/place/Apple+Fifth+Avenue/@40.7638478,-73.9729785,17z/data=!4m7!3m6!1s0x89c258f0741ceda7:0x4fd23cddb7a3d144!8m2!3d40.7638478!4d-73.9729785!9m1!1b1?hl=en"
google_reviews,"Must visit for every Apple Fan, the flagship 24/7 store. You have many seat possibilities. Unfortunately, it is covered right now by construction :/",5,2 months ago,"https://www.google.com/maps/place/Apple+Fifth+Avenue/@40.7638478,-73.9729785,17z/data=!4m7!3m6!1s0x89c258f0741ceda7:0x4fd23cddb7a3d144!8m2!3d40.7638478!4d-73.9729785!9m1!1b1?hl=en"
google_reviews,Aside from the cool entrance (ruined by temporary cover for building maintenance) this is just a normal apple store with a few more plastic plants. Ok it is ok 24hrs but can't see the point in that. Time to put coffee shops in these stores.,3,a year ago,"https://www.google.com/maps/place/Apple+Fifth+Avenue/@40.7638478,-73.9729785,17z/data=!4m7!3m6!1s0x89c258f0741ceda7:0x4fd23cddb7a3d144!8m2!3d40.7638478!4d-73.9729785!9m1!1b1?hl=en"
google_reviews,The staff was so friendly and smooth for the buying process ~ glad to buy iphone here,5,4 months ago,"https://www.google.com/maps/place/Apple+Fifth+Avenue/@40.7638478,-73.9729785,17z/data=!4m7!3m6!1s0x89c258f0741ceda7:0x4fd23cddb7a3d144!8m2!3d40.7638478!4d-73.9729785!9m1!1b1?hl=en"
google_reviews,"If you are a apple fan you most come to see this place , they have the biggest apple product exhibition of all time!",5,2 months ago,"https://www.google.com/maps/place/Apple+Fifth+Avenue/@40.7638478,-73.9729785,17z/data=!4m7!3m6!1s0x89c258f0741ceda7:0x4fd23cddb7a3d144!8m2!3d40.7638478!4d-73.9729785!9m1!1b1?hl=en"
google_reviews,"Visiting Apple Fifth Avenue was an incredible experience from start to finish. The store’s iconic glass cube entrance is striking, making it one of the most recognizable Apple locations in the world. Walking down the sleek spiral staircase (or taking the futuristic glass elevator) into the spacious, beautifully designed store felt like stepping into a tech lover’s dream.

The customer service was top-notch—every staff member was knowledgeable, friendly, and eager to help without being overbearing. Whether you’re there to check out the latest products, get technical support, or just browse, the team makes sure you have an amazing experience.

One of the best parts? This store is open 24/7, making it a unique and convenient stop at any time of day. Even during busy hours, everything runs smoothly, and there’s plenty of space to explore the latest iPhones, iPads, and Macs.

Beyond the shopping experience, the store itself is a landmark worth visiting in New York City. The modern, minimalist design, combined with the energy of Fifth Avenue, makes it feel like more than just a retail space—it’s an attraction in its own right. If you’re an Apple fan (or just appreciate great architecture and design), this store is a must-see!",5,a year ago,"https://www.google.com/maps/place/Apple+Fifth+Avenue/@40.7638478,-73.9729785,17z/data=!4m7!3m6!1s0x89c258f0741ceda7:0x4fd23cddb7a3d144!8m2!3d40.7638478!4d-73.9729785!9m1!1b1?hl=en"
google_reviews,"The 5th Avenue location is probably the most beautiful or the second most beautiful Apple store that I have been too.

The design and layout are eye-catching. I liked a lot the natural light fixtures on the ceiling, that’s a nice and modern touch.

What I didn’t like from my visit, was the customer service. No one approached me to ask if I needed help. Apple does better at other locations I have been to.",4,9 months ago,"https://www.google.com/maps/place/Apple+Fifth+Avenue/@40.7638478,-73.9729785,17z/data=!4m7!3m6!1s0x89c258f0741ceda7:0x4fd23cddb7a3d144!8m2!3d40.7638478!4d-73.9729785!9m1!1b1?hl=en"
google_reviews,"Shout out to Hector, he walked me through Apple Vision Pro and was genuine & personable. Before the demo i expected super corporate responses & did not have high expectations given its a public display on their showroom floor. I did have to wait ab 30 mins from when I was supposed to demo but as a goodwill gesture they apologized for the wait & the store let me use the glasses for longer.

Kuddos on customer service; but the tech also does not disappoint! From the start the visuals & augmented reality is very clean & visually appealing. The eye tracking is highly effective and the experiences are unique.

Unfortunately I dont think I would buy it as it seems more like a display of Apple technology rather than day-to-day use for me.

As always the store is beautiful and great location. (01/30)",5,3 months ago,"https://www.google.com/maps/place/Apple+Fifth+Avenue/@40.7638478,-73.9729785,17z/data=!4m7!3m6!1s0x89c258f0741ceda7:0x4fd23cddb7a3d144!8m2!3d40.7638478!4d-73.9729785!9m1!1b1?hl=en"
google_reviews,"I finally got the headphones I wanted. The good news is that they were available in the store, it was on the way to work, and the consultant served them very quickly.",5,2 months ago,"https://www.google.com/maps/place/Apple+Fifth+Avenue/@40.7638478,-73.9729785,17z/data=!4m7!3m6!1s0x89c258f0741ceda7:0x4fd23cddb7a3d144!8m2!3d40.7638478!4d-73.9729785!9m1!1b1?hl=en"
google_reviews,"A huge store featuring Apple’s full current lineup. Plenty of friendly staff members are available to help, and you're free to test out every device on display.",5,2 months ago,"https://www.google.com/maps/place/Apple+Fifth+Avenue/@40.7638478,-73.9729785,17z/data=!4m7!3m6!1s0x89c258f0741ceda7:0x4fd23cddb7a3d144!8m2!3d40.7638478!4d-73.9729785!9m1!1b1?hl=en"
google_reviews,"Stopped by the store on 5th Avenue recently, and I have to say, it’s more than just a place to shop. The selection is top-notch, and the store itself is stylish and well-organized, making it easy to find exactly what you need.

But what really caught my attention were the learning sessions they offer. I attended one where they shared tips and tricks for capturing great photos with an iPhone, and it was surprisingly informative. The instructors kept things fun and laid-back while sharing some genuinely useful advice.

If you’re into both shopping and picking up new skills, this store is a hidden gem. Whether you’re looking to upgrade your gear or learn something new, it’s definitely worth a visit!",5,a year ago,"https://www.google.com/maps/place/Apple+Fifth+Avenue/@40.7638478,-73.9729785,17z/data=!4m7!3m6!1s0x89c258f0741ceda7:0x4fd23cddb7a3d144!8m2!3d40.7638478!4d-73.9729785!9m1!1b1?hl=en"
google_reviews,"I came here for the iPhone 26. Not there yet lol. Oh well. Got the Apple watch instead. Big store, nice decors. It has everything Apple",5,8 months ago,"https://www.google.com/maps/place/Apple+Fifth+Avenue/@40.7638478,-73.9729785,17z/data=!4m7!3m6!1s0x89c258f0741ceda7:0x4fd23cddb7a3d144!8m2!3d40.7638478!4d-73.9729785!9m1!1b1?hl=en"
google_reviews,"My daughter and I went to this store because it's 24/7 and we were hoping to leave with her phone either fixed or replaced.  We waited about 28 minutes, which is good since we didn't have a prior appointment.  Two gentlemen, Timothy and Michael, were helpful and explained the whole process. Then a nice gentleman ran diagnostic on the phone,  said it needed repairs which would have taken a couple of days,  so he stepped away and 5 minutes later he returned with a brand new phone.  Awesome way of providing customer satisfaction.",5,2 years ago,"https://www.google.com/maps/place/Apple+Fifth+Avenue/@40.7638478,-73.9729785,17z/data=!4m7!3m6!1s0x89c258f0741ceda7:0x4fd23cddb7a3d144!8m2!3d40.7638478!4d-73.9729785!9m1!1b1?hl=en"
google_reviews,"Superb venue.
Fast service. Staff is friendly.
I bought 2 Apple Watch 11.",5,4 months ago,"https://www.google.com/maps/place/Apple+Fifth+Avenue/@40.7638478,-73.9729785,17z/data=!4m7!3m6!1s0x89c258f0741ceda7:0x4fd23cddb7a3d144!8m2!3d40.7638478!4d-73.9729785!9m1!1b1?hl=en"
google_reviews,"A really cool experience and little journey walking down spiral stairs to unveil an entire, huge level of just: apple. I bought a new pair of airpods here, and the staff i spoke with was great, helped me with making it a seamless process. I also inquired about some of their other products which they didn't have, but he helped find stock for me at other stores.

This place is also super duper packed so this is by no means a place to relax unless you want incessant crowd chatter",5,a year ago,"https://www.google.com/maps/place/Apple+Fifth+Avenue/@40.7638478,-73.9729785,17z/data=!4m7!3m6!1s0x89c258f0741ceda7:0x4fd23cddb7a3d144!8m2!3d40.7638478!4d-73.9729785!9m1!1b1?hl=en"
google_reviews,"They know the job, excellent products, great service, reasonable price",5,4 months ago,"https://www.google.com/maps/place/Apple+Fifth+Avenue/@40.7638478,-73.9729785,17z/data=!4m7!3m6!1s0x89c258f0741ceda7:0x4fd23cddb7a3d144!8m2!3d40.7638478!4d-73.9729785!9m1!1b1?hl=en"
google_reviews,"4 stars for the location and the stunning design of the Apple Store on 5th Avenue. It's one of the nicest Apple stores I've visited. However, the service was disappointing. The employees seemed more focused on getting you to spend money and less on customer care. We felt somewhat ignored during our purchase, and Apple should definitely train their staff on how to treat clients who are spending significant amounts. Still, the store itself is a great spot to visit.",4,a year ago,"https://www.google.com/maps/place/Apple+Fifth+Avenue/@40.7638478,-73.9729785,17z/data=!4m7!3m6!1s0x89c258f0741ceda7:0x4fd23cddb7a3d144!8m2!3d40.7638478!4d-73.9729785!9m1!1b1?hl=en"
google_reviews,"I like the place but their stuff is not well behaved. They would not want to explain, but instead tell me to read the site and gain the knowledge.  Not all people are tech guys to understand everything. Hope they will take care of this. We have been using iPhones for many years at high prices.",4,11 months ago,"https://www.google.com/maps/place/Apple+Fifth+Avenue/@40.7638478,-73.9729785,17z/data=!4m7!3m6!1s0x89c258f0741ceda7:0x4fd23cddb7a3d144!8m2!3d40.7638478!4d-73.9729785!9m1!1b1?hl=en"
google_reviews,"I’ve been to Apple Stores… but THIS one? This is the Beyoncé of them.
The glass cube alone had me feeling like I was entering a tech cathedral. 🙏🏽📱

The whole area is buzzing, energy high, tourists everywhere, and somehow the staff STILL kept their cool. I could always run in before work or not spend my whole day off waiting to be helped. Efficient, patient, and moving through chaos like they trained for the NYC Marathon.

Inside was spotless, fully stocked, and you can literally feel the money in the air (😂 let’s be real).
If you’ve never been, it’s not a store — it’s an experience.
Even if you don’t buy anything, the vibe alone is worth the trip.

5th Ave Apple just hits different. 🍎🗽",5,Edited 4 months ago,"https://www.google.com/maps/place/Apple+Fifth+Avenue/@40.7638478,-73.9729785,17z/data=!4m7!3m6!1s0x89c258f0741ceda7:0x4fd23cddb7a3d144!8m2!3d40.7638478!4d-73.9729785!9m1!1b1?hl=en"
google_reviews,"Excellent store. Wide selection, nice interior, fast service.",5,7 months ago,"https://www.google.com/maps/place/Apple+Fifth+Avenue/@40.7638478,-73.9729785,17z/data=!4m7!3m6!1s0x89c258f0741ceda7:0x4fd23cddb7a3d144!8m2!3d40.7638478!4d-73.9729785!9m1!1b1?hl=en"
google_reviews,Asked an employee to help me who was just standing there. Was told to help myself on the other side of the store. Then was flatly ignored by another employee who pretended not to hear me. Ignored by a group of men who were employees who again just pointed me to the stylus and refused to help me. Five employees and not one person would help me. I came ready to make the purchase and left empty-handed because employees simply will not do their jobs.,1,3 months ago,"https://www.google.com/maps/place/Apple+Fifth+Avenue/@40.7638478,-73.9729785,17z/data=!4m7!3m6!1s0x89c258f0741ceda7:0x4fd23cddb7a3d144!8m2!3d40.7638478!4d-73.9729785!9m1!1b1?hl=en"
google_reviews,"It’s amazing that virtually every Apple Store location has each built uniquely. This one was underground. Upon entering a large glass box with an Apple logo hanged on top, there is a shiny elevator or stairs to the underground, in case it’s too crowded or you don’t prefer elevators. There is a restroom in this Apple Store location, and the selections are great, the same selections that you would find in Apple’s online website. Very clean and aesthetically appealing. Vision Pro demos are available. Overall, it’s a great Apple Store location.",5,a year ago,"https://www.google.com/maps/place/Apple+Fifth+Avenue/@40.7638478,-73.9729785,17z/data=!4m7!3m6!1s0x89c258f0741ceda7:0x4fd23cddb7a3d144!8m2!3d40.7638478!4d-73.9729785!9m1!1b1?hl=en"
google_reviews,"It’s one of the biggest Apple Store of New York … they have a very huge area to display products like iPhone, iwatch, iPads and other Apple products … there were hundreds of pieces of phone on display and comparison. They had the virtual reality experience corner also… some staff was courteous and few were rude. Over all it was nice being there",4,a year ago,"https://www.google.com/maps/place/Apple+Fifth+Avenue/@40.7638478,-73.9729785,17z/data=!4m7!3m6!1s0x89c258f0741ceda7:0x4fd23cddb7a3d144!8m2!3d40.7638478!4d-73.9729785!9m1!1b1?hl=en"
google_reviews,"The world’s largest apple branch, huge store with all Apple products available and the best thing is it is 24/7 open. Excellent customer service, beautiful architecture.",5,11 months ago,"https://www.google.com/maps/place/Apple+Fifth+Avenue/@40.7638478,-73.9729785,17z/data=!4m7!3m6!1s0x89c258f0741ceda7:0x4fd23cddb7a3d144!8m2!3d40.7638478!4d-73.9729785!9m1!1b1?hl=en"
google_reviews,"Wait time extremely long… dropped off a phone for battery replacement
-  when we came back, we were told that it was ready to pick up, but we were sent to a wrong table
- asked for help again, and said it was ready but just run late
- asked for the third time, finally sent to the right table
- asked for the fourth time, and told us we need to talk to some management people near the table

In summary, we had waited for an hour, asked for help multiple times…
We understand that they are busy, but I do think the management and organization can be better. Maybe they think the best thing a customer can ever do is to sit there and play with the new iPhone models…",1,3 months ago,"https://www.google.com/maps/place/Apple+Fifth+Avenue/@40.7638478,-73.9729785,17z/data=!4m7!3m6!1s0x89c258f0741ceda7:0x4fd23cddb7a3d144!8m2!3d40.7638478!4d-73.9729785!9m1!1b1?hl=en"
google_reviews,"Visiting the Apple Store on Fifth Avenue was an incredible experience. We had the chance to try the Apple Vision, and it was absolutely epic. The technology, the immersion, and the way everything is presented truly feel next-level. The team was super attentive and made the whole experience even better. A must-visit store, even if you’re just there to experience what the future feels like.",5,4 months ago,"https://www.google.com/maps/place/Apple+Fifth+Avenue/@40.7638478,-73.9729785,17z/data=!4m7!3m6!1s0x89c258f0741ceda7:0x4fd23cddb7a3d144!8m2!3d40.7638478!4d-73.9729785!9m1!1b1?hl=en"
google_reviews,"The pros : great experience in a beautiful store. We visited early morning and the store was very quiet, we got immediately attended by Sebastian who was knowledgeable about all products and gave us honest and comprehensive feedback about the range of MacBooks.
The cons : some products (specific configurations) weren’t available in stock at the time of our visit.",5,2 years ago,"https://www.google.com/maps/place/Apple+Fifth+Avenue/@40.7638478,-73.9729785,17z/data=!4m7!3m6!1s0x89c258f0741ceda7:0x4fd23cddb7a3d144!8m2!3d40.7638478!4d-73.9729785!9m1!1b1?hl=en"
google_reviews,"Such a unique Apple Store! Staff were helpful and the whole aesthetic of the store is really something.

I recommend sticking your head in here even if you not buying anything they have demos and much more.",5,10 months ago,"https://www.google.com/maps/place/Apple+Fifth+Avenue/@40.7638478,-73.9729785,17z/data=!4m7!3m6!1s0x89c258f0741ceda7:0x4fd23cddb7a3d144!8m2!3d40.7638478!4d-73.9729785!9m1!1b1?hl=en"
google_reviews,"Title: Terrible Apple Experiences in NYC — 14th Street and Fifth Avenue

I had a very bad experience at the Apple 14th Street store on January 7 (you can read my full review there). Hoping for better, I ordered the most powerful Mac Studio M4 Max online on January 30 and picked it up at the Fifth Avenue store on February 12.

From day one, the machine was unusable:
•	Final Cut Pro crashed three times while editing
•	Froze once on launch and once on quit
•	Finder opened to a blank white screen

I contacted Apple support several times for these two separate issues. Nothing was resolved, and I wasted a lot of time.

I’m returning the Mac Studio. After experiences like this, I’m honestly traumatized to buy any Apple product in the future. This is unacceptable for a flagship machine and for Apple’s standards.",2,2 months ago,"https://www.google.com/maps/place/Apple+Fifth+Avenue/@40.7638478,-73.9729785,17z/data=!4m7!3m6!1s0x89c258f0741ceda7:0x4fd23cddb7a3d144!8m2!3d40.7638478!4d-73.9729785!9m1!1b1?hl=en"
google_reviews,"Akeno is excellent! Patient , kind and knowledgeable. He did his best helping everyone in a timely manner is this very busy location. The four stars is because it took way too long to transfer phones. Not sure if it’s because the WiFi could be stronger in such a popular location.",4,3 months ago,"https://www.google.com/maps/place/Apple+Fifth+Avenue/@40.7638478,-73.9729785,17z/data=!4m7!3m6!1s0x89c258f0741ceda7:0x4fd23cddb7a3d144!8m2!3d40.7638478!4d-73.9729785!9m1!1b1?hl=en"
google_reviews,"This store is big, and was very busy.  I walked in and was immediately struck by the chaos and no indication of what to do or how the get assistance.  If I hadn't been there for.my customer,  I'd have walked out.  After about 5-10 minutes I asked an employee who was walking past me where I needed to go. He was very helpful and told me which table I needed to go to and what to do.  I waited at that table for one of the  assistants to help me. The assistant, Kim, was amazing!  I showed her the message stating what I needed to purchase, and she got me exactly what I needed. Both Kim and the guy who directed me to her table are the reason for the 4 stars, otherwise I'd have rated 1 star for the lack of visual clarity on what to do.",4,6 months ago,"https://www.google.com/maps/place/Apple+Fifth+Avenue/@40.7638478,-73.9729785,17z/data=!4m7!3m6!1s0x89c258f0741ceda7:0x4fd23cddb7a3d144!8m2!3d40.7638478!4d-73.9729785!9m1!1b1?hl=en"
google_reviews,"24 hours Apple Store. It was very busy even late at night.
Be sure to make a reservation online if you need help finding an item or fixing an item, this makes it easier on you to be attended.
The place can get very busy and even though there are sufficient number of staff making sure you have someone attend to you will make things easier.
The store is very beautiful and worth checking out. The spiral stairs are beautiful and lead to the store which is at the lower level. There is an elevator to get to the store as well.",5,2 years ago,"https://www.google.com/maps/place/Apple+Fifth+Avenue/@40.7638478,-73.9729785,17z/data=!4m7!3m6!1s0x89c258f0741ceda7:0x4fd23cddb7a3d144!8m2!3d40.7638478!4d-73.9729785!9m1!1b1?hl=en"
google_reviews,"I love love love this location. I live in the upper east side so it’s not too far from me. I got there around 3am (they’re open 24 hours!)
and was seated with a genius in about 10 minutes. She was such great help and she offered such great advice! I went in with my MacBook",5,4 months ago,"https://www.google.com/maps/place/Apple+Fifth+Avenue/@40.7638478,-73.9729785,17z/data=!4m7!3m6!1s0x89c258f0741ceda7:0x4fd23cddb7a3d144!8m2!3d40.7638478!4d-73.9729785!9m1!1b1?hl=en"
google_reviews,"Came here to buy screen protector. So basically I have my iphone 13 for several years. I got it from Indonesia and got it protected and never have cracks. I dont have slippery hands so it's never a problem. Then I bought a anti spy screen, and that is my mistake. It's a bad quality one so I got it cracked in a few months. I dont like having cracks so I went here to get it changed. I'm so sad that the screen cracked after a month buying from here. I mean how? is the apple store here provide lower quality screen protector compared to apple store in Indonesia? so i remove 1 star. because the place is cool and the service is nice and quick.",4,11 months ago,"https://www.google.com/maps/place/Apple+Fifth+Avenue/@40.7638478,-73.9729785,17z/data=!4m7!3m6!1s0x89c258f0741ceda7:0x4fd23cddb7a3d144!8m2!3d40.7638478!4d-73.9729785!9m1!1b1?hl=en"
google_reviews,"The Apple Store is like trying to get into a government building.  There are so many checkpoints you have to go through before you can even enter the store.  Which I do appreciate.  When you arrive you tell the person why you’re there purchase, repair, etc.  than they’ll direct you to someone else which will than take your temperature.  You’re then allowed to proceed and tell the next person why you’re there and than you’ll either have a short wait or they’ll tell you you can proceed to enter the store.  Once you get down the stairs you than tell them why you’re there again and tell lead you to a designated area where you will wait for the staff to come assist you. I had my own bag for my product but I believe apple is now charging .15 cents for bags.  I love there are only a certain amount of people allowed to come in at a time. The store isn’t as loud and chaotic like it usually is pre COVID.  I could actually hear the staff member  talking to me and it’s just a calming environment now.  When you exit the store they use a separate exit so you won’t go out the way you came in.  The restrooms are clean.  There is hand sanitizer all throughout the store and the staff use wipes to wipe off your device before servicing it.    There are also staff members cleaning the store also.",5,Edited 5 years ago,"https://www.google.com/maps/place/Apple+Fifth+Avenue/@40.7638478,-73.9729785,17z/data=!4m7!3m6!1s0x89c258f0741ceda7:0x4fd23cddb7a3d144!8m2!3d40.7638478!4d-73.9729785!9m1!1b1?hl=en"
google_reviews,Dan was so amazing! He took the time to help turn an horrible day into a decent one on Christmas Eve heading into Christmas. I appreciate him his manager as well they took the time to update me and help me understand the process. Dam thank you again!! Great person,5,4 months ago,"https://www.google.com/maps/place/Apple+Fifth+Avenue/@40.7638478,-73.9729785,17z/data=!4m7!3m6!1s0x89c258f0741ceda7:0x4fd23cddb7a3d144!8m2!3d40.7638478!4d-73.9729785!9m1!1b1?hl=en"
google_reviews,Sales associate Jairo is very kind and understanding. He adapts even when customers don’t speak the language and clearly knows what he’s talking about. You can be proud to have an employee like him.,5,2 months ago,"https://www.google.com/maps/place/Apple+Fifth+Avenue/@40.7638478,-73.9729785,17z/data=!4m7!3m6!1s0x89c258f0741ceda7:0x4fd23cddb7a3d144!8m2!3d40.7638478!4d-73.9729785!9m1!1b1?hl=en"
google_reviews,Amazing place to visit for the apple lovers! A toilet is free of charge!),5,2 months ago,"https://www.google.com/maps/place/Apple+Fifth+Avenue/@40.7638478,-73.9729785,17z/data=!4m7!3m6!1s0x89c258f0741ceda7:0x4fd23cddb7a3d144!8m2!3d40.7638478!4d-73.9729785!9m1!1b1?hl=en"
google_reviews,"A Midnight intelligence Magic at Apple Fifth Avenue!

Our visit to the iconic Apple Fifth Avenue was nothing short of magical! Completely unplanned yet perfectly timed, we stopped by this 24/7 Apple wonderland just hours before heading back to Charlotte from our NYC trip and what an experience it turned out to be!

Stepping into this architectural marvel in the heart of New York City, we were immediately immersed in the futuristic vibe and welcoming energy of the store. The sheer scale of it New York’s largest Apple center is awe-inspiring. We explored almost every product on display, marveling at Apple’s innovation and craftsmanship.

The highlight of our visit?
Picking up two brand new iPhone 16 Pros, unlocked and at full price, for my cousin and his girlfriend. It was my first time using the Apple Card, and the entire transaction was seamless and swift. The store’s midnight buzz made the moment feel even more surreal.

A special shoutout to Carlson, one of the finest Apple representatives we’ve ever encountered. His knowledge, enthusiasm, and willingness to guide us through the purchase and beyond truly elevated our experience.

We captured countless photos, soaking in the joy and excitement of the moment ..it was the perfect way to celebrate the arrival of 2025. If you’re in NYC, the Apple Fifth Avenue store is a must visit destination, day or night.

The energy, the innovation, and the people create memories you’ll never forget.
Thank you, Apple, for this unforgettable midnight adventure!",5,a year ago,"https://www.google.com/maps/place/Apple+Fifth+Avenue/@40.7638478,-73.9729785,17z/data=!4m7!3m6!1s0x89c258f0741ceda7:0x4fd23cddb7a3d144!8m2!3d40.7638478!4d-73.9729785!9m1!1b1?hl=en"
google_reviews,"First of all, beautiful. The eco friendly environment which that adapted was marvelous.  The stuff was friendly and their work procedure was fast. They would spend time explaining and helping you decide the item you want to get.
I loved it.

Oh also 24/7 open and the only one which will do engraving in-store. In other location you have to place the order online including the engraving bit here you can do in-store.",5,2 years ago,"https://www.google.com/maps/place/Apple+Fifth+Avenue/@40.7638478,-73.9729785,17z/data=!4m7!3m6!1s0x89c258f0741ceda7:0x4fd23cddb7a3d144!8m2!3d40.7638478!4d-73.9729785!9m1!1b1?hl=en"
google_reviews,"Architectural wonder!

Best to go in the evening, to see the effect of the lights on the cuboid entrance.

It’s open 24 hours! It has every Apple product, including a full range of non-Apple accessories.

Thai place is so lively and full of “Apple” buzz!",5,a year ago,"https://www.google.com/maps/place/Apple+Fifth+Avenue/@40.7638478,-73.9729785,17z/data=!4m7!3m6!1s0x89c258f0741ceda7:0x4fd23cddb7a3d144!8m2!3d40.7638478!4d-73.9729785!9m1!1b1?hl=en"
google_reviews,"One of the best perks of living in Manhattan is that you can lose your iPhone in Brooklyn, come to this store at 1am, and have a new one activated with your carrier in 15 minutes. The best !!!",5,2 months ago,"https://www.google.com/maps/place/Apple+Fifth+Avenue/@40.7638478,-73.9729785,17z/data=!4m7!3m6!1s0x89c258f0741ceda7:0x4fd23cddb7a3d144!8m2!3d40.7638478!4d-73.9729785!9m1!1b1?hl=en"
google_reviews,"Friendly staffs, great products, always some demo happens so that customers can get real help.",4,9 months ago,"https://www.google.com/maps/place/Apple+Fifth+Avenue/@40.7638478,-73.9729785,17z/data=!4m7!3m6!1s0x89c258f0741ceda7:0x4fd23cddb7a3d144!8m2!3d40.7638478!4d-73.9729785!9m1!1b1?hl=en"
google_reviews,"Big place, qualified employees and places to sit down and charge your phone. There are spaces to test new products, such as Apple Vision (guided by employees with appointments). Highly recommended for those who enjoy Apple’s products, for it is the greatest store I’ve ever been.",5,a year ago,"https://www.google.com/maps/place/Apple+Fifth+Avenue/@40.7638478,-73.9729785,17z/data=!4m7!3m6!1s0x89c258f0741ceda7:0x4fd23cddb7a3d144!8m2!3d40.7638478!4d-73.9729785!9m1!1b1?hl=en"
google_reviews,A very good experience - all products are on display and for experience at one place. Staff is very helpful and store operates 24×7.,5,a year ago,"https://www.google.com/maps/place/Apple+Fifth+Avenue/@40.7638478,-73.9729785,17z/data=!4m7!3m6!1s0x89c258f0741ceda7:0x4fd23cddb7a3d144!8m2!3d40.7638478!4d-73.9729785!9m1!1b1?hl=en"
google_reviews,"I’ve recently stopped by the store and so far this is the best store I’ve ever seen. The architecture is just outstanding, not only that but also the staff are extremely kind and well prepared to help in anything you may need. I had a trade-in and the process was pretty easy, I had a great time in the store.
I was assisted by two people in my experience.",5,Edited a year ago,"https://www.google.com/maps/place/Apple+Fifth+Avenue/@40.7638478,-73.9729785,17z/data=!4m7!3m6!1s0x89c258f0741ceda7:0x4fd23cddb7a3d144!8m2!3d40.7638478!4d-73.9729785!9m1!1b1?hl=en"
google_reviews,Beautiful store. Has everything Apple. But took me 45 minutes to get some help. I guess it was because it's a holiday weekend. Staff was cool though,3,11 months ago,"https://www.google.com/maps/place/Apple+Fifth+Avenue/@40.7638478,-73.9729785,17z/data=!4m7!3m6!1s0x89c258f0741ceda7:0x4fd23cddb7a3d144!8m2!3d40.7638478!4d-73.9729785!9m1!1b1?hl=en"
google_reviews,"The biggest and the most famous outlet ever.
Very busy but there is a lot of people to serve you there.
Thank you for the quick and fast reply and service.",4,a year ago,"https://www.google.com/maps/place/Apple+Fifth+Avenue/@40.7638478,-73.9729785,17z/data=!4m7!3m6!1s0x89c258f0741ceda7:0x4fd23cddb7a3d144!8m2!3d40.7638478!4d-73.9729785!9m1!1b1?hl=en"
google_reviews,"The customer service is terrible. Nobody helps, and everyone just stares. It feels like they don't want to speak to customers. I'm going to make it known that I don't play around when it comes to the things I buy. They treat it like a joke, as if money grows on trees. The help is absolutely terrible, and they need to improve as a collective. If they want better service, they should hire me. Everyone has a bad attitude and just stands there without offering any help. I've been to plenty of Apple stores in New York City, and this one is the worst I've seen. It's not even the busiest store. The managers are also terrible - they just stand there while I'm seeking help.",1,Edited a year ago,"https://www.google.com/maps/place/Apple+Fifth+Avenue/@40.7638478,-73.9729785,17z/data=!4m7!3m6!1s0x89c258f0741ceda7:0x4fd23cddb7a3d144!8m2!3d40.7638478!4d-73.9729785!9m1!1b1?hl=en"
google_reviews,"The staff are helpful, one of the staff Jennifer answered most of my questions and the other colleague of hers joined in to offer some opinions when I was in doubts on some comparisons in products too. It’s a pity I didn’t get his name. Kudos to the staff there being extremely inspiring! Will be back for some product upgrades !",5,2 years ago,"https://www.google.com/maps/place/Apple+Fifth+Avenue/@40.7638478,-73.9729785,17z/data=!4m7!3m6!1s0x89c258f0741ceda7:0x4fd23cddb7a3d144!8m2!3d40.7638478!4d-73.9729785!9m1!1b1?hl=en"
google_reviews,"The design of the building is very beautiful, the service of the staff is also very good, because of the large number of customers, you may have to wait 10-20 minutes to buy the goods you want to buy. They don't seem to offer Chinese services, If Chinese service is provided it would be very friendly to Chinese New Yorkers.😊 …",5,Edited 2 years ago,"https://www.google.com/maps/place/Apple+Fifth+Avenue/@40.7638478,-73.9729785,17z/data=!4m7!3m6!1s0x89c258f0741ceda7:0x4fd23cddb7a3d144!8m2!3d40.7638478!4d-73.9729785!9m1!1b1?hl=en"
google_reviews,"Apple Fifth Avenue is a must-see in New York! The iconic glass cube entrance is stunning, and descending into the spacious underground store is such a cool experience. It’s open 24/7, which is perfect for NYC’s nonstop energy. The store’s modern design with marble and open spaces makes it feel more like an art gallery than a retail store. Definitely worth the visit especially if you are a apple fan boy",5,a year ago,"https://www.google.com/maps/place/Apple+Fifth+Avenue/@40.7638478,-73.9729785,17z/data=!4m7!3m6!1s0x89c258f0741ceda7:0x4fd23cddb7a3d144!8m2!3d40.7638478!4d-73.9729785!9m1!1b1?hl=en"
google_reviews,"I went there at 1 AM the staff we’re still nice but they were kind of slow to fix my computer. I had to wait wait an hour because I didn’t have a reservation or appointment. I mean, I had a flight the next morning and I had to wait an hour and 45 minutes. They still said no you have to wait.",5,3 months ago,"https://www.google.com/maps/place/Apple+Fifth+Avenue/@40.7638478,-73.9729785,17z/data=!4m7!3m6!1s0x89c258f0741ceda7:0x4fd23cddb7a3d144!8m2!3d40.7638478!4d-73.9729785!9m1!1b1?hl=en"
google_reviews,"Friendly staff. We could buy the stuff we needed easily. Never thought it is 24/7 open store, anyway it was not crowded at night. It is super crowded during day time. We designed store, an underground one. Plenty of models on display, so people can play around and choose the right items. Have fun here, choice is yours to spend money here or invest somewhere else :)",5,2 years ago,"https://www.google.com/maps/place/Apple+Fifth+Avenue/@40.7638478,-73.9729785,17z/data=!4m7!3m6!1s0x89c258f0741ceda7:0x4fd23cddb7a3d144!8m2!3d40.7638478!4d-73.9729785!9m1!1b1?hl=en"
google_reviews,"Enormous waiting line. 10th of October 2024. Apple Fifth Avenue is an Apple Store, a retail location of Apple Inc., in Midtown Manhattan, New York City, United States. It is in the luxury shopping district of Fifth Avenue between 59th and 60th Streets, and opposite Manhattan's Grand Army Plaza. The store is considered one of several Apple flagship locations, and the pre-eminent store for Apple in New York City. The store is on and beneath a public plaza by the General Motors Building, built in 1968. Its exposed exterior is a transparent 32 ft (9.8 m) cube in the middle of the plaza. The plaza is partly lined with benches and trees. The substantive interior, below ground, features a reflective steel spiral staircase and elevator, wooden tables with Apple products, and rooms and areas for specific Apple products.
Apple Fifth Avenue was first constructed in 2006 and designed by Bohlin Cywinski Jackson. It was renovated in 2011 to simplify the façade. From 2017 to 2019, the store was rebuilt with about double the retail space to a more modern design by Foster + Partners.",4,a year ago,"https://www.google.com/maps/place/Apple+Fifth+Avenue/@40.7638478,-73.9729785,17z/data=!4m7!3m6!1s0x89c258f0741ceda7:0x4fd23cddb7a3d144!8m2!3d40.7638478!4d-73.9729785!9m1!1b1?hl=en"
google_reviews,"It's amazing to see how thoughtfully designed the store. The entrance itself is very well thought through. The staff are always available to answer, and this store has enough house power to accommodate a larger crowd.

Variety of apple products is always in stock.  Great store to visit to buy apple products or just to take a look.",5,Edited 2 years ago,"https://www.google.com/maps/place/Apple+Fifth+Avenue/@40.7638478,-73.9729785,17z/data=!4m7!3m6!1s0x89c258f0741ceda7:0x4fd23cddb7a3d144!8m2!3d40.7638478!4d-73.9729785!9m1!1b1?hl=en"
google_reviews,"Good Apple Store to visit. Not sure who would need to visit Apple Store at 3am but the 24 hour location is something definitely different. Received an email saying my item was available for pick up around 4am. The design is nice and once you go downstairs to the main floor, very spacious and staffs were very helpful. Would recommend visiting if you are around the area.",5,a year ago,"https://www.google.com/maps/place/Apple+Fifth+Avenue/@40.7638478,-73.9729785,17z/data=!4m7!3m6!1s0x89c258f0741ceda7:0x4fd23cddb7a3d144!8m2!3d40.7638478!4d-73.9729785!9m1!1b1?hl=en"
google_reviews,"I visited this yesterday November 18,2020. Their service is amazing. I totally like it. They dont allow anybody in without an appointment or reservation. If you go with a group, you are not allowed to split up, if have to stay with your group all the time. The store views are just breath taking. See by yourself, i just was able to capture only a part of it.",5,Edited 5 years ago,"https://www.google.com/maps/place/Apple+Fifth+Avenue/@40.7638478,-73.9729785,17z/data=!4m7!3m6!1s0x89c258f0741ceda7:0x4fd23cddb7a3d144!8m2!3d40.7638478!4d-73.9729785!9m1!1b1?hl=en"
google_reviews,"⭐☆☆☆☆ — Theater, not utility. Designed for first-timers, not professionals.

Walked in knowing exactly what I needed:
•	iPad Pro 13”
•	Cellular
•	eSIM transfer
•	Out the door

What I got instead was a retail employee trying to choreograph a ritual, complete with box-opening theatrics, cloud setup suggestions, and an unsolicited Apple sermon.

I’m not here to be sold on the ecosystem. I’m not here for joy, magic, or curated vibes. I’m here because I need a mission-critical device to work now, not after a full configuration ballet.

Told the staff multiple times: I have 2% battery left, I need the Spectrum app to move the eSIM, I’m already on a tight schedule. The first associate was helpful. The second seemed offended that I didn’t want the “Apple moment” as if skipping the performance somehow disrespected the altar.

I don’t need to “own the experience.”
I need to own the device and deploy it immediately. That’s it.

If your store can’t adapt to a customer who knows what they want and instead tries to reclaim control under the guise of helpfulness, you’re not offering service. You’re staging a play.

I’m not a character in your show.",1,7 months ago,"https://www.google.com/maps/place/Apple+Fifth+Avenue/@40.7638478,-73.9729785,17z/data=!4m7!3m6!1s0x89c258f0741ceda7:0x4fd23cddb7a3d144!8m2!3d40.7638478!4d-73.9729785!9m1!1b1?hl=en"
google_reviews,"Apple Fifth Avenue is one of the most iconic Apple stores in the world, located right in the heart of New York City. Known for its stunning glass cube entrance, it’s a must-see landmark, open 24/7. The store extends underground, offering a sleek, modern design with plenty of space to explore Apple’s latest products.
What makes it special is the experience: helpful staff, hands-on product demos, and spaces dedicated to creative workshops and support services. Whether you're there to shop, get tech advice, or simply admire the architecture, it's a unique spot that combines technology and design in a way that only Apple can.",5,a year ago,"https://www.google.com/maps/place/Apple+Fifth+Avenue/@40.7638478,-73.9729785,17z/data=!4m7!3m6!1s0x89c258f0741ceda7:0x4fd23cddb7a3d144!8m2!3d40.7638478!4d-73.9729785!9m1!1b1?hl=en"
google_reviews,"I am very happy to be a customer in such a store (what was supprising, not all of theri stores have that high cutomer service). Very helpful staff, know everything about their products. All customer needs are being checked and discussed before the purchase.
Additional five stars goes to salesman Michael, who was the reason to come back to this specific store.",5,10 months ago,"https://www.google.com/maps/place/Apple+Fifth+Avenue/@40.7638478,-73.9729785,17z/data=!4m7!3m6!1s0x89c258f0741ceda7:0x4fd23cddb7a3d144!8m2!3d40.7638478!4d-73.9729785!9m1!1b1?hl=en"
google_reviews,"24/7 Open Apple Store. That is crazyyy!!

Had an amazing experience, knew what I wanted so went in and was out in exact 8mins on a late Saturday evening.

Kind of a fancy spot, loved the decor and design. It had a bunch of tables and chairs outside so you can definitely chill there or have some food.",5,a year ago,"https://www.google.com/maps/place/Apple+Fifth+Avenue/@40.7638478,-73.9729785,17z/data=!4m7!3m6!1s0x89c258f0741ceda7:0x4fd23cddb7a3d144!8m2!3d40.7638478!4d-73.9729785!9m1!1b1?hl=en"
google_reviews,"The store is absolutely gorgeous, definitely a must visit.",5,3 months ago,"https://www.google.com/maps/place/Apple+Fifth+Avenue/@40.7638478,-73.9729785,17z/data=!4m7!3m6!1s0x89c258f0741ceda7:0x4fd23cddb7a3d144!8m2!3d40.7638478!4d-73.9729785!9m1!1b1?hl=en"
google_reviews,"Very cool shop. The entrance itself is magnificent and when entering the shop, it’s a great feeling. They have everything you are looking for. All from MacBooks to buds earphones.",5,10 months ago,"https://www.google.com/maps/place/Apple+Fifth+Avenue/@40.7638478,-73.9729785,17z/data=!4m7!3m6!1s0x89c258f0741ceda7:0x4fd23cddb7a3d144!8m2!3d40.7638478!4d-73.9729785!9m1!1b1?hl=en"
google_reviews,"The architecture of the place is beyond impressive – it truly feels like a special place to buy an Apple product, much more memorable than ordering it online.

However, a lot of people seem to be sharing this sentiment, which makes the store very crowded. I know the staff probably have a lot on their plates, but the quality of the shopping experience goes down when you're treated like you would be in any cheap electronics store in the city.",4,7 months ago,"https://www.google.com/maps/place/Apple+Fifth+Avenue/@40.7638478,-73.9729785,17z/data=!4m7!3m6!1s0x89c258f0741ceda7:0x4fd23cddb7a3d144!8m2!3d40.7638478!4d-73.9729785!9m1!1b1?hl=en"
google_reviews,This store is still impressive no matter how many times I visited.  I was able to get a Genius Bar appointment with only 1 hour wait.  The service that I received was consistent with my 20+ years with Apple.,5,5 months ago,"https://www.google.com/maps/place/Apple+Fifth+Avenue/@40.7638478,-73.9729785,17z/data=!4m7!3m6!1s0x89c258f0741ceda7:0x4fd23cddb7a3d144!8m2!3d40.7638478!4d-73.9729785!9m1!1b1?hl=en"
google_reviews,"No one has a name tag... customer service was horrible, a very nasty attitude from the tall young man with red sneakers, waited for 1 hours eventho he said 10 minutes ... my mother forgot her cloud account went for help and was told cloud will send a updates to my email ... yes my icloud email account ... really icloud? ... mother went back today to buy a new cell and was sent home with a new cell with the wrong cell number ... really Apple?",1,3 months ago,"https://www.google.com/maps/place/Apple+Fifth+Avenue/@40.7638478,-73.9729785,17z/data=!4m7!3m6!1s0x89c258f0741ceda7:0x4fd23cddb7a3d144!8m2!3d40.7638478!4d-73.9729785!9m1!1b1?hl=en"
google_reviews,"The overall experience is flawless. Located in popular area but still managed to make a great use of the little space they had available. The store is located underground and is well air conditioned so it is good place to cool yourself in hot summer days. All of the staffs are friendly and polite. In addition, you can charge your phone here.",5,2 years ago,"https://www.google.com/maps/place/Apple+Fifth+Avenue/@40.7638478,-73.9729785,17z/data=!4m7!3m6!1s0x89c258f0741ceda7:0x4fd23cddb7a3d144!8m2!3d40.7638478!4d-73.9729785!9m1!1b1?hl=en"
google_reviews,"One of New York City’s landmarks! It is an impressive Apple Store with non stop availability and a lot of stuff to buy. Let alone the nice design and location, the store has every product that Apple sells. It is a must visit when you are in New York, make sure you don’t pass the opportunity!",5,3 years ago,"https://www.google.com/maps/place/Apple+Fifth+Avenue/@40.7638478,-73.9729785,17z/data=!4m7!3m6!1s0x89c258f0741ceda7:0x4fd23cddb7a3d144!8m2!3d40.7638478!4d-73.9729785!9m1!1b1?hl=en"
google_reviews,"I have ordered a 2 iPhone to pick up and I waited from 8:45PM to 10:30 PM and they still didn’t get my phones ready. I was really displeased the fact that everyone was was dodging my request. Rejected me every i asked about for help. All workers was just hanging and chatting between them.
Please avoid this store at all cost",1,a year ago,"https://www.google.com/maps/place/Apple+Fifth+Avenue/@40.7638478,-73.9729785,17z/data=!4m7!3m6!1s0x89c258f0741ceda7:0x4fd23cddb7a3d144!8m2!3d40.7638478!4d-73.9729785!9m1!1b1?hl=en"
google_reviews,"I’m not an iPhone user, but on January 1, 2026, Apple warmly welcomed my Brazilian family and me into their store near Central Park when the cold was unbearable. It was a wonderful experience—amazing store, products, and staff. Thank you, Apple!",5,4 months ago,"https://www.google.com/maps/place/Apple+Fifth+Avenue/@40.7638478,-73.9729785,17z/data=!4m7!3m6!1s0x89c258f0741ceda7:0x4fd23cddb7a3d144!8m2!3d40.7638478!4d-73.9729785!9m1!1b1?hl=en"
google_reviews,"DO NOT do your trade-in at the Apple Store on Fifth Avenue.
I did it there, then left. I asked them to transfer everything phone to phone, but they said iCloud would be better. They left me with a download full of errors, and I lost an entire day of my vacation dealing with it, plus I was completely cut off and unable to communicate.",1,3 months ago,"https://www.google.com/maps/place/Apple+Fifth+Avenue/@40.7638478,-73.9729785,17z/data=!4m7!3m6!1s0x89c258f0741ceda7:0x4fd23cddb7a3d144!8m2!3d40.7638478!4d-73.9729785!9m1!1b1?hl=en"
google_reviews,"Chaotic - too many tourists here.  Some staff are amazing, others less so.  Bathroom cleaning process means it's unavailable as much as it's operational -- leads to very long lines - so don't treat this one as a pitstop!",3,9 months ago,"https://www.google.com/maps/place/Apple+Fifth+Avenue/@40.7638478,-73.9729785,17z/data=!4m7!3m6!1s0x89c258f0741ceda7:0x4fd23cddb7a3d144!8m2!3d40.7638478!4d-73.9729785!9m1!1b1?hl=en"
google_reviews,"Other than massive, it’s underground. Entering down the spiral staircase with glass and mirrors creates a great effect and feeling.
It’s at the SE corner of Central Park so check it out before visiting the park. It’s open 24/7 so anytime you wish. Great experience. Service is typical of all their stores, no change.",5,a year ago,"https://www.google.com/maps/place/Apple+Fifth+Avenue/@40.7638478,-73.9729785,17z/data=!4m7!3m6!1s0x89c258f0741ceda7:0x4fd23cddb7a3d144!8m2!3d40.7638478!4d-73.9729785!9m1!1b1?hl=en"
google_reviews,"Visiting the Empire State Building is one of those experiences that lives up to its reputation. There’s a sense of history the moment you step inside—this isn’t just an observation deck, it’s a piece of New York’s story. The exhibits do a great job walking you through the building’s construction, its place in pop culture, and what it has symbolized for generations.

The views from the top are unreal. Being able to look out over Manhattan and see the city stretch in every direction really puts its scale into perspective. It doesn’t matter how many photos you’ve seen—seeing it in person hits differently. We visited in January, and while it was cold at the top, the clearer winter air made the views even sharper.

What stood out was how smooth and well-organized the entire experience felt. Security and elevators moved efficiently, and even with other visitors around, it never felt chaotic. The colder season definitely helped keep crowds manageable, giving us time to actually enjoy the moment instead of rushing through it.

The Empire State Building isn’t just about the view—it’s about standing in a place that’s been part of countless stories, movies, and memories. If it’s your first time in New York or your tenth, it’s still worth the visit.",5,3 months ago,"https://www.google.com/maps/place/Empire+State+Building/@40.7484405,-73.9856644,17z/data=!4m7!3m6!1s0x89c259a9b3117469:0xd134e199a405a163!8m2!3d40.7484405!4d-73.9856644!9m1!1b1?hl=en"
google_reviews,"An Iconic Structure in New York. A Skyscraper featured in many famous Hollywood movies. This building has two observation decks on 86th & 102th floors. They have a museum about the history of making of this building long back in 1931 & the challenges they faced while building it. Also the have exhibits of the many Hollywood movies in which it is featured. The main attraction is the huge King Kong replica For this building really is highlighted in that movie & became associated with the King Kong. People take snaps standing in the lap of the Kong replica children, adults alike. The elevators are fast & smooth. They take you to the 86th floor where the open air observation deck is there. It feels awesome where you can feel cool sea breeze and see breathtaking views of New York's Business hub of Manhattan. After tha again another elevator takes you to the 102th floor where there is another observation deck wich is enclosed but you still can see the views from it's glass windows. But the photos get the reflection from the window glass. So 86th floor deck is good for photos. You should book your passes and be punctual about the time slot given to you. So that you can enjoy without hassle aur rush. It's usually crowded as there are lines for elevators. As everyone wants to visit such an Iconic Building. Loved it. 👍🏻😎",5,a month ago,"https://www.google.com/maps/place/Empire+State+Building/@40.7484405,-73.9856644,17z/data=!4m7!3m6!1s0x89c259a9b3117469:0xd134e199a405a163!8m2!3d40.7484405!4d-73.9856644!9m1!1b1?hl=en"
google_reviews,"Of course you have to do this one at least once. We really enjoyed the area before you even go to the top, they give you an extensive history on the build and construction and have lifelike “views” you can look through to see the construction. It’s very cool, and fun for kids and adults. The elevator ride up is unique in that it “shows” you the actual construction as you go up to the top. It blows your mind that people worked on this and accomplished this, and we still get to see its beauty today. What a feat. The top itself is breathtaking, personally I think it’s fun to see during the day because you see the entirety of the city. However, at night it can feel more ethereal and dreamy, and can also make for some great city nightscape shots.",5,3 months ago,"https://www.google.com/maps/place/Empire+State+Building/@40.7484405,-73.9856644,17z/data=!4m7!3m6!1s0x89c259a9b3117469:0xd134e199a405a163!8m2!3d40.7484405!4d-73.9856644!9m1!1b1?hl=en"
google_reviews,"Amazing trip here, lovely service by staff all around and was quick to get us tickets. We got lucky next to no lines at all. Beautiful skyline up above of new york during sunset. Maybe bring a jacket due to wind if your sensitive to cold.",5,a month ago,"https://www.google.com/maps/place/Empire+State+Building/@40.7484405,-73.9856644,17z/data=!4m7!3m6!1s0x89c259a9b3117469:0xd134e199a405a163!8m2!3d40.7484405!4d-73.9856644!9m1!1b1?hl=en"
google_reviews,"What an amazing trip. We had reservations and express tickets but the day we went, there was hardly a crowd so while we still used the express line and it helped during one of the turns, it was barely noticeable. Im sure if it was super crowded, then it would’ve been more noticeable in terms of getting in faster and going upstairs faster. From the moment you walk in, it is beautiful. The ride up to the 80th floor was quick and easy barely felt it. They had this cute video playing so it just felt super fast like the ride was super fast. The views are definitely out of this world. Then we took another elevator up to the second level observatory and again just phenomenal views. Went with kids. Staff members there were very good at giving directions very patient and also constantly watching what’s going on. Felt super safe felt super calm and had a great time. Check it out.",5,2 months ago,"https://www.google.com/maps/place/Empire+State+Building/@40.7484405,-73.9856644,17z/data=!4m7!3m6!1s0x89c259a9b3117469:0xd134e199a405a163!8m2!3d40.7484405!4d-73.9856644!9m1!1b1?hl=en"
google_reviews,"Visited the Starbucks Reserve at the Empire State Building and it was an incredible experience. This isn’t your typical Starbucks — the space is beautifully designed, modern, and upscale, with multiple levels and a great atmosphere.
The coffee was exceptional, especially the specialty drinks you can’t find at regular locations. Everything was made perfectly and served with attention to detail. The staff was friendly, professional, and moved efficiently even though it was busy.
Whether you’re a local or visiting NYC, this spot is absolutely worth stopping by. Great coffee, great vibe, and a unique experience right in the heart of Manhattan. Highly recommend! ☕️✨",5,2 months ago,"https://www.google.com/maps/place/Empire+State+Building/@40.7484405,-73.9856644,17z/data=!4m7!3m6!1s0x89c259a9b3117469:0xd134e199a405a163!8m2!3d40.7484405!4d-73.9856644!9m1!1b1?hl=en"
google_reviews,"Visiting the Empire State Building was a nostalgic experience for some in our group who had last been here over 15 years ago. Returning again brought back a lot of great memories while also letting others in our group experience it for the first time.

We booked the fast pass for sunset, which ended up being an incredible time to visit. Seeing the city during golden hour and then watching New York light up as night fell was truly special. The views from the 88th floor were fantastic, and we spent a good amount of time taking photos and just taking in the skyline.

We didn’t go up to the very top observatory this time but that’s something we would probably try next time. The fast pass made everything smooth and easy, although depending on the season and time of day it might not always be necessary.

Overall, it’s a classic New York experience and a must-do, especially for anyone visiting the city for the first time.",5,a month ago,"https://www.google.com/maps/place/Empire+State+Building/@40.7484405,-73.9856644,17z/data=!4m7!3m6!1s0x89c259a9b3117469:0xd134e199a405a163!8m2!3d40.7484405!4d-73.9856644!9m1!1b1?hl=en"
google_reviews,"We had a great experience visiting the 86th floor, the 360° views are absolutely stunning! Travelling in winter really benefited us as there was no waiting time, which made the visit even more enjoyable. It’s definitely worth doing at least once when in New York. The museum area is also excellent and adds a lot to the overall experience. The staff here are very helpful, and the facilities are well suited for visitors with disabilities as well as families with kids and prams. Overall, a very smooth and memorable visit.",5,Edited 2 months ago,"https://www.google.com/maps/place/Empire+State+Building/@40.7484405,-73.9856644,17z/data=!4m7!3m6!1s0x89c259a9b3117469:0xd134e199a405a163!8m2!3d40.7484405!4d-73.9856644!9m1!1b1?hl=en"
google_reviews,"I booked this on a whim as I was in the area and wondered what it was like at the top.

It turned out to be an excellent decision.

From the entrance up to the 86th & 102nd floor, it’s such an immersive experience and great value for money.

The staff members were lovely and they made the experience even more enjoyable.

Most importantly, I loved that there were no glass barriers so you could get clean footage from the observatory deck.

I went around 10:30 so it wasn’t too busy so there was enough room to walk around.

Honestly, it’s a 10/10 experience",5,Edited 2 months ago,"https://www.google.com/maps/place/Empire+State+Building/@40.7484405,-73.9856644,17z/data=!4m7!3m6!1s0x89c259a9b3117469:0xd134e199a405a163!8m2!3d40.7484405!4d-73.9856644!9m1!1b1?hl=en"
google_reviews,"Reasonably priced and super easy to get in. There is a neat museum but honestly we headed up as soon as we could. The view from the balcony is what we really came to see.

And wow! What a view, 360 of the entire city.

We loved being able to see so many city landmarks, its was such a great experience to take in.

I would recommend to anybody who hasn’t done it yet.",5,2 months ago,"https://www.google.com/maps/place/Empire+State+Building/@40.7484405,-73.9856644,17z/data=!4m7!3m6!1s0x89c259a9b3117469:0xd134e199a405a163!8m2!3d40.7484405!4d-73.9856644!9m1!1b1?hl=en"
google_reviews,"Beautiful iconic building in NYC!
•Was able to visit the lobby and walk around empire state almost everyday during my trip
•Such a pretty sight. Its towering Art Deco design is stunning from every angle, especially when lit up at night.
•They also have a huge starbucks offering a unique tasting experience!
•Even just standing on the street and looking up feels cinematic—like you’re in a movie scene. An absolute icon that defines the NYC skyline. ✨🏙️",5,2 months ago,"https://www.google.com/maps/place/Empire+State+Building/@40.7484405,-73.9856644,17z/data=!4m7!3m6!1s0x89c259a9b3117469:0xd134e199a405a163!8m2!3d40.7484405!4d-73.9856644!9m1!1b1?hl=en"
google_reviews,"Visiting the Empire State Building’s observation deck is nothing short of magical — the kind of experience that reminds you why New York City is called the city that never sleeps and why people from all over the world fall in love with it again and again.

From the moment you step inside, you’re wrapped in the building’s rich Art Deco elegance. The exhibits whisk you through history, giving you a sense of the ambition and brilliance that brought this iconic skyscraper to life. By the time you reach the elevators, you already feel like you’re part of something timeless.

But then — the doors open, and there it is: a panorama so breathtaking it feels like the city is unfolding just for you.

The observation deck is a place where skyscrapers look small, taxis move like fireflies, and the Hudson gleams like a ribbon of light. Whether you visit by day, when every building stands crisp and proud, or at night, when the city sparkles like a sea of stars, the view is pure enchantment. It's the kind of sight that quiets the world for a moment and fills you with awe.

What makes it even lovelier is the atmosphere — peaceful, breezy, and surprisingly intimate. Couples whisper dreams into the wind, friends share gasps of wonder, and families point out landmarks with the excitement of discovering New York for the first time.

It’s more than an observation deck. It’s a reminder of how high human imagination can climb — and how beautiful the world can look from just a little closer to the clouds.

A truly unforgettable experience, perfect for dreamers, romantics, and anyone who wants to feel the heartbeat of New York from above.",5,4 months ago,"https://www.google.com/maps/place/Empire+State+Building/@40.7484405,-73.9856644,17z/data=!4m7!3m6!1s0x89c259a9b3117469:0xd134e199a405a163!8m2!3d40.7484405!4d-73.9856644!9m1!1b1?hl=en"
google_reviews,"This was an awesome experience.  Typically, these tourist trap kind of places are not worth the money.  But from the second you walk in, it's evident that they are very serious about making this an awesome experience.  Every staff member I spoke with was practically over-the-top friendly and helpful, and dressed in cool era-appropriate uniforms.  For being such an old building, everything was immaculately clean.  Honestly, it's Disney-like in its attention to detail and quality.  The little museum is nice, although it's mostly just reading vs looking at artifacts.  The elevator ride has a cool movie kind of thing on the ceiling, which probably cuts down on the nerves for some of us, and makes the ride enjoyable for the rest of us.  Once on the 86th floor, there's ample space to walk around, both inside and out.  There are restrooms, some snacks, and plenty of places to sit up there too.

Oh, last thing - BRING A COAT.  It was cool at ground level with very little wind.  It was incredibly windy and bitterly cold at the top.  There are heated spaces to sit/stand, but the best view comes from the coldest spots :D",5,4 months ago,"https://www.google.com/maps/place/Empire+State+Building/@40.7484405,-73.9856644,17z/data=!4m7!3m6!1s0x89c259a9b3117469:0xd134e199a405a163!8m2!3d40.7484405!4d-73.9856644!9m1!1b1?hl=en"
google_reviews,"This is an iconic building in the city of NY. A trip to NYC is incomplete without a visit here. The staff are very friendly and welcoming, they were helpful at all points of visit. The views from the top are simply outstanding. What I loved the most is that they had heaters outside. I visited during winter and those heaters were really helpful to get a respite from the cold. I loved the souvenir idea of printing your own magnets. The photos are chill. The overall experience was awesome and I loved visiting here. If you're in NYC, don't miss the Empire State Building.",5,2 months ago,"https://www.google.com/maps/place/Empire+State+Building/@40.7484405,-73.9856644,17z/data=!4m7!3m6!1s0x89c259a9b3117469:0xd134e199a405a163!8m2!3d40.7484405!4d-73.9856644!9m1!1b1?hl=en"
google_reviews,"Terrific experience visiting the Empire State Building last week. Wintertime provided us the opportunity to see this historic building without the crowds. But I could tell that ESB was prepared to host thousands of people with their immersive displays along the route to the elevators to the 80th floor and beyond. Dress for the weather. Fair weather warning: It was about 45 degrees outside the day we visited at noon. We went onto the 86th floor observation deck on one side (which was cold but pleasant to view the landscape), then walked to the north where the wind really picked up causing the temperature to drop. Employees were top notch all along our route. So glad we visited.",5,3 months ago,"https://www.google.com/maps/place/Empire+State+Building/@40.7484405,-73.9856644,17z/data=!4m7!3m6!1s0x89c259a9b3117469:0xd134e199a405a163!8m2!3d40.7484405!4d-73.9856644!9m1!1b1?hl=en"
google_reviews,"It’s one of those things that you just have to do in New York, as you’re walking by scan the QR code and you can easily book tickets, you do have to navigate through the vast amount of upsells, but you can get to where I was for a very reasonable price, and it’s not just a trip to the top of the tower. There is an entire section on how the place was built and to its history as well.
Pay particular attention to the timeline of how long it took for the place to be built and the complete lack of health and safety, this was obviously done in the days where common sense was mandatory and not optional!!
I’m going to say, highly recommended!!",5,2 months ago,"https://www.google.com/maps/place/Empire+State+Building/@40.7484405,-73.9856644,17z/data=!4m7!3m6!1s0x89c259a9b3117469:0xd134e199a405a163!8m2!3d40.7484405!4d-73.9856644!9m1!1b1?hl=en"
google_reviews,"Wow where do I start, to finally have the opportunity to see this beautiful building in person and go inside to the 80th, 86th and 102nd floor was just one in a lifetime opportunity which I am very proud of.

As you walk in your already taken aback with the beautiful interior designs of this amazing building I got in at 2:30pm and was in there till 6:30pm took my time in the museum reading all the interesting facts and history of this amazing building and the fact that it was built in 13 months is crazy as we now wait minimum 10-15 years for high rises to be built.

Also, when built it was the tallest building in the world and also had to most advanced lift systems in the world for its day and age and the fact that the same lift company still operates there daily is crazy and that it was originally a beautiful hotel, but the 13 month building period made me absolutely gobsmacked.

Then comes the 86th floor open 360 degrees open area was crazy I was breath taken by the views of the city all around you can see, New Jersey, Staten Island, Statue of Liberty, Times Square all over Manhattan, Central Park, Brooklyn, and etc.

Crazy views but I stayed there and waited for the Sunset which was at 5:18pm, and just before that like 20/30 mins before Sunset I went up to the 102nd floor which is literally at the tip of the tower and was a 360 glass room, it was such an honour to watch the Sunset behind Lady Liberty and Jersey City and then see the city to go from day to night and see all the night lights all around the city and the amazing lights in the city.

Finally, the end I was left speechless and would definitely love to be back to this amazing monument and the world’s most recognisable tower. If you’re visiting New York for the first time I highly recommend visiting the most beautiful building in the world.",5,2 months ago,"https://www.google.com/maps/place/Empire+State+Building/@40.7484405,-73.9856644,17z/data=!4m7!3m6!1s0x89c259a9b3117469:0xd134e199a405a163!8m2!3d40.7484405!4d-73.9856644!9m1!1b1?hl=en"
google_reviews,"Our visit to The Empire State Building was sensational! It was my first time and my son, 13 years old had asked for us to visit while in NYC for a long weekend.  Honestly this was the highlight of our trip! It was 7:00 pm when we visited and the night was cold but the red heater light kept us warm! I absolutely loved how there were indoor observation spaces and of course the outdoor deck was iconic! What alsoMade it extra special was the kind staff and their sharp Looking uniforms.  It felt like such a special place and you could feel the history allAround.  I loved seeing my son’s eyes light up! When I visit again I will Spend more time at the exhibit part learning more about the architecture of this glorious building with timeless beauty.",5,3 months ago,"https://www.google.com/maps/place/Empire+State+Building/@40.7484405,-73.9856644,17z/data=!4m7!3m6!1s0x89c259a9b3117469:0xd134e199a405a163!8m2!3d40.7484405!4d-73.9856644!9m1!1b1?hl=en"
google_reviews,"This is my second time visiting the Empire State Building and it did not disappoint. The view was absolutely outstanding but learning about the history of the building, all the facts before going up to the observatory deck… It was amazing. The gift shop is also great, it’s big and full of fabulous souvenirs of the empire state and new york itself. I’d totally recommend visiting if you are in the city.",5,2 months ago,"https://www.google.com/maps/place/Empire+State+Building/@40.7484405,-73.9856644,17z/data=!4m7!3m6!1s0x89c259a9b3117469:0xd134e199a405a163!8m2!3d40.7484405!4d-73.9856644!9m1!1b1?hl=en"
google_reviews,"Ok. Here is the deal. It is expensive. It gets crowded. BUT it is worth doing if you never did, EVEN if you live in NYC you should do it once. There is a really nice museum leading up to it, plenty of spots for great photos, etc. Great if you’re out of town. Also, it is important to do this viewing spot to see the history. The museum did a wonderful job of creating immersive exhibits, even the elevators are immersive. The staff are super friendly and knowledgeable. They really care and seem to love NYC. If is a busy day or busy time of year be prepared to wait in line. You do need to buy tickets prior to coming on the website.",5,5 months ago,"https://www.google.com/maps/place/Empire+State+Building/@40.7484405,-73.9856644,17z/data=!4m7!3m6!1s0x89c259a9b3117469:0xd134e199a405a163!8m2!3d40.7484405!4d-73.9856644!9m1!1b1?hl=en"
google_reviews,"Brilliant place.   Had a fantastic day.  Well laid out.   Start at the bottom with an excellent museum. Then comes a lift to the 80th floor.  Views are unbelievable and two of our party are afraid of heights, but felt totally safe up there. After the walk round and looking through projections and stuff, it was time to hit the 86th floor.  This is outside,  amd what an experience.   Unbelievable views of the new york skyline.   Saw 2 birds flying below us......not sure if they were eagles or hawks,  but they were amazing looking. What a place.  Well worth the visit.  Wow",5,Edited a month ago,"https://www.google.com/maps/place/Empire+State+Building/@40.7484405,-73.9856644,17z/data=!4m7!3m6!1s0x89c259a9b3117469:0xd134e199a405a163!8m2!3d40.7484405!4d-73.9856644!9m1!1b1?hl=en"
google_reviews,"Should be experienced at least once. After 25 years and hundreds of times in the city, I decided I needed to go up for a sunset.
Get an Express ticket, it’s worth the extra $$s, and be sure to do both the 86th and 102nd floor observatories. 86 is open air, so great for pics with no glass. And of course 102 is higher and better views, but through glass.
Iconic, everyone visiting the city should do it at least once.",5,2 months ago,"https://www.google.com/maps/place/Empire+State+Building/@40.7484405,-73.9856644,17z/data=!4m7!3m6!1s0x89c259a9b3117469:0xd134e199a405a163!8m2!3d40.7484405!4d-73.9856644!9m1!1b1?hl=en"
google_reviews,"Amazing place! The views from the Empire State Building are absolutely breathtaking, and the museum is really well organized and interesting. Everything was smooth, and the staff were extremely kind and helpful. I accidentally left my glasses on the 80th floor and came back later — everyone immediately offered to help, and the glasses were found. Huge thanks to the whole team!",5,2 months ago,"https://www.google.com/maps/place/Empire+State+Building/@40.7484405,-73.9856644,17z/data=!4m7!3m6!1s0x89c259a9b3117469:0xd134e199a405a163!8m2!3d40.7484405!4d-73.9856644!9m1!1b1?hl=en"
google_reviews,"Wow! We had the most wonderful visit to this iconic tourist attraction in NYC. I grew up in the area and worked in the city for years. Just before I was moving out of state, a coworker and I decided for fun, to get a ticket to the top of the Empire State Building because we had never done it before. The view was breathtaking and the evening sky clear and crisp. When the sun set and the lights of New York were in full glow I couldn’t believed I walked by this tower thousands of times before and never ventured up.
That was over twenty years ago and this year I was excited to bring my daughter and husband Up to the Top during our visit to see family at Thanksgiving. We got tickets to the 102nd floor the Monday after the holiday. The museum and tour before the elevator rides was spectacular and I still to this day can’t believe they built this building in 13 months! The staff was so friendly and the views during the day with a clear sky, Amazing. Pictures can’t show you the feeling of staring across the city skyscrapers. I highly recommend visiting if you never have before. This will definitely be a stop for us each time we visit.",5,4 months ago,"https://www.google.com/maps/place/Empire+State+Building/@40.7484405,-73.9856644,17z/data=!4m7!3m6!1s0x89c259a9b3117469:0xd134e199a405a163!8m2!3d40.7484405!4d-73.9856644!9m1!1b1?hl=en"
google_reviews,"Very cool spot with views you can’t really get elsewhere, at least not nearby.

The big thing I would say is that I was surprised as to how much it costs to go up to the observation deck. It was $112ish with fees and taxes for 2 or us.

There’s a museum, which is kind of kitschy, but has some fun stuff, too.

The views are epic! From the 80th floor (all indoors looking through windows) you can get a perspective that’s very cool.

The final elevator takes you to the 86th floor and that’s a 360 degree view from an outdoor viewing area (think Sleepless in Seattle).

The views from there are even more impressive since you can see a great deal better than from indoors on floor 80.

We didn’t go to floor 102 since it would almost double the cost as an add on. Just didn’t seem worth it to me.",4,4 months ago,"https://www.google.com/maps/place/Empire+State+Building/@40.7484405,-73.9856644,17z/data=!4m7!3m6!1s0x89c259a9b3117469:0xd134e199a405a163!8m2!3d40.7484405!4d-73.9856644!9m1!1b1?hl=en"
google_reviews,"Visiting the Empire State Building is one of those classic New York experiences that truly lives up to the hype. From the moment you walk into the beautifully restored Art Deco lobby, you can feel the history and grandeur of the place. Everything is well-organized, from ticketing to elevators, making the visit smooth even during busy hours.
The highlight, of course, is the view. The 86th-floor observation deck offers sweeping, unobstructed panoramas of Manhattan—Central Park to the north, the Freedom Tower and Statue of Liberty to the south, and a sea of skyscrapers in every direction. If you upgrade to the 102nd-floor observatory, the perspective becomes even more breathtaking.
The building does a great job blending history with modern touches. Exhibits throughout the experience show how the skyscraper was constructed and how it became an icon of architecture, film, and culture.
Crowds can be heavy at peak times, but staff move visitors through efficiently, and the atmosphere stays upbeat and welcoming. Whether you’re a first-time visitor or a local showing off the city to friends, the Empire State Building consistently delivers that “wow” moment.",5,5 months ago,"https://www.google.com/maps/place/Empire+State+Building/@40.7484405,-73.9856644,17z/data=!4m7!3m6!1s0x89c259a9b3117469:0xd134e199a405a163!8m2!3d40.7484405!4d-73.9856644!9m1!1b1?hl=en"
google_reviews,"I took my niece, Emily, to NYC for her 20th birthday! We both had an incredible experience visiting the Empire State building! I loved all the history films documentations in the museum set up while we walk through to the observation decks. It was not only fascinating and crazy watching them build the Empire State Building… Knowing after all these years, it’s still standing!!

The views were spectacular! My niece just kept commenting that this was just such an incredible experience!",5,2 months ago,"https://www.google.com/maps/place/Empire+State+Building/@40.7484405,-73.9856644,17z/data=!4m7!3m6!1s0x89c259a9b3117469:0xd134e199a405a163!8m2!3d40.7484405!4d-73.9856644!9m1!1b1?hl=en"
google_reviews,"We visited on a Monday afternoon in February, having bought tickets that morning. Staff were friendly and helpful, and the museum was informative. The elevator to the 102nd floor was very quick and the screen in the elevator was a nice touch.

The only negative point about visiting is that you don't get a view of the Empire State Building in your photos.

We were blessed with a clear day, as you can see in the photos.

Highly recommended if you're ever in Manhattan.",5,2 months ago,"https://www.google.com/maps/place/Empire+State+Building/@40.7484405,-73.9856644,17z/data=!4m7!3m6!1s0x89c259a9b3117469:0xd134e199a405a163!8m2!3d40.7484405!4d-73.9856644!9m1!1b1?hl=en"
google_reviews,"Most iconic building in New York. Gives 360 degree view, has binoculars on top which provides breath taking views of Manhattan. It gets chilly and windy in top during winters. Has a good museum showing the history and construction. Liked the super fast elevator as well.",5,Edited 2 months ago,"https://www.google.com/maps/place/Empire+State+Building/@40.7484405,-73.9856644,17z/data=!4m7!3m6!1s0x89c259a9b3117469:0xd134e199a405a163!8m2!3d40.7484405!4d-73.9856644!9m1!1b1?hl=en"
google_reviews,"Visiting the Empire State Building was an unforgettable experience. We booked express entry and went all the way up to the 86th and 102nd floors, which was absolutely worth it. Skipping the long lines made the whole visit smooth and stress-free, and we got to focus on actually enjoying the experience.

The views were breathtaking, seeing the city from that height really puts New York into perspective, especially from the 102nd floor. It’s something you truly have to see in person at least once.

It was definitely crowded, but that’s to be expected for such an iconic landmark. Even with the crowds, the views and overall experience more than made up for it. Highly recommend upgrading to express entry if you can — it makes a huge difference!",5,4 months ago,"https://www.google.com/maps/place/Empire+State+Building/@40.7484405,-73.9856644,17z/data=!4m7!3m6!1s0x89c259a9b3117469:0xd134e199a405a163!8m2!3d40.7484405!4d-73.9856644!9m1!1b1?hl=en"
google_reviews,"Loved this. The 80th floor is amazing,  provides lots of historic information including the construction of the building, the movies the building is in, a replica original elevator car, loved the King Kong section. Amazing!
The 86th floor is also amazing! Fabulous views and the 102nd floor is brilliant - I couldn’t go too near the glass though - scared of heights! Would definitely recommend this to all visitors.",5,3 months ago,"https://www.google.com/maps/place/Empire+State+Building/@40.7484405,-73.9856644,17z/data=!4m7!3m6!1s0x89c259a9b3117469:0xd134e199a405a163!8m2!3d40.7484405!4d-73.9856644!9m1!1b1?hl=en"
google_reviews,This was a really magical experience. Loved the fake empire state building on the bottom floor and way in. Great photo opportunity. The museum was brilliant and the views are stunning. We bought a city pass and went both in the day and late into the evening. The views are so beautiful of a night.,5,3 months ago,"https://www.google.com/maps/place/Empire+State+Building/@40.7484405,-73.9856644,17z/data=!4m7!3m6!1s0x89c259a9b3117469:0xd134e199a405a163!8m2!3d40.7484405!4d-73.9856644!9m1!1b1?hl=en"
google_reviews,"Amazing experience all around. Museum was so cool, so much history to see. Loved the entire experience! So cool seeing the movies and the celebrities that have been there! Gorgeous view. Have been wanting to experience it since a child! 100/10 experience!!",5,2 months ago,"https://www.google.com/maps/place/Empire+State+Building/@40.7484405,-73.9856644,17z/data=!4m7!3m6!1s0x89c259a9b3117469:0xd134e199a405a163!8m2!3d40.7484405!4d-73.9856644!9m1!1b1?hl=en"
google_reviews,"Absolutely breathtaking, especially at night. Seeing New York City from this height really puts everything into perspective — the lights, the grid of streets, and the constant energy of the city all come together in one view.

I went on a weekday and the process was surprisingly smooth, with minimal waiting. The observation deck itself is well organized and doesn’t feel overly crowded, so you actually have time to stop, look around, and take it all in instead of being rushed through.

Photos honestly don’t do it justice. This is one of those places where standing there in person feels very different from just seeing pictures online. If it’s your first time in NYC, this is absolutely worth doing.",5,2 months ago,"https://www.google.com/maps/place/Empire+State+Building/@40.7484405,-73.9856644,17z/data=!4m7!3m6!1s0x89c259a9b3117469:0xd134e199a405a163!8m2!3d40.7484405!4d-73.9856644!9m1!1b1?hl=en"
google_reviews,"Absolutely incredible. Highly suggest doing the sunset. We went to 102, but went back to 86 for pictures. Just awesome to see in person. The museum was VERY cool, too! Loved the digital museum aspect of it and the history is so rich. Love love love love!",5,4 months ago,"https://www.google.com/maps/place/Empire+State+Building/@40.7484405,-73.9856644,17z/data=!4m7!3m6!1s0x89c259a9b3117469:0xd134e199a405a163!8m2!3d40.7484405!4d-73.9856644!9m1!1b1?hl=en"
google_reviews,"9️⃣ / 🔟

Hello, we were here on our last New York trip.

The Empire State Building is simply fascinating.

I love the history of the building.

Visually it just looks different.

Great view from above over all of New York.

Good photo hotspot.

Expect to wait 1 to 1½ hours.

A little tip: book tickets in advance, save yourself time.

Enjoy the view to the fullest, the view is unique.

Highly recommended as a trip for families, partners, friends or alone.

Very easy to reach.

Feel free to come here when you are in New York.

We'll definitely be back.

See you next time.

✌🏻✌🏻✌🏻",5,5 months ago,"https://www.google.com/maps/place/Empire+State+Building/@40.7484405,-73.9856644,17z/data=!4m7!3m6!1s0x89c259a9b3117469:0xd134e199a405a163!8m2!3d40.7484405!4d-73.9856644!9m1!1b1?hl=en"
google_reviews,"We bought tickets that allowed us to enjoy both the 86th and 102nd floor observatories. Our ticket was for 5:30 PM, but we were able to enter earlier. There were way more people than we expected. We took the elevator up to the 80th floor and enjoyed the New York night views through the windows, then moved on to the 86th floor. On the 86th floor, you can step outside to enjoy the skyline. It was insanely windy and freezing, but the views were absolutely worth it. However, because of the lighting, the colors were a bit off, so photos of people didn’t turn out as well as expected. Then we headed up to the 102nd floor. We had high expectations, but honestly, it was a bit disappointing. The view itself is amazing, but you can only see it through glass, and the interior is very dark, making it terrible for taking photos of people. There is a ticket option for just the 86th floor, and I would definitely recommend that instead. If you do plan to visit the 102nd floor, I’d suggest going during the daytime.",5,4 months ago,"https://www.google.com/maps/place/Empire+State+Building/@40.7484405,-73.9856644,17z/data=!4m7!3m6!1s0x89c259a9b3117469:0xd134e199a405a163!8m2!3d40.7484405!4d-73.9856644!9m1!1b1?hl=en"
google_reviews,"Visiting the Empire State Building was an iconic experience, but the King Kong exhibit was the absolute highlight! It added a fun, nostalgic touch and made the visit even more memorable. The views were incredible, and the entire experience felt classic and timeless. Definitely a must-see and worth the visit.",5,3 months ago,"https://www.google.com/maps/place/Empire+State+Building/@40.7484405,-73.9856644,17z/data=!4m7!3m6!1s0x89c259a9b3117469:0xd134e199a405a163!8m2!3d40.7484405!4d-73.9856644!9m1!1b1?hl=en"
google_reviews,Had an incredible experience at the Empire State Building! The line was super interactive and fun. It was cool to see all of the movies and shows that have it in them. All of the staff members were nice and welcoming too.,5,a month ago,"https://www.google.com/maps/place/Empire+State+Building/@40.7484405,-73.9856644,17z/data=!4m7!3m6!1s0x89c259a9b3117469:0xd134e199a405a163!8m2!3d40.7484405!4d-73.9856644!9m1!1b1?hl=en"
google_reviews,"Any day is a good day to be on top of the Empire State Building. If you are nervous about heights, they have indoor area. Lovely views. Check the weather. Best part in addition to the epic views are the staff! Danny G is amazing and my wife and I spent the best time taking selfies and learning about the history of this great building. We went on a Monday eve and the line wasn’t too bad. Peace and joy to the world!",5,4 months ago,"https://www.google.com/maps/place/Empire+State+Building/@40.7484405,-73.9856644,17z/data=!4m7!3m6!1s0x89c259a9b3117469:0xd134e199a405a163!8m2!3d40.7484405!4d-73.9856644!9m1!1b1?hl=en"
google_reviews,"Visiting the Empire State Building was a huge bucket-list tick and absolutely worth it. Seeing it in person gives you a completely different perspective compared to what you see in the movies. I really enjoyed the build-up to reaching the top, there’s a small museum you walk through before the elevator ride, and it’s put together extremely well. There’s an indoor viewing area on the 80th floor and an outdoor deck on the 86th. It was cold on the day of my visit, and while there are heaters outside, you still need to be prepared on a winter’s day!

The staff were incredibly professional, and their immaculate uniforms really added to the experience. This iconic landmark is a must-do when visiting New York—no exceptions.

They are very strict with their timeframes and you must book a time for your visit. If you want a specific time of day - book early.",5,4 months ago,"https://www.google.com/maps/place/Empire+State+Building/@40.7484405,-73.9856644,17z/data=!4m7!3m6!1s0x89c259a9b3117469:0xd134e199a405a163!8m2!3d40.7484405!4d-73.9856644!9m1!1b1?hl=en"
google_reviews,"Views from the top of the world :) It held the title of the ""World's Tallest Building"" for 40 years, from its completion in 1931 until the North Tower of the World Trade Center was finished in 1970. Construction took only one year and 45 days, at the peak of construction the framework rose at a rate of 4.5 floors per week. Fun (and scary) fact: in 1945, a B-25 Mitchell bomber flying in thick fog accidentally crashed into the 79th floor of the building. Despite the massive impact and a fire, the building’s structural integrity remained intact. It opened for business on the other floors just two days later.",5,3 months ago,"https://www.google.com/maps/place/Empire+State+Building/@40.7484405,-73.9856644,17z/data=!4m7!3m6!1s0x89c259a9b3117469:0xd134e199a405a163!8m2!3d40.7484405!4d-73.9856644!9m1!1b1?hl=en"
google_reviews,"We had a fantastic visit thanks to the great staff and wonderful building.  The elevator ride was great with the cool video playing over our head. I was enjoying that so much I didn't notice the ride to the top. Then there are the exhibits, over the top great. The views were spectacular to say the least. Wonderful visit, thanks to everyone there. It was in the single digits cold and everyone was great. Thank you again",5,2 months ago,"https://www.google.com/maps/place/Empire+State+Building/@40.7484405,-73.9856644,17z/data=!4m7!3m6!1s0x89c259a9b3117469:0xd134e199a405a163!8m2!3d40.7484405!4d-73.9856644!9m1!1b1?hl=en"
google_reviews,"One of the most famous sites in the world is the Empire State Building, which can be found at 20 W 34th St., New York, NY 10001. Seeing it is a genuinely remarkable experience.  You are astounded by this architectural marvel's majesty and historical significance as soon as you walk in.
The refinement of early 20th-century craftsmanship is elegantly preserved and improved with modern elements in the Art Deco style, both inside and out.  From its amazing construction during the Great Depression to its significance in film, culture, and international fame, the museum on the lower levels provides an intriguing trip through the building's history.
Visitors of all ages will love the interactive and captivating exhibits.
Naturally, the viewing decks are the main attraction.  The expansive views of New York City are just amazing, whether you visit the outside deck on the 86th floor or climb all the way to the 102nd floor.
Landmarks like Central Park, the Statue of Liberty, and even areas outside of the five boroughs are visible on a clear day.  The city lights at night produce a shimmering, enchanted scene that perfectly encapsulates the essence of New York, the city that never sleeps.
Even during peak hours, the personnel guarantees efficient crowd control and is polite and helpful.
The recently remodeled elevators and lobby contribute to the visit's overall opulent atmosphere.  All things considered, the Empire State Building represents aspiration, tenacity, and eternal beauty in addition to being a popular tourist destination.
It always inspires you, whether it's your first visit or your second.  Anyone who want to see the heart and spirit of New York City from above the clouds must come here.",5,5 months ago,"https://www.google.com/maps/place/Empire+State+Building/@40.7484405,-73.9856644,17z/data=!4m7!3m6!1s0x89c259a9b3117469:0xd134e199a405a163!8m2!3d40.7484405!4d-73.9856644!9m1!1b1?hl=en"
google_reviews,"A historic building and a truly amazing experience. Even though it is not the tallest anymore, it's history and vibes along with the perfectly organised exhibition makes the visit a memorable experience. The view is also spectacular.",5,3 months ago,"https://www.google.com/maps/place/Empire+State+Building/@40.7484405,-73.9856644,17z/data=!4m7!3m6!1s0x89c259a9b3117469:0xd134e199a405a163!8m2!3d40.7484405!4d-73.9856644!9m1!1b1?hl=en"
google_reviews,"An absolutely great experience from start to finish! The lines moved quickly, which made the visit smooth and stress-free. The restrooms were clean and well maintained—always appreciated. One detail I really loved was the heaters outside when you reach the 86th-floor observatory. It made enjoying the views so much more comfortable, especially in cooler weather. Highly recommend this iconic NYC experience!",5,4 months ago,"https://www.google.com/maps/place/Empire+State+Building/@40.7484405,-73.9856644,17z/data=!4m7!3m6!1s0x89c259a9b3117469:0xd134e199a405a163!8m2!3d40.7484405!4d-73.9856644!9m1!1b1?hl=en"
google_reviews,"Really fun experience! Not really crowded on a December afternoon.

Really cool museum before going up to the 80th floor and then the 86th floor. You learn a lot about the construction of this beautiful building.

The views from the 86th floor are stunning.

Bonus point for the personel that is really really nice.",5,4 months ago,"https://www.google.com/maps/place/Empire+State+Building/@40.7484405,-73.9856644,17z/data=!4m7!3m6!1s0x89c259a9b3117469:0xd134e199a405a163!8m2!3d40.7484405!4d-73.9856644!9m1!1b1?hl=en"
google_reviews,A must see when visiting NYC. The art deco appearance of the building continues inside with a modern twist. When you are shot into the sky in their super fast elevator a tv screen in the ceiling talks you through the history of the building. When visiting in the morning I’ve found the place to be quieter if you go for opening & you can see much further than at night. At night the views are breathtaking and seeing all of the city lights feels quite special. I would buy the city pass if you plan to visit other landmarks as you will save money. Worth a visit,5,2 months ago,"https://www.google.com/maps/place/Empire+State+Building/@40.7484405,-73.9856644,17z/data=!4m7!3m6!1s0x89c259a9b3117469:0xd134e199a405a163!8m2!3d40.7484405!4d-73.9856644!9m1!1b1?hl=en"
google_reviews,Amazing! Second visit but this time we chose sunset on Christmas Day! Also quietly renewed our wedding vows as a small family of 3 and the staff were very accommodating. Got the pro photo pack which was around 38 dollars for 14 photos (same pic with different backgrounds). Fantastic history section and amazing giftshop!,5,3 months ago,"https://www.google.com/maps/place/Empire+State+Building/@40.7484405,-73.9856644,17z/data=!4m7!3m6!1s0x89c259a9b3117469:0xd134e199a405a163!8m2!3d40.7484405!4d-73.9856644!9m1!1b1?hl=en"
google_reviews,"The observation deck was absolutely incredible. Timed entry made the experience smooth and enjoyable, avoiding what could easily have felt chaotic. The exhibits and museum elements were thoughtfully designed, keeping visitors engaged as they move toward the deck. Despite the bitter cold and wind that night, it would have been a shame to miss it—the city views are breathtaking, offering an unmatched 360-degree perspective of New York.",5,4 months ago,"https://www.google.com/maps/place/Empire+State+Building/@40.7484405,-73.9856644,17z/data=!4m7!3m6!1s0x89c259a9b3117469:0xd134e199a405a163!8m2!3d40.7484405!4d-73.9856644!9m1!1b1?hl=en"
google_reviews,We loved our recent visit to the iconic Empire State Building. The building is beautiful. There is great information on the history of the building. My absolute favorite was the view! Breathtaking views all the way around the 86th floor. Staff was friendly and helpful. I highly recommend!,5,5 months ago,"https://www.google.com/maps/place/Empire+State+Building/@40.7484405,-73.9856644,17z/data=!4m7!3m6!1s0x89c259a9b3117469:0xd134e199a405a163!8m2!3d40.7484405!4d-73.9856644!9m1!1b1?hl=en"
google_reviews,"If you love history and want to see NYC in one of the was ever, go to.the Empire State building at dusk. It costs a bit more, but worth every dime. Plus the history of this building.is amazing. You will.walk away wondering how they could build such and iconic building that lasts over time so well and was built in less than a year and half, when today they cant fix a 1/4 mile of road in 2 years.",5,4 months ago,"https://www.google.com/maps/place/Empire+State+Building/@40.7484405,-73.9856644,17z/data=!4m7!3m6!1s0x89c259a9b3117469:0xd134e199a405a163!8m2!3d40.7484405!4d-73.9856644!9m1!1b1?hl=en"
google_reviews,"Bought tickets in advance using an app, highly recommend doing this as Empire State Building  is one of the NYC attractions that requires you to commit to a time and date slot before your visit, always aim for being at least 30mins early just incase you get held up on subway etc

The day and time we booked for turned out to be thick fog and the chap who greeted us at the entrance advised us to consider re-booking,

I was able to scan our QR code on our app in their machine and choose a new time for the following day when the weather would be clear, their machine printed new tickets for us

(some of the time slots cost a little extra so I just kept looking and found a suitable time that suited our itinerary which was free)",5,Edited 2 months ago,"https://www.google.com/maps/place/Empire+State+Building/@40.7484405,-73.9856644,17z/data=!4m7!3m6!1s0x89c259a9b3117469:0xd134e199a405a163!8m2!3d40.7484405!4d-73.9856644!9m1!1b1?hl=en"
google_reviews,"I found the 86th floor to be pretty adequate for photos.I didn't see a point to go all the way to the top, To be honest.   The views are pretty spectacular.You get to take photos from both the eightieth floor and then open air eighty sixth floor.  There's lots of museum and stuff to look through before you get up to the elevators, you can either look at it or skip it.It's up to you.  Then, at the end, of course, there's a gift shop.  I would highly recommend this.  I would probably recommend it over some of the other tall buildings because of the history surrounding this one.  And it's pretty centrally located, so you can see everything from the eighty sixth floor.",5,6 months ago,"https://www.google.com/maps/place/Empire+State+Building/@40.7484405,-73.9856644,17z/data=!4m7!3m6!1s0x89c259a9b3117469:0xd134e199a405a163!8m2!3d40.7484405!4d-73.9856644!9m1!1b1?hl=en"
google_reviews,"This was a bucket list visit if I ever came to New York and glad I finally got to come! The history and the views are one of a kind! And we got to go at night and during Christmas! It made the experience that much more grand. I highly recommend to anyone who wants a fantastic view and experience of the city first hand. Overall, a must see and do experience of New York!",5,4 months ago,"https://www.google.com/maps/place/Empire+State+Building/@40.7484405,-73.9856644,17z/data=!4m7!3m6!1s0x89c259a9b3117469:0xd134e199a405a163!8m2!3d40.7484405!4d-73.9856644!9m1!1b1?hl=en"
google_reviews,"Get the express pass! Had more fun here than I expected. When doing research for my NYC trip, a lot of articles said to skip the Empire State Building but I really enjoyed it! Only downside is I couldn't press all the buttons like in Elf - so disappointed! Haha But if you have the chance to visit, do so!",5,2 months ago,"https://www.google.com/maps/place/Empire+State+Building/@40.7484405,-73.9856644,17z/data=!4m7!3m6!1s0x89c259a9b3117469:0xd134e199a405a163!8m2!3d40.7484405!4d-73.9856644!9m1!1b1?hl=en"
google_reviews,"Well what a magical experience seeing NYC from the top of the ESB on a clear night. Spectacular. Was it worth the fee? I'm going to have to say no. Especially when we paid for the Express Pass at an addition $80+ total for 2 people. We were basically left to work out our own route. The ""red carpet"" aisle to avoid queues was pointless for us as it wasn't busy at all. Maybe if there was a live tracker to let paying visitors know how busy it is at time of buying online, it would help to make the correct decision without being ripped off! Also having the Express Pass, it does cause you to miss certain sections of the museums out which is rather silly. We had to track back to see it. Would I visit again? Yes. Would I ve willing to pay those prices? Certainly not.",3,4 months ago,"https://www.google.com/maps/place/Empire+State+Building/@40.7484405,-73.9856644,17z/data=!4m7!3m6!1s0x89c259a9b3117469:0xd134e199a405a163!8m2!3d40.7484405!4d-73.9856644!9m1!1b1?hl=en"
google_reviews,"We booked the private tour, which was extravagant but we are from Australia and knew it was a once off.
We booked online and arrived early which wasn’t necessary.  We were greeted at the door and lead inside where we waited for our tour guide and chatted with a lovely lady till our tour time was ready. Then Gerard arrived to begin our tour. This beautiful man knew everything not only about the Empire State Building but New York. We came away overwhelmed with how much we had learned. There wasn’t a thing Gerard didn’t know.  He was so personable and introduced us to other workers as we went through areas on each different floor.
The effort that has been put into keeping the Empire State Building in prestigious condition is commendable. We learned so much about this amazing building it’s history, we enjoyed every minute.  Gerard is an absolute gem of a tour guide and the best guide we experienced in New York. There wasn’t a thing he didn’t know and we throughly enjoyed every minute with him.  We highly recommend doing the full tour ⭐️⭐️⭐️⭐️⭐️",5,3 months ago,"https://www.google.com/maps/place/Empire+State+Building/@40.7484405,-73.9856644,17z/data=!4m7!3m6!1s0x89c259a9b3117469:0xd134e199a405a163!8m2!3d40.7484405!4d-73.9856644!9m1!1b1?hl=en"
google_reviews,"A very good experience. I went on a weekday. There was no queue,no waiting time. The view from the top was amazing. But the price of the ticket..100 Euro!! Too much. I gave it because it was my first time in NY. Never again!",5,2 months ago,"https://www.google.com/maps/place/Empire+State+Building/@40.7484405,-73.9856644,17z/data=!4m7!3m6!1s0x89c259a9b3117469:0xd134e199a405a163!8m2!3d40.7484405!4d-73.9856644!9m1!1b1?hl=en"
google_reviews,"I loved it. I paid the extra amount to go to the  102nd floor. It was almost $50 and honestly, I don’t think it was worth it if you want to take a picture like the one that I’m posting here sitting on the floor then you can pay for it but other than that, honestly I don’t think it was worth it to pay 50 additional dollars for it. I think the best part is on the 86 floor, which is the normal access that you get if you pay the normal entrance . it was extremely cold during winter so make sure to bring proper outfit. There is a place where you can buy donuts and coffee on that floor it’s really really nice",5,3 months ago,"https://www.google.com/maps/place/Empire+State+Building/@40.7484405,-73.9856644,17z/data=!4m7!3m6!1s0x89c259a9b3117469:0xd134e199a405a163!8m2!3d40.7484405!4d-73.9856644!9m1!1b1?hl=en"
google_reviews,"Visiting the Empire State Building was truly unforgettable. From the moment I stepped into the lobby, I could feel the history and grandeur of this iconic landmark. The Art Deco design is stunning, and the elevator ride to the top builds so much excitement.

The view from the 86th floor is absolutely breathtaking — you can see the entire Manhattan skyline, Central Park, and even the Statue of Liberty in the distance. I went just before sunset, and watching the city lights come alive was magical.

Everything was well-organized, the staff were friendly, and the experience felt smooth from start to finish. It’s not just a tourist spot — it’s a symbol of New York itself. A must-see for anyone visiting the city!",5,6 months ago,"https://www.google.com/maps/place/Empire+State+Building/@40.7484405,-73.9856644,17z/data=!4m7!3m6!1s0x89c259a9b3117469:0xd134e199a405a163!8m2!3d40.7484405!4d-73.9856644!9m1!1b1?hl=en"
google_reviews,"We visited from Seattle, WA on a Friday and early in the morning. It was a great experience working our way up to the 86th and 102nd floor. The views were absolutely breathtaking. Crazy to think the Empire State Building is the world's most famous, the top global destination, and the world's most popular Uber destination. We're so glad we could visit such an iconic skyscraper.",5,4 months ago,"https://www.google.com/maps/place/Empire+State+Building/@40.7484405,-73.9856644,17z/data=!4m7!3m6!1s0x89c259a9b3117469:0xd134e199a405a163!8m2!3d40.7484405!4d-73.9856644!9m1!1b1?hl=en"
google_reviews,Regarding my trip to the Big Apple during the New Year’s Festivities of the week in which I had the most AMAZING EXPERIENCE in which I so thoroughly enjoyed visiting the Empire State Building!!!  I was there on what I was told is THE BUSIEST TOURIST DAY of the year 12-30-25 and I purchased the Total Express Fast Past Experience which gave me access to the 86th and 102nd Observatory areas where I followed the Red Carpet route bypassing a LOT OF SPECTATORS 🫶🏻🙌🏻  For me it was the HIGHLIGHT of my 6 day trip even including comparing it to the New Year’s Eve Ball Drop which was impressive in itself but the sight to behold is the panoramic view of NYC from the unobstructed view on the 102nd glass room!!!!  Utterly SPECTACULAR and that doesn’t do it full justice in my descriptive ability 🤩  💝,5,3 months ago,"https://www.google.com/maps/place/Empire+State+Building/@40.7484405,-73.9856644,17z/data=!4m7!3m6!1s0x89c259a9b3117469:0xd134e199a405a163!8m2!3d40.7484405!4d-73.9856644!9m1!1b1?hl=en"
google_reviews,"Go see it, you won't regret the time you spend exploring this iconic building. We're from NZ, so this was a bucket list visit and I loved everything about the museum walkthrough, old footage and experiential stuff. Views are phenomenal, breath taking even on a good day like we had. We just looked and looked at the vast expanse of this city and didn't want to leave. So much NY history in the one place, it's worth the entry fee for sure. If you are remotely interested in the Empire State Building you'll love it.",5,6 months ago,"https://www.google.com/maps/place/Empire+State+Building/@40.7484405,-73.9856644,17z/data=!4m7!3m6!1s0x89c259a9b3117469:0xd134e199a405a163!8m2!3d40.7484405!4d-73.9856644!9m1!1b1?hl=en"
google_reviews,"I chose the ESB over the Rock and other viewing platforms for it's historical significance.   Built in 1931, in one year and 45 days, featured in many famous movies and recognized around the world. It even has it's own zip code!  My first time in NYC so definitely had to go all the way up to the 102nd floor which is completely enclosed so good for cold weather! But you have great views from the 86th floor also which is open air and enclosed.  Reservations are required and earlier is less busy.",5,6 months ago,"https://www.google.com/maps/place/Empire+State+Building/@40.7484405,-73.9856644,17z/data=!4m7!3m6!1s0x89c259a9b3117469:0xd134e199a405a163!8m2!3d40.7484405!4d-73.9856644!9m1!1b1?hl=en"
google_reviews,"Rated the most iconic place in the world with rich history and heritage. A childhood memory of King Kong and Spider-Man. Once the world’s tallest building, it definitely keeps upto the name. Must visit place in NYC. Make sure to do booking well in advance to avoid queue. As always booking from official sites. When visiting, kindly check the weather conditions, it is it cloudy, you definitely going to miss the view. Take your time and spend. The staff and security are very friendly and helpful. There is a souvenir shop as well",5,6 months ago,"https://www.google.com/maps/place/Empire+State+Building/@40.7484405,-73.9856644,17z/data=!4m7!3m6!1s0x89c259a9b3117469:0xd134e199a405a163!8m2!3d40.7484405!4d-73.9856644!9m1!1b1?hl=en"
google_reviews,Such a great experience! The views were absolutely breathtaking and the workers were so friendly. The immersive experience was educational and engaging! I would 100% recommend to anyone visiting NYC.,5,a month ago,"https://www.google.com/maps/place/Empire+State+Building/@40.7484405,-73.9856644,17z/data=!4m7!3m6!1s0x89c259a9b3117469:0xd134e199a405a163!8m2!3d40.7484405!4d-73.9856644!9m1!1b1?hl=en"
google_reviews,"Visited here on Monday, very short line and no wait at all. Lady asked to see our tickets and we went right into the Empire State Building. No coat check, but you do go through security. They will keep certain items, i.e. pepper spray, for you and give you a ticket to show upon leaving to get them back. Lots of information to read and see before entering the elevator to ride up to the 86 floor observatory level. The history in the making of the Empire State Building and famous people that have visited. Beautiful views, it was sunny so you could see far, but pictures were tricky with the sun glare off of the glass. You’re able to go outside to take better pictures though. Very nice background for photos. Wasn’t too crowed either.",5,4 months ago,"https://www.google.com/maps/place/Empire+State+Building/@40.7484405,-73.9856644,17z/data=!4m7!3m6!1s0x89c259a9b3117469:0xd134e199a405a163!8m2!3d40.7484405!4d-73.9856644!9m1!1b1?hl=en"
google_reviews,"An Engineering Marvel.
86th floor observation deck is a must see.
Simply consider you are looking outside of a Air Plane window. Yes it is that high.
A must visit, explore, enjoy and take lots of pictures.",5,Edited 2 months ago,"https://www.google.com/maps/place/Empire+State+Building/@40.7484405,-73.9856644,17z/data=!4m7!3m6!1s0x89c259a9b3117469:0xd134e199a405a163!8m2!3d40.7484405!4d-73.9856644!9m1!1b1?hl=en"
google_reviews,"We visited on Christmas Day, 2025. It was spectacular! We made our reservations the same day and had no problems. Our experience was at night so we could see the city in lights. Of all the things we did and saw in NYC, this was my absolute favorite activity. The whole system ran like a fine tuned machine. I would definitely recommend this trip to others and can’t wait to return again myself someday!",5,Edited 3 months ago,"https://www.google.com/maps/place/Empire+State+Building/@40.7484405,-73.9856644,17z/data=!4m7!3m6!1s0x89c259a9b3117469:0xd134e199a405a163!8m2!3d40.7484405!4d-73.9856644!9m1!1b1?hl=en"
google_reviews,"I must say, this is the most magical place on earth, if you go to New York, this is a must. The prices of the tickets are affordable and the experience makes you feel like you’re on top of the world. We went in the evening and seeing the lights of New York was magical. It bought the city to life. The staff were really friendly and the museum part was interesting as it taught you about the Empire State building. Will definitely come back and visit.",5,6 months ago,"https://www.google.com/maps/place/Empire+State+Building/@40.7484405,-73.9856644,17z/data=!4m7!3m6!1s0x89c259a9b3117469:0xd134e199a405a163!8m2!3d40.7484405!4d-73.9856644!9m1!1b1?hl=en"
google_reviews,"Wow, what an unforgettable experience! We did the evening tour and Observation Deck at the Empire State Building, and it was absolutely incredible from start to finish. Learning about the rich history of this iconic building before heading up made the experience even more meaningful. Then, stepping out onto the observation deck and taking in those breathtaking views was pure magic.

As we stood there, we all agreed that when you think of New York City, you think of the Empire State Building. Actually being up there, looking out over the entire city from above, was truly unforgettable. It was definitely chilly at the top, so if you're visiting in the winter, be sure to bundle up with extra layers. We loved every minute of it and would highly recommend it to anyone visiting NYC!",5,4 months ago,"https://www.google.com/maps/place/Empire+State+Building/@40.7484405,-73.9856644,17z/data=!4m7!3m6!1s0x89c259a9b3117469:0xd134e199a405a163!8m2!3d40.7484405!4d-73.9856644!9m1!1b1?hl=en"
google_reviews,Fantastic experience!  Be sure to get the priority red carpet tickets - skip the wait line!  Such incredible views and helpful staff when we had questions.  Great items in the gift shop so don’t pass this up.,5,3 months ago,"https://www.google.com/maps/place/Empire+State+Building/@40.7484405,-73.9856644,17z/data=!4m7!3m6!1s0x89c259a9b3117469:0xd134e199a405a163!8m2!3d40.7484405!4d-73.9856644!9m1!1b1?hl=en"
google_reviews,"We kinda spur of the moment decided to do this, while in NY. So didn't buy tickets in advance, although it wasn't difficult to do so there, as they had computer ordering systems on site to use, we would have been able to see and realize that there is a price difference amongst the different ""time slots"" and that entry times are set every 15-30mins apart.
There is thorough security to get in, and lots of staff around as well. The place was clean, and spacious. The history on your way through was very interesting. The view from the top was really good, we paid extra to go to the 101 floor. And although it wasn't a huge difference from the view of the 85th floor, I'm glad we did it. Defiently recommend visiting the observation deck of the empire state building atleast once. We went up during daylight hours, so I may, someday come back for a night view.",4,Edited 5 months ago,"https://www.google.com/maps/place/Empire+State+Building/@40.7484405,-73.9856644,17z/data=!4m7!3m6!1s0x89c259a9b3117469:0xd134e199a405a163!8m2!3d40.7484405!4d-73.9856644!9m1!1b1?hl=en"
google_reviews,"Well, it started off purchasing tickets for the wrong day! Upon realizing that also was the first major snowstorm for the city and we needed to change our dates. With one phone call and speaking to a manager my problem was solved. It was so easy and they were very gracious.
On the actual visit for my daughters 18th birthday and with a friend who was a first time, We took cute pictures and upon walking through where we had to show our tickets the gentleman broke out into a birthday song when my friend mentioned we were here for her birthday. From the first floor all the way up to the 102nd, these people working here were truly humble. I lost my glasses somewhere on floor 102 and they all helped me look. Unsuccessful in finding them, but certainly could see the heartfelt care of all in front of me. I have been to the Empire State building several times and this time did not disappoint. One of the iconic must seize in New York City.",5,2 months ago,"https://www.google.com/maps/place/Empire+State+Building/@40.7484405,-73.9856644,17z/data=!4m7!3m6!1s0x89c259a9b3117469:0xd134e199a405a163!8m2!3d40.7484405!4d-73.9856644!9m1!1b1?hl=en"
google_reviews,Beautiful! All of the employees were so nice and helpful! They love their job and you can tell. The views were breathtaking. I highly recommend doing both the 86th and 102 floors. We went at sunset and so glad we planned it that way! Just incredible! A must do while in New York!,5,4 months ago,"https://www.google.com/maps/place/Empire+State+Building/@40.7484405,-73.9856644,17z/data=!4m7!3m6!1s0x89c259a9b3117469:0xd134e199a405a163!8m2!3d40.7484405!4d-73.9856644!9m1!1b1?hl=en"
google_reviews,"• Ticketed entry & observation decks: Entry to the Empire State Building’s observatories is ticketed — standard access includes the 86th-floor Main Deck, and a combined 86th + 102nd-floor Top Deck ticket is available. Book timed tickets online to avoid lines.

• Hours & seasonality: The observatory operates year-round (open most days) with evening hours for city-lights views; check the official hours the day of your visit because special events or maintenance can change opening times.

• Ticket types & express options: Besides standard tickets, the ESB sells Express Pass options (86th or 86th+102nd) that expedite entry — useful at peak times but more expensive. Prices vary by time/date and dynamic pricing can push peak fares higher.

• What you’ll see & why go: The 86th deck offers wide 360° views (Manhattan grid, Central Park, Hudson & East Rivers); the renovated 102nd floor adds floor-to-ceiling panoramic windows and a premium experience with longer sightlines on clear days. Allow 45–90 minutes.

• Best times for photos & fewer crowds: Midday (about 12–2pm) often sees lighter lines after the morning rush; sunrise and sunset offer spectacular light but draw the most visitors and higher-priced slots — plan accordingly.

• Access & transit: The building is on 34th St between Fifth and Sixth Avenues — walkable from Penn Station (MTA) and Herald Square subways; cabs and rideshares drop near the curb. Use the official directions page for the most efficient route.

• Security & bag policy: Strict bag rules apply — large backpacks and suitcases are generally not permitted; only small clutches/clear bags within specified dimensions are allowed (medical/diaper bags subject to search). There is no on-site bag check.

• Accessibility: The attraction is ADA-accessible with elevators and accessible restrooms; check the ESB accessibility page or call guest services for specific mobility needs.

• Costs & planning note: Base prices start (officially) from the 86th-floor fare and rise for the 102nd or express options — booking online is strongly recommended and remember extra booking fees may apply. Expect higher rates at sunset or peak demand.

• What to keep in mind

Timed tickets & queues: Even with a timed ticket you pass security — express passes reduce waiting but are pricier.

Weather & visibility: Views depend on weather — clear days give the farthest visibility (up to many miles); fog/rain limit sightlines.

Sunrise/sunset tradeoffs: Sunrise gives quiet photos but requires very early entry packages; sunset is dramatic but crowded and may have surge pricing.

No large bags / limited facilities: Travel light — bag rules and security checks are enforced and there’s limited storage.",5,4 months ago,"https://www.google.com/maps/place/Empire+State+Building/@40.7484405,-73.9856644,17z/data=!4m7!3m6!1s0x89c259a9b3117469:0xd134e199a405a163!8m2!3d40.7484405!4d-73.9856644!9m1!1b1?hl=en"
google_reviews,"This was a bucket list item for me to visit the Empire State Building, and I did it at night so I could get the nighttime view of the New York skyline. It did not disappoint. It was a bucket list item that I don't regret doing. I paid extra to get to the 102nd Floor, and in all honesty, maybe that may not have been worth it, but for me, I wanted to get to the highest point of the building, and I did, glad I did. At night, you would definitely beat the queues, so would highly recommend.",5,6 months ago,"https://www.google.com/maps/place/Empire+State+Building/@40.7484405,-73.9856644,17z/data=!4m7!3m6!1s0x89c259a9b3117469:0xd134e199a405a163!8m2!3d40.7484405!4d-73.9856644!9m1!1b1?hl=en"
google_reviews,"It’s always a superb experience. I was lucky to get blue skies weather. Also going to the 102nd floor is worth it, you can go warm up and still have a great view, especially when you go in the winter, and then you can come back to the 86th floor outside observatory and enjoy it again 🙂 I recommend going between 12pm and 2pm, I have never seen such a small or basically non-existing queue there, however it was middle of January when New York is less busy anyway.",5,3 months ago,"https://www.google.com/maps/place/Empire+State+Building/@40.7484405,-73.9856644,17z/data=!4m7!3m6!1s0x89c259a9b3117469:0xd134e199a405a163!8m2!3d40.7484405!4d-73.9856644!9m1!1b1?hl=en"
google_reviews,"This is a MUST SEE place when visiting NYC!  so many cool things to learn while waiting to get in the elevator.  Love all the photos of the building under construction and photos of all the famous people at the Empire State Building.  And no matter how many times I have been to the top, the view never gets old!! Highly recommend.  We did both the 86 and 102 floor!",5,6 months ago,"https://www.google.com/maps/place/Empire+State+Building/@40.7484405,-73.9856644,17z/data=!4m7!3m6!1s0x89c259a9b3117469:0xd134e199a405a163!8m2!3d40.7484405!4d-73.9856644!9m1!1b1?hl=en"
google_reviews,"We had an outstanding time here. We went at 11am on a Saturday but it wasn’t overwhelming busy at all. We got through security very quickly and through the elevator lines quite quickly as well. I’d say we waited a total of maybe 8 minutes throughout the whole experience. I loved the museum areas while you walk up to the elevator lines. The gift shop was very crowded afterwards so we felt we couldn’t really look around. Besides that though, this experience was perfect. The staff was so nice, they were playing Christmas music even on the observatory deck, and there were Christmas decorations, too. They have heaters on the deck too! Something we didn’t expect! Out of everything we did in NYC this weekend, this was our favorite experience!",5,4 months ago,"https://www.google.com/maps/place/Empire+State+Building/@40.7484405,-73.9856644,17z/data=!4m7!3m6!1s0x89c259a9b3117469:0xd134e199a405a163!8m2!3d40.7484405!4d-73.9856644!9m1!1b1?hl=en"
google_reviews,"Amazing, so much history and a landmark of New York. We went up twice in the same day, with the free night time entry on the same day. It was a wonderful view. No queue when we went but lots of queuing systems and security set up, so I can imagine it gets a lot busier.",5,4 months ago,"https://www.google.com/maps/place/Empire+State+Building/@40.7484405,-73.9856644,17z/data=!4m7!3m6!1s0x89c259a9b3117469:0xd134e199a405a163!8m2!3d40.7484405!4d-73.9856644!9m1!1b1?hl=en"
google_reviews,"The empire state exibit offers some great views of the city. There are two eleivators which take you to the top. The main viewing deck, which allows you to go outside has security, and a donut shop there and you cam wander about in your own time. There are vending machines to buy tickets for the upper level,The upper,but it is quite small. you can walk around the room and snap photos ... but you cannot go outside at that level....  There is a bit of a musium with displays as you walk in yhe building which you cam enjoy, and when you are ready, you make your way to the elevators.....  There us also a shop you walk through on the ways out.",5,4 months ago,"https://www.google.com/maps/place/Empire+State+Building/@40.7484405,-73.9856644,17z/data=!4m7!3m6!1s0x89c259a9b3117469:0xd134e199a405a163!8m2!3d40.7484405!4d-73.9856644!9m1!1b1?hl=en"
google_reviews,"The Empire State Building isn’t just a skyscraper; it’s almost like the heart of New York. When you think about its history and realize that a structure of this height was built in the 1930s, it becomes even more impressive. The exhibition areas inside were also very informative and enjoyable. With both its history and its view, it was truly a five-star experience.",5,2 months ago,"https://www.google.com/maps/place/Empire+State+Building/@40.7484405,-73.9856644,17z/data=!4m7!3m6!1s0x89c259a9b3117469:0xd134e199a405a163!8m2!3d40.7484405!4d-73.9856644!9m1!1b1?hl=en"
google_reviews,"Visited the Empire State Building yesterday with CityPASS. We didn’t reserve a time and just went straight for sunset. The line was long but moved quickly, with smooth check-in and security. On the way up, there were some nice exhibits and photo spots. The 80th floor had great views all around, and then we went up to the 86th floor for the open-air observatory. The city lights were absolutely amazing — definitely worth the wait!

There is a separate ticket to to go to 102nd floor, which was not part of City Pass",5,7 months ago,"https://www.google.com/maps/place/Empire+State+Building/@40.7484405,-73.9856644,17z/data=!4m7!3m6!1s0x89c259a9b3117469:0xd134e199a405a163!8m2!3d40.7484405!4d-73.9856644!9m1!1b1?hl=en"
google_reviews,"One of the great things about traveling to any city is obviously the people that you meet. In my brief visits to New York, though, I've found it difficult to meet and to engage with local folks. On Nov. 12, 2025, I woke up in the morning thinking about how cool it would be to make one great human connection that day. I whispered to the Universe that I’d like that kind of encounter – a chance to get to know the real New York.

It turned out that I had been looking for such a connection in the wrong place because I wasn't looking up. That's when my wife (Won-ok) and I decided to tour the Empire State Building.

That was one of the things that was on my life bucket list, something that is a quintessentially American experience.
When we made it to one of the lookout areas, a very kind woman named Renita greeted us with such warmth that it was overwhelming. Some people just radiate goodness and kindness, and spending time with Renita was the only time that trip that we felt the sun.

My aunt happens to have the same name so the name struck a particular chord with me. Renita asked if there is anything that we would like to know. I was a little embarrassed by how little I know about the city. Renita Immediately helped me overcome my sheepishness and began answering questions from me and Won-ok.

It didn't take long for one thing to lead to another and for the three of us to find ourselves in a deep, soulful conversation. Renita told us she has been working at the building for many decades. A native New Yorker, she saw the World Trade Center go up – and she witnessed the horror of the towers going down.

I learned more about the history and spirit of New York in the moments I spent with her than I did on the entire rest of my trips there combined.

Renita is a credit to the Empire State Building and to the city of New York. My wife and I saw a lot of amazing things on that trip but the experience that made the greatest impact on us was Renita -- New York’s ambassador in the sky.",5,5 months ago,"https://www.google.com/maps/place/Empire+State+Building/@40.7484405,-73.9856644,17z/data=!4m7!3m6!1s0x89c259a9b3117469:0xd134e199a405a163!8m2!3d40.7484405!4d-73.9856644!9m1!1b1?hl=en"
google_reviews,"Having taken in the view when I was a penniless student in the 1970s, I returned with friends and family to see the renovated observation deck and museum.
We decided that a snowstorm should not stop us—and we received fair warning from the grey-hatted ushers that there would no visibility from the 102nd floor.
From 5-6:30 pm in January we hoped for twinkling lights of the city—but we experienced a fantastic show of snow blowing vertically and horizontally around the 86th floor observatory. Yes, we bundled up our snow parkas and ventured outside for five minutes or so, on the leeward side of the deck.
Inside, the museum of the rapid building was creative and educational—though we wondered how many men were injured that year—and we understood what a triumph of building methods this was during the Great Depression.
Overall, we were glad we braved the elements for the view, among few others; the only item wasted was the 102nd floor, in the low clouds.",5,3 months ago,"https://www.google.com/maps/place/Empire+State+Building/@40.7484405,-73.9856644,17z/data=!4m7!3m6!1s0x89c259a9b3117469:0xd134e199a405a163!8m2!3d40.7484405!4d-73.9856644!9m1!1b1?hl=en"
google_reviews,"My last visit to the Empire was when I was very young, for a school trip. I decided to visit it as an adult as a birthday present to myself about 2 weeks ago. What an amazing time that was. The view was just wow (at night). It was very windy and cold, but I loved every aspect of it. From the history, indoor viewings, to the outdoor on the 86th floor. Will definitely do it again. Highly recommended.",5,5 months ago,"https://www.google.com/maps/place/Empire+State+Building/@40.7484405,-73.9856644,17z/data=!4m7!3m6!1s0x89c259a9b3117469:0xd134e199a405a163!8m2!3d40.7484405!4d-73.9856644!9m1!1b1?hl=en"
google_reviews,"From the 86th floor, the city lights stretch in every direction—Times Square glows, traffic forms ribbons of color, and the skyline looks its best after dark. Crowds are lighter at night, so it’s easier to enjoy the view and take photos without rushing.

Overall, the nighttime atmosphere feels calm and memorable. If you want a classic view of Manhattan with less daytime noise, this visit is worth it.",4,5 months ago,"https://www.google.com/maps/place/Empire+State+Building/@40.7484405,-73.9856644,17z/data=!4m7!3m6!1s0x89c259a9b3117469:0xd134e199a405a163!8m2!3d40.7484405!4d-73.9856644!9m1!1b1?hl=en"
google_reviews,"First off, yes, the lines are huge, and it can get really crowded, but the staff do a good job of making it as smooth and accessible as possible. You also have to go through a security check, which honestly isn’t a big deal it’s kind of part of the fun and builds up the excitement.
One thing nobody really tells you is that there’s actually a second observation floor way up there, like the 476th floor, but you have to pay extra to get access. Most tickets only include the main floor, so if you want the full experience, it’s worth planning ahead.
Even with the crowds and the extra floor thing, it’s totally worth it. The views of the city are insane, and there’s something kind of magical about seeing NYC from that height. Definitely one of those spots that’s worth the wait, even if it’s a bit hectic.",5,4 months ago,"https://www.google.com/maps/place/Empire+State+Building/@40.7484405,-73.9856644,17z/data=!4m7!3m6!1s0x89c259a9b3117469:0xd134e199a405a163!8m2!3d40.7484405!4d-73.9856644!9m1!1b1?hl=en"
google_reviews,"It is an iconic place to visit and it's very hisorical, where you can how it was build along your visit. An amazing view from the top on all four sides. The staff were very professional and nice, wven taking pictures if they were asked. I recommend and can't miss it.",5,5 months ago,"https://www.google.com/maps/place/Empire+State+Building/@40.7484405,-73.9856644,17z/data=!4m7!3m6!1s0x89c259a9b3117469:0xd134e199a405a163!8m2!3d40.7484405!4d-73.9856644!9m1!1b1?hl=en"
google_reviews,"Visited the building. Learned great history during New York’s epic era of construction
Learned how they are trying to conserve Energy becoming LEED bldg. Saw King Kong
A grand monument and a iconic bldg which represents New York and its great energy
A must visit for any American or tourist",5,3 months ago,"https://www.google.com/maps/place/Empire+State+Building/@40.7484405,-73.9856644,17z/data=!4m7!3m6!1s0x89c259a9b3117469:0xd134e199a405a163!8m2!3d40.7484405!4d-73.9856644!9m1!1b1?hl=en"
google_reviews,"Honestly, visiting the Empire State Building was such a cool experience. You always see it in movies and pictures, but standing there in person feels completely different. The building is massive, and the lobby inside is beautiful. Everything is set up really well for tourists, so it doesn’t feel too confusing even though there are a lot of people.

The museum on the way up was actually pretty fun. I didn’t think I’d care much about it, but it shows how the building was made and all the history behind it, which makes the visit feel more special. Then the elevator ride to the top is super quick—it’s kind of exciting how fast it goes.

The view from the top is unreal. You can see the whole city, from Central Park to the Statue of Liberty, and even out into New Jersey. I went in the afternoon and stayed until it got dark, and that was the best choice because you get both the daytime city view and then the night skyline all lit up, which is amazing.

It’s a little pricey, but honestly worth it for the experience and the views. Definitely something you should do at least once if you’re in New York.",5,8 months ago,"https://www.google.com/maps/place/Empire+State+Building/@40.7484405,-73.9856644,17z/data=!4m7!3m6!1s0x89c259a9b3117469:0xd134e199a405a163!8m2!3d40.7484405!4d-73.9856644!9m1!1b1?hl=en"
google_reviews,"We were there on a girls trip the first week of December, and decided to go around 4:00. That was the perfect time! Sunset views leading into night views with all the lights was beautiful. Devin was so very helpful and made the experience seamless. Dani was also so helpful and so sweet. They both are great! Highly recommend this experience!",5,4 months ago,"https://www.google.com/maps/place/Empire+State+Building/@40.7484405,-73.9856644,17z/data=!4m7!3m6!1s0x89c259a9b3117469:0xd134e199a405a163!8m2!3d40.7484405!4d-73.9856644!9m1!1b1?hl=en"
google_reviews,"Still the most iconic building in New York and so worth a visit so long as the clouds aren't blocking the views. Three floors, 80 has exhibits and indoor view, 86 is the classic outside view, then there's 102 paid upgrade to the top of the tower - well worth it. Even the lifts have a video interactive ceiling, see pictures.",5,5 months ago,"https://www.google.com/maps/place/Empire+State+Building/@40.7484405,-73.9856644,17z/data=!4m7!3m6!1s0x89c259a9b3117469:0xd134e199a405a163!8m2!3d40.7484405!4d-73.9856644!9m1!1b1?hl=en"
google_reviews,"It was our first time visting NYC, I did a ton of research on which observation deck was ""best"" and ultimately decided as first timers we had to check out the iconic Empire State Building even though many said it didn't have the best views. We spent a little extra to do the early bird ticket which was the best decision ever. We went straight to the 102nd floor and had it pretty much to ourselves which also allowed us to have a lovely conversation with the gentleman operating the elevator. He gave us some great insider tips. The experience overall is a little pricey but I highly recommend it for the history and we thought the views were stunning!",5,3 months ago,"https://www.google.com/maps/place/Empire+State+Building/@40.7484405,-73.9856644,17z/data=!4m7!3m6!1s0x89c259a9b3117469:0xd134e199a405a163!8m2!3d40.7484405!4d-73.9856644!9m1!1b1?hl=en"
google_reviews,"Wondering if it’s worth visiting without going inside? Absolutely. We walked to its base just to admire the architecture, and it was well worth it.

Up close, you can really take in the neo-classical columns, the fluting that runs the full height of the structure, and those curtained art deco windows that define its era. It’s a landmark that rewards those who stop to actually look.

But the real magic happens at night. The lights shimmer against the NYC clouds in extraordinary color, modern vibrance meeting historic design. Take a moment to stand beneath it, look up, and feel alive. It’s a quiet reminder of what people can create when they reach high enough.",5,6 months ago,"https://www.google.com/maps/place/Empire+State+Building/@40.7484405,-73.9856644,17z/data=!4m7!3m6!1s0x89c259a9b3117469:0xd134e199a405a163!8m2!3d40.7484405!4d-73.9856644!9m1!1b1?hl=en"
google_reviews,"Great views! I chose the early arrival for 9:30 so the only waiting was for the doors to open for roughly 30 ticket holders. The museum was neat to see; you could spend a long time looking at the videos and pictures, or taking a pic with King Kong. The weather cooperated so we could see all of Manhattan and the surrounding waterways and Burroughs. If the 86th floor isn’t high enough, the 102nd floor will be! I managed to sneak up when no one else was there and had it to myself and the floor attendee who was so nice! I would absolutely recommend a visit if you can! I was very fast but save about 90minutes for this experience at a minimum to take it in, especially if you’re traveling solo like I was.",5,2 months ago,"https://www.google.com/maps/place/Empire+State+Building/@40.7484405,-73.9856644,17z/data=!4m7!3m6!1s0x89c259a9b3117469:0xd134e199a405a163!8m2!3d40.7484405!4d-73.9856644!9m1!1b1?hl=en"
google_reviews,"The view is amazing, but this is a popular tourist destination with crazy long lines and rude employees. I anticipated this and did not let it bother me. The view at the top is amazing! Very crowded, try coming as soon as they open or on a random weekday... but even on a weekday this place is busy.",4,2 months ago,"https://www.google.com/maps/place/Empire+State+Building/@40.7484405,-73.9856644,17z/data=!4m7!3m6!1s0x89c259a9b3117469:0xd134e199a405a163!8m2!3d40.7484405!4d-73.9856644!9m1!1b1?hl=en"
google_reviews,One of the best places to visit in NYC. View was breathtaking. We were lucky to see sunset and then all city in shimmering lights. Amazing!,5,2 months ago,"https://www.google.com/maps/place/Empire+State+Building/@40.7484405,-73.9856644,17z/data=!4m7!3m6!1s0x89c259a9b3117469:0xd134e199a405a163!8m2!3d40.7484405!4d-73.9856644!9m1!1b1?hl=en"
google_reviews,Oh wow - when you cruise by the Statue of Liberty she truly is a beauty! We booked a trip to make the visit & included a walk up the very narrow wi ding steep steps… there are plenty of stop off points so don’t be put off. It’s tiny up there but a must do if you are see the statue why not go up inside? We loved it - part of the trip was to visit Ellis Island so we had best part of a day doing both islands,5,2 months ago,"https://www.google.com/maps/place/Statue+of+Liberty/@40.6892494,-74.0445004,17z/data=!4m7!3m6!1s0x89c25090129c363d:0x40c6a5770d25022b!8m2!3d40.6892494!4d-74.0445004!9m1!1b1?hl=en"
google_reviews,"Visiting the Statue of Liberty is a truly remarkable and inspiring experience. From the moment the ferry approaches Liberty Island, the statue commands attention with its scale, elegance, and symbolic presence. Standing proudly in New York Harbor, it offers a striking contrast between the calm water surrounding it and the distant movement of the city skyline.
Up close, the statue’s details become even more impressive. The carefully crafted folds of the robe, the raised torch, and the solemn expression convey a sense of strength and dignity. Its soft green patina, shaped by time and the elements, adds to its beauty and historical character. The monument does not merely impress visually; it carries a profound sense of meaning connected to freedom, hope, and opportunity.
Walking around Liberty Island allows visitors to appreciate the statue from multiple angles while enjoying the peaceful atmosphere of the harbor. The gentle sound of the water and the open views create a reflective environment, encouraging visitors to pause and consider the history associated with the site. For many, this location represents the journey of millions who arrived in America seeking a better future.
As the light changes throughout the day, the statue takes on different tones, becoming especially striking during sunset. Overall, visiting the Statue of Liberty is not only visually beautiful but also emotionally meaningful, leaving a lasting impression on those who experience it.",5,3 months ago,"https://www.google.com/maps/place/Statue+of+Liberty/@40.6892494,-74.0445004,17z/data=!4m7!3m6!1s0x89c25090129c363d:0x40c6a5770d25022b!8m2!3d40.6892494!4d-74.0445004!9m1!1b1?hl=en"
google_reviews,"Visiting the Statue of Liberty in January turned out to be one of the best decisions we made. The colder weather keeps the crowds to a minimum, which gives the entire experience a quieter, more personal feel. From the ferry ride across the harbor to walking the grounds, nothing felt rushed or overly packed.

Being there in the winter really lets you slow down and take in the history. Reading about what the statue represented to millions of immigrants arriving in New York—hope, freedom, and the chance at a new life—hits a little differently when you’re not shoulder-to-shoulder with tour groups. The museum exhibits are well done and give great context to how much thought and effort went into creating such an enduring symbol.

Yes, it’s cold, especially on the ferry, so dress accordingly. But the winter views of Manhattan, Ellis Island, and the harbor are beautiful in their own way, and security and boarding moved quickly and smoothly.

If you’re interested in history and want a more meaningful, less hectic visit, January is a fantastic time to experience it. It felt less like a tourist stop and more like standing in front of a piece of living history.",5,3 months ago,"https://www.google.com/maps/place/Statue+of+Liberty/@40.6892494,-74.0445004,17z/data=!4m7!3m6!1s0x89c25090129c363d:0x40c6a5770d25022b!8m2!3d40.6892494!4d-74.0445004!9m1!1b1?hl=en"
google_reviews,"Fantastic day! Buy your tickets at the National Park - the purple group of people as we got off the subway ""tried"" to get us to go with them..I advise to go to the National Park- easy to buy tickets and security was quick. The boat ride was amazing stopping at the Statue of Liberty park and Ellis Island. Views were perfect!! Worth the trip!",5,3 months ago,"https://www.google.com/maps/place/Statue+of+Liberty/@40.6892494,-74.0445004,17z/data=!4m7!3m6!1s0x89c25090129c363d:0x40c6a5770d25022b!8m2!3d40.6892494!4d-74.0445004!9m1!1b1?hl=en"
google_reviews,"The Statue of Liberty was officially welcomed to New York’s harbor on October 26, 1886, marking a celebration of liberty and democracy, and serving as a symbolic gift from France to the United States. Over the 135 years since Lady Liberty’s arrival, the nation has evolved significantly, yet the core symbolism she embodies remains steadfast. The statue’s full name is Liberty Enlightening the World, reflecting its purpose to serve as a beacon of freedom. It was gifted by France to America in 1886 as a gesture of friendship and shared ideals. The figure depicts Libertas, the Roman goddess of freedom, clothed in a flowing robe. The statue stands approximately 93 meters (305 feet) tall from base to torch and weighs about 204 metric tonnes (around 450,000 pounds). Visitors must ascend a staircase of 354 steps within the pedestal to reach the statue’s crown. The crown features 25 windows, symbolizing enlightenment and hope. Its seven spikes represent the seven continents and seven oceans, emphasizing the universal nature of liberty and human rights. Additionally, the likeness of the statue’s face is believed to be modeled after the sculptor Frédéric Auguste Bartholdi’s mother, Charlotte, capturing a gentle and determined expression. Please use the Authorised Ferry service, State City Cruises, which takes you to the Statue of Liberty Island and Ellis Island.",5,3 months ago,"https://www.google.com/maps/place/Statue+of+Liberty/@40.6892494,-74.0445004,17z/data=!4m7!3m6!1s0x89c25090129c363d:0x40c6a5770d25022b!8m2!3d40.6892494!4d-74.0445004!9m1!1b1?hl=en"
google_reviews,So iconic! She is freedom herself. I loved visiting this so much. We took the ferry over and spent around two hours walking all around and inside the pedestal. It’s just so amazing to be next to after learning about it in school all my life. It’s so much bigger in person when your staring right up at it. We took some amazing photos to. It was perfect weather. Not to busy on a weekday in winter. Definitely buy tickets in advanced. 🇺🇸🇺🇸🇺🇸,5,5 months ago,"https://www.google.com/maps/place/Statue+of+Liberty/@40.6892494,-74.0445004,17z/data=!4m7!3m6!1s0x89c25090129c363d:0x40c6a5770d25022b!8m2!3d40.6892494!4d-74.0445004!9m1!1b1?hl=en"
google_reviews,Amazing experience! One of the must visit places in NYC! If you want to visit the hat you have to buy tickets beforehand and they sell out fast so make sure you get them before you visit. There are a couple lemonade stands on the island but I wasn’t a fan of the lemonade. Make sure you have your own water and some snacks to spend time on the island. The front of the statue gets busy from people taking pictures so it might take a while for your turn to come so plan accordingly. Ferry line gets long too so it might take a couple of ferries for you to get to and from the island. Beware of scam ticket sellers. Buy the tickets either online on the official website or the booths before the boarding dock. You will have to go through security as well. The museum is a must visit too! Don’t skip by it. It’s definitely worth checking out!,5,4 months ago,"https://www.google.com/maps/place/Statue+of+Liberty/@40.6892494,-74.0445004,17z/data=!4m7!3m6!1s0x89c25090129c363d:0x40c6a5770d25022b!8m2!3d40.6892494!4d-74.0445004!9m1!1b1?hl=en"
google_reviews,"We booked our visit through Statue City Cruises, the official and only authorized provider for trips to the Statue of Liberty and Ellis Island — and that’s important to know, as plenty of unofficial sellers will try to offer you “alternative” tickets.

We had seen the Statue of Liberty from the water before — on a speedboat called The Beast back in 2018 — but this was our first time setting foot on Liberty Island. And what a difference that makes.

The island is larger than we expected, with plenty of space to walk around, grab a snack, and take photos from every angle. We picked up the included audio guide, which offers three different tours, but ended up just exploring on our own.

The view toward Manhattan is spectacular, and the statue itself is iconic — impressive both up close and from afar. We tried to get tickets for the crown, but those were sold out nearly two months in advance, so book early if that’s on your list.

The museum visit at the end was fascinating, offering great context and artifacts. No wonder over four million people visit every year.

A beautiful and memorable experience — absolutely worth the time and effort.",5,6 months ago,"https://www.google.com/maps/place/Statue+of+Liberty/@40.6892494,-74.0445004,17z/data=!4m7!3m6!1s0x89c25090129c363d:0x40c6a5770d25022b!8m2!3d40.6892494!4d-74.0445004!9m1!1b1?hl=en"
google_reviews,"There is only one company to purchase ferry tickets from, they are tagged on the national Park service website and listed as such. The boat seems kind of small, but it does fit a lot of people on it so don’t stress if you’re kind of far back in the line. It Is exactly what you would think. It is a massive statue in the bay. You ride the ferry out and general admission tickets get to Walker in the park at ground level slightly elevated. Get you up to the podium at the base of her feet I did not think they were very expensive for our group. You do have to clear additional security in order to do that part after you clear security to go out on the ferry there is another round of security on the island to go up to her feet, no small bags are allowed, but there are lockers available for less than a dollar. If you wish to go up to the crown purchase tickets well in advance, I looked 2 to 3 months ahead of our trip and they were sold out already. There are no day of tickets available. There is ample parking on the New Jersey side at the park available for purchase before going out to the statue.",5,3 months ago,"https://www.google.com/maps/place/Statue+of+Liberty/@40.6892494,-74.0445004,17z/data=!4m7!3m6!1s0x89c25090129c363d:0x40c6a5770d25022b!8m2!3d40.6892494!4d-74.0445004!9m1!1b1?hl=en"
google_reviews,"Awesome visit! Seeing the Statue of Liberty in person was an unforgettable experience. There was a show that explained how the statue was built, the difficulties faced during its construction, and the purpose behind creating it, which made the visit even more meaningful. The history was inspiring, the views were incredible, and everything was well organized. Definitely a must-see attraction and a highlight of the trip.",5,3 months ago,"https://www.google.com/maps/place/Statue+of+Liberty/@40.6892494,-74.0445004,17z/data=!4m7!3m6!1s0x89c25090129c363d:0x40c6a5770d25022b!8m2!3d40.6892494!4d-74.0445004!9m1!1b1?hl=en"
google_reviews,"An Amazing Visit to the Statue of Liberty!

My visit to the Statue of Liberty was amazing. What a spectacular statue! Today was clear and sunny, which made it a perfect day for pictures and videos. I totally recommend that people come to visit and see this magnificent art.

My Recommendations for Your Trip:

Book in Advance: Purchase your tickets online before you go. Trust me, the line to buy tickets on-site is insane.

Check the Weather: Choose your day wisely and make sure it is sunny. The views are so much better!

Charge Your Devices: Make sure your phone and professional camera are fully charged before you leave. You don't want to miss a shot!",5,5 months ago,"https://www.google.com/maps/place/Statue+of+Liberty/@40.6892494,-74.0445004,17z/data=!4m7!3m6!1s0x89c25090129c363d:0x40c6a5770d25022b!8m2!3d40.6892494!4d-74.0445004!9m1!1b1?hl=en"
google_reviews,"A classic NYC landmark with a logistical tip:

Using the Go City Explorer Pass makes the ferry process much smoother. While the Statue is perfect for photos during the day, the scale is truly impressive when you land on the island and stand at its base.

It's a ""must-do"" for first-timers, but the best way to appreciate it isn't just up close—it’s watching it from the water as you transit between islands. Highly recommend booking the afternoon ferry to see two kinds of view (day & dusk) of this great landmark.",5,3 months ago,"https://www.google.com/maps/place/Statue+of+Liberty/@40.6892494,-74.0445004,17z/data=!4m7!3m6!1s0x89c25090129c363d:0x40c6a5770d25022b!8m2!3d40.6892494!4d-74.0445004!9m1!1b1?hl=en"
google_reviews,"I'm going to be completely honest. I wasn't too fussed about visiting, but my daught insisted and boy oh boy am I glad she did.
It was incredible and we absolutely loved visiting the island and the statue of liberty so iconic.",5,3 months ago,"https://www.google.com/maps/place/Statue+of+Liberty/@40.6892494,-74.0445004,17z/data=!4m7!3m6!1s0x89c25090129c363d:0x40c6a5770d25022b!8m2!3d40.6892494!4d-74.0445004!9m1!1b1?hl=en"
google_reviews,"If you can, you should visit this place. It is on the fringe of being sacred. The dream often falls short in reality. But I'm not sure how much that matters. What matters is how hard we strive to meet those ideals. This symbol of liberty and freedom and hope is so beautifully captured here. From the poem to the museum, to the magnitude of the statue itself. Humbling to think of those that came here to make our country truly an amazing country to be a part of. And it reminded my that I still believe the dream is worth fighting for, worth striving for, worth continuing to fall short of, but worth never quitting working towards.",5,2 months ago,"https://www.google.com/maps/place/Statue+of+Liberty/@40.6892494,-74.0445004,17z/data=!4m7!3m6!1s0x89c25090129c363d:0x40c6a5770d25022b!8m2!3d40.6892494!4d-74.0445004!9m1!1b1?hl=en"
google_reviews,"There is no other more famous or iconic symbol on the planet, and coming here after more than 30+ years, its even more awe inspiring than I remember as a small child visiting her when I emigrated to this great nation.

When visiting, there are numerous educational junctures of the visit that will enlighten you on the stats, history of this grandiose monument.
I recognize that you can simply go on-line to read about the history, but to see her up close and in real-life is incomparable to any other experience you can find on earth.
The only other experiences I have been that is similar as awe inspiring was the Pyramids and the Grand Canyon.

This is a must see for any tourist or visitor, but I would even say local American's that can make it here.

The Statue of Liberty, officially titled Liberty Enlightening the World, is perhaps the most recognizable symbol of freedom in the world. Standing on Liberty Island in New York Harbor, it was a gift from the people of France to the United States to celebrate the centennial of the Declaration of Independence and the enduring friendship between the two nations.

The Visionaries: The idea was proposed in 1865 by French political thinker Édouard de Laboulaye. It was designed by sculptor Frédéric Auguste Bartholdi, while the internal iron framework was engineered by Gustave Eiffel (who later built the Eiffel Tower).

A Transatlantic Effort: France funded the statue itself, while the United States was responsible for the pedestal. When American fundraising stalled, newspaper publisher Joseph Pulitzer launched a successful crowdfunding campaign that gathered small donations from over 120,000 people.

Assembly: Built in Paris and completed in 1884, the statue was disassembled into 350 pieces, packed into 214 crates, and shipped across the Atlantic. It was finally dedicated on October 28, 1886.

The Torch: Representing enlightenment, the current torch is a 1986 replacement covered in 24k gold leaf (the original is now in the museum).

The Tablet: Held in her left hand, it is inscribed with ""JULY IV MDCCLXXVI"" (July 4, 1776), the date of American independence.

The Crown: Its seven spikes represent the seven continents and seven seas, signaling that the message of liberty is universal.

Broken Shackles: Often missed by visitors because they are at her feet, the broken chains and shackles symbolize the end of slavery and oppression.",5,3 months ago,"https://www.google.com/maps/place/Statue+of+Liberty/@40.6892494,-74.0445004,17z/data=!4m7!3m6!1s0x89c25090129c363d:0x40c6a5770d25022b!8m2!3d40.6892494!4d-74.0445004!9m1!1b1?hl=en"
google_reviews,"Make sure that if you want to go up in to the observation deck that you get your tickets when you get the ferry ticket. They are $0.30 more for the observation deck if you get them with the ferry but if you wait until you get to the island you have to buy an entire new ticket $25.00 more . We found out the hard way!! Other than that it was great the museum was a good one and we had a good time on the ferry as you get some great views of the city and can feel the history when you are there
Great experience.",5,4 months ago,"https://www.google.com/maps/place/Statue+of+Liberty/@40.6892494,-74.0445004,17z/data=!4m7!3m6!1s0x89c25090129c363d:0x40c6a5770d25022b!8m2!3d40.6892494!4d-74.0445004!9m1!1b1?hl=en"
google_reviews,"We booked to view this historic and iconic landmark via statue city cruises. We had a very smooth experience starting from the queue management, security checking, cruise to the liberty island and back. Very well managed and staffs were there to guide us. The experience is great. This monument stands tall and it reminds us about all the history related to it. Beautiful in short. When you visit NYC, this is the must visit place. Iconic and beautiful.",5,6 months ago,"https://www.google.com/maps/place/Statue+of+Liberty/@40.6892494,-74.0445004,17z/data=!4m7!3m6!1s0x89c25090129c363d:0x40c6a5770d25022b!8m2!3d40.6892494!4d-74.0445004!9m1!1b1?hl=en"
google_reviews,"If you are visiting NYC, you have to visit the Statue of Liberty. It's not expensive either and the difference between Crown, Pedestal, and just the ferry ride amounts to a few dollars.

We did not get a chance to visit the crown as it was sold out, but we did get as high as the pedestal. Franky, getting on the island is the most important part as you want a photo with the Statue of Liberty in the background and not viewing from within her.

Getting on the ferry is interesting as airport-style security screening is involved. Once on the island, you have to use a locker to store any bags, strollers, etc before you can enter the Statue itself. An elevator is available to get to the pedestal, but coming down is stairs only if you are able-bodied.

Don't miss the Statue of Liberty if you're in NYC. Also, it's easy to get to via the subway.",5,2 months ago,"https://www.google.com/maps/place/Statue+of+Liberty/@40.6892494,-74.0445004,17z/data=!4m7!3m6!1s0x89c25090129c363d:0x40c6a5770d25022b!8m2!3d40.6892494!4d-74.0445004!9m1!1b1?hl=en"
google_reviews,"Visiting the Statue of Liberty in New York was an amazing experience. The ferry ride offers stunning views of the skyline, and standing at the base of the statue really makes you feel the power of its message of freedom and hope. The island is clean and well organized, with clear signs, helpful staff, and plenty of historical information. It’s one of those places that truly lives up to its reputation, and I’d recommend it to anyone visiting New York.",5,4 months ago,"https://www.google.com/maps/place/Statue+of+Liberty/@40.6892494,-74.0445004,17z/data=!4m7!3m6!1s0x89c25090129c363d:0x40c6a5770d25022b!8m2!3d40.6892494!4d-74.0445004!9m1!1b1?hl=en"
google_reviews,"This is a great spot to visit with kids and to take plenty of photos. Even if you don’t have time to go onto the island itself, there are multiple ferry options that offer scenic rides around it. These tours still bring you close enough to appreciate the views, the setting, and the history without needing to disembark.

The ferry ride itself is part of the experience, especially for children, with open views and plenty of photo opportunities along the way. It’s a flexible option if you’re short on time or traveling with a group, and it allows you to enjoy the area without committing to a full on-island visit.

Overall, it’s an easy and enjoyable way to experience the location, whether you’re planning a full stop or just looking for a memorable outing on the water.",5,Edited 4 months ago,"https://www.google.com/maps/place/Statue+of+Liberty/@40.6892494,-74.0445004,17z/data=!4m7!3m6!1s0x89c25090129c363d:0x40c6a5770d25022b!8m2!3d40.6892494!4d-74.0445004!9m1!1b1?hl=en"
google_reviews,"Pretty cool landmark to visit. Lots to learn. The statue itself requires either a pedestal or a pedestal & crown ticket to be entered. Check your tickets before joining the line.

There is a long wait for the elevator as it can only carry 4 people at any one time. The walk up to the top of the pedestal is not too difficult (195 steps in total).

You can’t bring bags or metal water bottles with you and you need quarters for the lockers outside.",5,3 months ago,"https://www.google.com/maps/place/Statue+of+Liberty/@40.6892494,-74.0445004,17z/data=!4m7!3m6!1s0x89c25090129c363d:0x40c6a5770d25022b!8m2!3d40.6892494!4d-74.0445004!9m1!1b1?hl=en"
google_reviews,"The Statue of Liberty is one of the most iconic symbols of freedom, and visiting it feels special from start to finish. The ferry ride itself offers breathtaking views of Manhattan and Brooklyn. Liberty Island is peaceful, clean, and full of great photo spots.

The Statue looks massive and impressive from up close, and the museum gives deep insight into its construction, symbolism, and restoration. If you book the pedestal or crown tickets early, the views are even better. Expect lines during peak hours, but the organization is smooth. Overall, it’s a must-visit landmark for anyone coming to New York.",5,5 months ago,"https://www.google.com/maps/place/Statue+of+Liberty/@40.6892494,-74.0445004,17z/data=!4m7!3m6!1s0x89c25090129c363d:0x40c6a5770d25022b!8m2!3d40.6892494!4d-74.0445004!9m1!1b1?hl=en"
google_reviews,"Visiting the Statue of Liberty was honestly incredible. Seeing her in person is so much more impressive than in pictures you really get a sense of how massive and iconic she is. Walking around Liberty Island and taking in the views of the city and the harbor made the whole experience feel really special.
The ferry ride over was a highlight too, giving amazing photo opportunities and a cool perspective of the skyline. It can get pretty crowded and tickets aren’t cheap, but it’s completely worth it. Overall, it’s one of those NYC experiences that actually lives up to the hype.",5,4 months ago,"https://www.google.com/maps/place/Statue+of+Liberty/@40.6892494,-74.0445004,17z/data=!4m7!3m6!1s0x89c25090129c363d:0x40c6a5770d25022b!8m2!3d40.6892494!4d-74.0445004!9m1!1b1?hl=en"
google_reviews,It’s cold but highly recommend coming in January or February to avoid the crowds. Taking the last ferry out also gives you beautiful sunset views. Make sure you get there early to go through security.,5,2 months ago,"https://www.google.com/maps/place/Statue+of+Liberty/@40.6892494,-74.0445004,17z/data=!4m7!3m6!1s0x89c25090129c363d:0x40c6a5770d25022b!8m2!3d40.6892494!4d-74.0445004!9m1!1b1?hl=en"
google_reviews,It’s such a historic and iconic place. Must visit to understand the history and see the magnificent piece of art. Long waiting time and queues do get tiring. It is very windy as it’s in the the open do carry jackets and mufflers if you do not enjoy cold. One whole day is recommended to be kept aside to visit Statue of Liberty and the Ellis Island. Have the most comfortable walking shoes and the journey to the statue is via a boat so be prepared with motion sickness medicine if you are prone to the same.,5,2 months ago,"https://www.google.com/maps/place/Statue+of+Liberty/@40.6892494,-74.0445004,17z/data=!4m7!3m6!1s0x89c25090129c363d:0x40c6a5770d25022b!8m2!3d40.6892494!4d-74.0445004!9m1!1b1?hl=en"
google_reviews,Loved the museum.  Be prepared to wait a LONG time for the elevator to take you up ss it only holds about 4 people or take the almost 200 stairs - we took the stairs and skipped the gym.  The museum was very informative,5,2 months ago,"https://www.google.com/maps/place/Statue+of+Liberty/@40.6892494,-74.0445004,17z/data=!4m7!3m6!1s0x89c25090129c363d:0x40c6a5770d25022b!8m2!3d40.6892494!4d-74.0445004!9m1!1b1?hl=en"
google_reviews,"My favourite attraction in New York. It was so beautiful and well presented. We got crown tickets and climbed to the top. Can’t say I enjoyed the steps to the top or the view was any different than the top of the plinth. Totally worth a visit, I loved it. The museum and gift shop were also great.",5,4 months ago,"https://www.google.com/maps/place/Statue+of+Liberty/@40.6892494,-74.0445004,17z/data=!4m7!3m6!1s0x89c25090129c363d:0x40c6a5770d25022b!8m2!3d40.6892494!4d-74.0445004!9m1!1b1?hl=en"
google_reviews,"We visited the Statue of Liberty by boat, and the whole experience was amazing from start to finish. Once on Liberty Island, we had plenty of time to walk around, take pictures from every angle, and enjoy the views across the water. The museum gave us a great understanding of the history behind the statue and what she represents. Recomended.",5,5 months ago,"https://www.google.com/maps/place/Statue+of+Liberty/@40.6892494,-74.0445004,17z/data=!4m7!3m6!1s0x89c25090129c363d:0x40c6a5770d25022b!8m2!3d40.6892494!4d-74.0445004!9m1!1b1?hl=en"
google_reviews,"What an amazing.experience. I think it's best to admire it from the water, looking up at its base yiu.miss out on the magnitude of this historical mark. From wiki ""The Statue of Liberty (Liberty Enlightening the World; French: La Liberté éclairant le monde) is a colossal neoclassical sculpture of a robed and crowned female on Liberty Island in New York Harbor, within New York City. The copper-clad statue, a gift to the United States from the people of France, was designed by French sculptor Frédéric Auguste Bartholdi and its metal framework was built by Gustave Eiffel. The statue was dedicated on October 28, 1886.""",5,6 months ago,"https://www.google.com/maps/place/Statue+of+Liberty/@40.6892494,-74.0445004,17z/data=!4m7!3m6!1s0x89c25090129c363d:0x40c6a5770d25022b!8m2!3d40.6892494!4d-74.0445004!9m1!1b1?hl=en"
google_reviews,"We visited the crown, booked tickets 6 months in advance as sells out quickly. If you get general admission tickets your qué to go through security is MASSIVE, would definitely recommend paying few extra dollars for the shorter line. Once through security and on the boat you can get some snacks and drinks ok short trip across to the statue of liberty and few great pics. The crown tickets allows you up into the crown via a narrow spiral staircase, it's probably harder coming down than up with a few platforms to step onto if you need a break, the view within the crown isn't the best and it was extremely warm up there but definitely worth the experience if you can do it.",5,2 months ago,"https://www.google.com/maps/place/Statue+of+Liberty/@40.6892494,-74.0445004,17z/data=!4m7!3m6!1s0x89c25090129c363d:0x40c6a5770d25022b!8m2!3d40.6892494!4d-74.0445004!9m1!1b1?hl=en"
google_reviews,"What a beautiful symbol of freedom, democracy and liberty. It’s truly remarkable. We booked months in advance for tickets for the crown and it’s so worth the 162 narrow steps to reach. The sculpture itself is absolutely enormous and so much bigger and better than you expect. Book directly with the official site…
Beware Third Party Ticket Vendors!!! All the staff are very helpful but the two guys at the crown were brilliant, more than happy to help with photos and answers to our questions. Fantastic experience. Ps..the ferry trip there and back was very enjoyable as well.",5,4 months ago,"https://www.google.com/maps/place/Statue+of+Liberty/@40.6892494,-74.0445004,17z/data=!4m7!3m6!1s0x89c25090129c363d:0x40c6a5770d25022b!8m2!3d40.6892494!4d-74.0445004!9m1!1b1?hl=en"
google_reviews,"Our trip to Liberty State Park was fantastic from start to finish. We bought tickets from the NJ side. Parking was easy.  Buying tickets on mobile was super smooth, and going through security was a breeze. We went during the week and experienced absolutely no wait time—both on the way there and coming back.

The ferry itself was clean and comfortable. The first and second floors are fully heated, which was perfect, and the top deck offers amazing views. Overall, a seamless and enjoyable experience. Highly recommend!

Below a Picture of the actual NJ ferry",5,5 months ago,"https://www.google.com/maps/place/Statue+of+Liberty/@40.6892494,-74.0445004,17z/data=!4m7!3m6!1s0x89c25090129c363d:0x40c6a5770d25022b!8m2!3d40.6892494!4d-74.0445004!9m1!1b1?hl=en"
google_reviews,I recently came here and it was so cool to finally go there. I've lived in NY my entire life and I've never been until now. It was probably one of the coolest things I've ever done.,5,2 months ago,"https://www.google.com/maps/place/Statue+of+Liberty/@40.6892494,-74.0445004,17z/data=!4m7!3m6!1s0x89c25090129c363d:0x40c6a5770d25022b!8m2!3d40.6892494!4d-74.0445004!9m1!1b1?hl=en"
google_reviews,"It was my first time visiting Statue of Liberty. It was really good experience. I boarded last boat from Ellis Island at 3:30pm for Statue of Liberty. Boat took approx 20 minutes to reach there. So i just rushed for pictures and tried to cover everything, as last boat leaves at 4:40pm. If you missed that last boat, you will be stuck. Please make sure from whichever place you came, you are boarding right boat as New York city & New Jersey boat both come almost at same time. It was quite windy in December, so please wear jackets, caps & gloves accordingly. Cafeteria also start closing around 4:15pm , so if you want to buy something, then be quick before they stop taking orders.",4,4 months ago,"https://www.google.com/maps/place/Statue+of+Liberty/@40.6892494,-74.0445004,17z/data=!4m7!3m6!1s0x89c25090129c363d:0x40c6a5770d25022b!8m2!3d40.6892494!4d-74.0445004!9m1!1b1?hl=en"
google_reviews,"Amazing tour to one of the most iconic landmarks in New York! We took the ferry from Battery Park all the way to the Statue. Trip is nice and short, full of beautiful views. I highly recommend the tour that includes the access to the crown. It's a 198 steps very narrow way to the top but it's worth it.",5,5 months ago,"https://www.google.com/maps/place/Statue+of+Liberty/@40.6892494,-74.0445004,17z/data=!4m7!3m6!1s0x89c25090129c363d:0x40c6a5770d25022b!8m2!3d40.6892494!4d-74.0445004!9m1!1b1?hl=en"
google_reviews,Took the family here to visit this iconic symbol of liberty.  We took the cruise out to the statue.  We went through security before we got on the boat and then again at the base of the statue.  We then climbed the 195 stairs to the pedestal.  Looking up at lady liberty and the full skyscraper of New York was an amazing experience.  Every American-loving person should experience this once in their life.  This proud American feels blessed to have been there.  God bless the USA!,5,3 months ago,"https://www.google.com/maps/place/Statue+of+Liberty/@40.6892494,-74.0445004,17z/data=!4m7!3m6!1s0x89c25090129c363d:0x40c6a5770d25022b!8m2!3d40.6892494!4d-74.0445004!9m1!1b1?hl=en"
google_reviews,"A must see if you travel to New York!
The views from the ferry and then from the island back to New York are breathtaking.

Be aware there is airport level security before getting on the ferry so always allow extra time for this.",5,5 months ago,"https://www.google.com/maps/place/Statue+of+Liberty/@40.6892494,-74.0445004,17z/data=!4m7!3m6!1s0x89c25090129c363d:0x40c6a5770d25022b!8m2!3d40.6892494!4d-74.0445004!9m1!1b1?hl=en"
google_reviews,"We really enjoyed our visit to the Statue of Liberty! The entire area was very clean and well maintained, and the museum was full of fascinating information - a great mix of history and insight.

The walk around the island was lovely, offering amazing views of downtown Manhattan, New Jersey, the Brooklyn Bridge, and Ellis Island. It’s truly a special perspective of New York.

The cafeteria food was decent, with better prices than expected, and the souvenir shop had something for every taste and budget.

Overall, a memorable experience that’s absolutely worth it for anyone visiting NYC.",5,5 months ago,"https://www.google.com/maps/place/Statue+of+Liberty/@40.6892494,-74.0445004,17z/data=!4m7!3m6!1s0x89c25090129c363d:0x40c6a5770d25022b!8m2!3d40.6892494!4d-74.0445004!9m1!1b1?hl=en"
google_reviews,"We had tickets to visit the crown. We purposely picked the very first time slot to beat crowds. Going through security and boarding the boat is organized chaos.
The crown was a unique experience that I recommend. It's a lot of tight steps.  The crown tix gives you access to the pedestal and original museum.
Unfortunately the new museum which contains the original torch was so crowded we couldn't get close to the exhibits. We were glad to have the general overview/exhibits of the old museum.
The ferry lines back weren't too bad since it was October. Can't imagine standing in the summer heat.",3,6 months ago,"https://www.google.com/maps/place/Statue+of+Liberty/@40.6892494,-74.0445004,17z/data=!4m7!3m6!1s0x89c25090129c363d:0x40c6a5770d25022b!8m2!3d40.6892494!4d-74.0445004!9m1!1b1?hl=en"
google_reviews,"Cool experience, but let down by security staff behaviour.

The visit itself was really impressive, but the whole thing was overshadowed by the awful treatment from security staff -both at the boat and Statue. I understand they have a job to do, but barking orders when there's with zero signage about what needs to be removed for scanning, then yelling and treating people like criminals or idiots, doesn’t help anyone.

Doubt this will change seems to New York - went through six different security checks, none had clear instructions, and the staff were consistently rude at every one.",4,3 months ago,"https://www.google.com/maps/place/Statue+of+Liberty/@40.6892494,-74.0445004,17z/data=!4m7!3m6!1s0x89c25090129c363d:0x40c6a5770d25022b!8m2!3d40.6892494!4d-74.0445004!9m1!1b1?hl=en"
google_reviews,"Lady Liberty is a magnificent, monumental beacon of hope. Visiting in August was a deeply powerful, emotional pilgrimage. The ferry ride and island views are unforgettable. She stands tall as the essential, 5-star symbol of freedom and resilience.",5,5 months ago,"https://www.google.com/maps/place/Statue+of+Liberty/@40.6892494,-74.0445004,17z/data=!4m7!3m6!1s0x89c25090129c363d:0x40c6a5770d25022b!8m2!3d40.6892494!4d-74.0445004!9m1!1b1?hl=en"
google_reviews,"I visited the Statue of Liberty with my mom and sister, and it was such a beautiful and memorable experience. Seeing it up close was honestly breathtaking the statue is much larger than I expected, and the views from the pedestal were beautiful .

We took the ferry from Battery Park, which was really easy and gave us great views of both Liberty Island and Ellis Island along the way. Hiking up as far as we could inside the statue was such a cool experience you really get to appreciate the scale and craftsmanship of this incredible monument.

A few fun facts: the Statue of Liberty was a gift from France in 1886 to celebrate freedom and democracy. She’s made of copper, which has oxidized over time to create her iconic green color, and her full height from base to torch is about 305 feet! The seven rays on her crown represent the seven continents and seven seas, symbolizing liberty spreading across the world.

If you’re visiting New York, this is an absolute must-do. It’s historic, inspiring, and truly beautiful an experience that makes you appreciate what the Statue of Liberty stands for. 🗽✨

*UNESCO heritage site*",5,Edited 5 months ago,"https://www.google.com/maps/place/Statue+of+Liberty/@40.6892494,-74.0445004,17z/data=!4m7!3m6!1s0x89c25090129c363d:0x40c6a5770d25022b!8m2!3d40.6892494!4d-74.0445004!9m1!1b1?hl=en"
google_reviews,"The Statue of Liberty was a must see on our trip to New York City. We bought our tickets through Viator that included the Statue of Liberty, Ellis Island museum and the 911 Memorial museum and it was well worth it. We met our tour guide at the designated spot and had to take a ferry to the island. There was a bit of a wait given we had to wait for the ferry to be filled with passengers before heading to the island. Once we unloaded, we were free to walk around and explore the island and see Lady Liberty up close. Our guide was very knowledgeable and the whole tour lasted about 4 hours.",5,6 months ago,"https://www.google.com/maps/place/Statue+of+Liberty/@40.6892494,-74.0445004,17z/data=!4m7!3m6!1s0x89c25090129c363d:0x40c6a5770d25022b!8m2!3d40.6892494!4d-74.0445004!9m1!1b1?hl=en"
google_reviews,"This beautiful and historic landmark was meant to be the landscape for immigrants that you are in the land of the free and serves now as a part of history. Needing a ferry to arrive, which is very expensive, but its a must do 20 mins ferry for every NY visiter. I wish it was accessible to go up the status, but then again, I cant make that climb",5,4 months ago,"https://www.google.com/maps/place/Statue+of+Liberty/@40.6892494,-74.0445004,17z/data=!4m7!3m6!1s0x89c25090129c363d:0x40c6a5770d25022b!8m2!3d40.6892494!4d-74.0445004!9m1!1b1?hl=en"
google_reviews,"The Statue of Liberty was a bucket historical sites for us. We were able to visit about an hour, but you can easily spend have a day here. My son does the Jr. Park  Ranger activities at every National Park we go to, and this was a great way to explore the island",5,7 months ago,"https://www.google.com/maps/place/Statue+of+Liberty/@40.6892494,-74.0445004,17z/data=!4m7!3m6!1s0x89c25090129c363d:0x40c6a5770d25022b!8m2!3d40.6892494!4d-74.0445004!9m1!1b1?hl=en"
google_reviews,"Statue of Liberty – A Timeless Symbol of Freedom ⭐⭐⭐⭐⭐

Visiting the Statue of Liberty is truly a once-in-a-lifetime experience. From the moment you board the ferry and approach Liberty Island, the sight of Lady Liberty standing tall against the New York skyline is absolutely breathtaking. The monument itself is not only beautiful but also deeply symbolic, representing hope, freedom, and resilience.

The museum on Liberty Island is very well-curated, with fascinating exhibits about the history, construction, and cultural significance of the statue. If you have the chance, climbing up to the pedestal (or even the crown, with advance booking) offers incredible views of New York Harbor and Manhattan.

The ferry ride is smooth and well-organized, and you also get the bonus of stopping at Ellis Island, which is just as historic and inspiring. Staff are friendly, and security is thorough but efficient.

Tips: Book tickets online in advance, arrive early to beat the crowds, and give yourself plenty of time to explore both Liberty Island and Ellis Island. Comfortable shoes are a must for walking and climbing.

🌟 Overall: An unforgettable New York experience and a powerful reminder of history. A must-visit landmark for anyone traveling to the city.",5,8 months ago,"https://www.google.com/maps/place/Statue+of+Liberty/@40.6892494,-74.0445004,17z/data=!4m7!3m6!1s0x89c25090129c363d:0x40c6a5770d25022b!8m2!3d40.6892494!4d-74.0445004!9m1!1b1?hl=en"
google_reviews,"An iconic landmark and a meaningful symbol of freedom and history. The ferry ride offers great views of New York Harbor, and you can take amazing photos from many angles. The museum provides interesting information about the statue’s construction and significance.

It can be quite crowded, especially during peak seasons, so it’s best to book tickets in advance and arrive early. If you have time, visiting the crown or pedestal gives an even better experience with a unique perspective of the skyline.

A must-visit destination when exploring New York City. Truly impressive!",5,6 months ago,"https://www.google.com/maps/place/Statue+of+Liberty/@40.6892494,-74.0445004,17z/data=!4m7!3m6!1s0x89c25090129c363d:0x40c6a5770d25022b!8m2!3d40.6892494!4d-74.0445004!9m1!1b1?hl=en"
google_reviews,Took the boat out to the Statue of Liberty Monument and it was worth it. So cool going into the museum. The food at the restaurant was pretty ordinary though. Gift shop was great!,5,5 months ago,"https://www.google.com/maps/place/Statue+of+Liberty/@40.6892494,-74.0445004,17z/data=!4m7!3m6!1s0x89c25090129c363d:0x40c6a5770d25022b!8m2!3d40.6892494!4d-74.0445004!9m1!1b1?hl=en"
