company_name,overall_rating,total_reviews,review_title,review_text,review_rating,review_date,reviewer_name
Katz's Delicatessen,4.1,4275,N/A,"Some people give Katz a bad rap.  I just finished a half sandwich of Pastrami on rye (seeded) and I'm here to tell ya....""to die for""!  That's coming from a ""real"" nyker....from the Bronx.  I got the lean and it was n't soggy like some claim.  Let me tell you how I prepared it.  It comes in a sealed plastic bag.  I left it that way as I placed it in a pot of boiling water for 10 minutes.  I toasted the rye bread then smeared both sides with blue cheese salad dressing (brown mustard would be too strong, the meat is flavored enough).  One of the 5 food groups.  The other 4:  Carvel soft serve ice cream, potato knish, and Original famous Ray's Pizza.  All ""to die for""!!!!!!",5,"Apr 5, 2026",N/A
Katz's Delicatessen,4.1,4275,N/A,"Cash only and prepare for chaos. There will be a line... several.  There 's a line to get in, which is out the door. The doorman hands you a ticket. Keep it. There is a line to order, a line for just drinks, a line for pre-order pick up, and a line to pay. Legit Crazy. Finding a seat to eat is stressful.  I saw a local kick out a non-NYer for saving a table for 6, when all she needed was a table for 2 and she didn't have her food yet. It was crazy. Would I go back... YES!!  There is a line for a reason. That sandwich is amazing!!!!  It was soo huge.  I'm glad the kid and I shared.  The hubs ate the whole thing by himself and had the meat sweats.  Thankfully we walked it off :)",5,"May 5, 2026",N/A
Katz's Delicatessen,4.1,4275,N/A,"Katz's lives up to the hype -- but native New Yorkers know things have changed. The quality is still there, the service is great, and the vibe is always fun. That said, the price has nearly doubled over the years, and the amount of pastrami feels like it has gone down. Still, it's a must-try if you're visiting from out of town or want the classic Lower East Side experience. If you're looking for alternatives -- or you're not near the Lower East Side -- Pastrami Queen on the Upper East and Upper West Side is fabulous. 2nd Ave Deli and Sarge's Delicatessen in Midtown East are also well worth a try.",4,"May 18, 2026",N/A
Katz's Delicatessen,4.1,4275,N/A,"Katz's Delicatessen was my very first stop on my first trip to NYC, and it absolutely lived up to the hype. This iconic spot has been around for generations, serving up legendary pastrami in a classic New York setting. Expect a long line, but it moves quickly. You'll receive a ticket upon entering, have your order marked, and pay on the way out. - Katz's Pastrami Sandwich (on rye) -- incredibly juicy and tender with thick, hand-cut slices piled high; on the pricier side, but worth trying at least once; it's massive and easily shareable, one of the most beautiful pastrami sandwiches I've ever seen The vibe is bustling and full of energy. The walls are lined with old photos that showcase Katz's long history, and the bright fluorescent and neon lights give it that unmistakable deli feel. Beyond pastrami, they also offer classics like corned beef, sauerkraut, and matzo ball soup -- don't forget the pickle to balance everything out. Service is efficient and friendly given the volume. I'm already craving another pastrami sandwich as I write this... Katz's is truly a must-visit NYC staple!",5,"Apr 29, 2026",N/A
Katz's Delicatessen,4.1,4275,N/A,"Try: Corned Beef Reuben! Why: Pastrami is obviously delish here and I've had it various times but finally tried their Corned Beef Reuben and it was melt in your mouth goodness! Notes: Came with my parents for late breakfast and it was already busy. Got our tickets at entrance and I went to sandwich line immediately while my parents grabbed a table. Don't forget to tip your butcher esp if they give you a sample. If you're sharing family style, keep all your tickets even unused ones so you can give them back the tickets at exit after paying. Credit card accepted in back counter. Front counter is cash. Ordered too much food? Get it wrapped and bagged in back counter too. Def a staple NYC establishment and dining experience.",4,"Apr 29, 2026",N/A
Katz's Delicatessen,4.1,4275,N/A,"Waited about 25 minutes to get inside the place was jampacked even more of a reason to want to try it out . Everybody told me if you go to New York. You gotta go to Katz's you won't be  disappoint and they were all right. The thick cut pastrami sandwich was BOMB AF !  three sandwiches fries and drinks was well over $100 but definitely worth it. They Let me try a few pieces of their beef tongue, which was delicious but me personally I like it in a taco with salsa verde onions and cilantro,  not in a sandwich.  But to each their own.",5,"May 15, 2026",N/A
Katz's Delicatessen,4.1,4275,N/A,"In a word, disappointed. I've been wanting for years to go to the famous Katz Deli. Maybe I hyped it up too much. I don't know. We arrived promptly at 11 o'clock on a Saturday morning and there was almost no line. You go in the door, you get one ticket for every person and it's extremely important that you keep that ticket even if there is nothing written on it. Then you hop in the line for whatever it is that you're needing whether it would be a sandwich or hotdog a soda, etc. Then you get in that corresponding line. After you get your food you do not pay at that time. We were lucky enough to find a table right away. Now for the food. We both got corned beef with spicy mustard. The sandwiches look amazing! The meat was hot and it was thick and they had trimmed most of the fat away which I love. The problem is there's almost no taste. It's like steamed meat and the spice is a wish and a dream. A whisper of spice if you will. The pickles were terrible! If you can see my pictures, you can see that one is a dark green and one is a bright green. The dark green ones could be something that you pick off of a grocery store shelf and the bright green one tasted like you just cut up a cucumber and put it in vinegar with maybe a little salt For two sandwich sandwiches, extra pickles and two diet Pepsi's the bill came up to $63 and some change. To be honest, we have a great sandwich place back in Indianapolis, Indiana called Shapiro's and Shapiro's is by far better and at least five times better than Katz. If you don't have a deli by where you live, maybe this will be amazing because you have nothing to compare it to. I do and this was not worth it. I'm glad that I tried it though because if I didn't, I would've always wondered. You should definitely try Katz's at least once, but don't get your hopes too high. Seems more like a tourist trap.",3,"Apr 27, 2026",N/A
Katz's Delicatessen,4.1,4275,N/A,Probably one of the best pastrami sandwiches I have eaten.  Having a sandwich here was memorable.  Only downside was the wait.  It took about 1 hour but I'd do it over again.  Make sure you know what to order before you get there because it's very overwhelming.  If you go to NYC specifically Manhattan this is a must visit staple!,5,"May 13, 2026",N/A
Katz's Delicatessen,4.1,4275,N/A,"I got lucky and there was no line when I went. While waiting, they even gave out samples of pastrami to try--omg, it was so tender, juicy, and good. I just ordered the classic pastrami sandwich with mustard, and got their spicy sauce on the side. The sandwich was huge and packed with meat. Honestly, it was the best food I had in NYC while I was there.",5,"Apr 20, 2026",N/A
Katz's Delicatessen,4.1,4275,N/A,"Disclaimer, I am normally not a pastrami fan but I wanted to see if anything has changed. Knowing that Katz is known for their pastrami,  I hoped it would change my perception of what it could taste like or be. We ordered the pastrami sandwich and the matzo ball soup. I have mixed thoughts on the sandwich, some of it had juicy, tender bites but other bites were salty and dry. The matzo ball soup was unique and I liked it, but it was too salty for me. I was in desperate need of water after having both together. The line is long but it moves relatively quick, make sure you go in the lines that have a large tip jar. It means they are likely to move quick and get the food out faster. It was my first time and I learned that you take a ticket, order, eat, then pay. You also have to take a ticket even if you're not ordering, or else pay a lost ticket fine Overall, it was decent. I would try it because it's iconic to NY but I wouldn't go out of my way for it.",3,"Apr 10, 2026",N/A
Shake Shack,3.5,41,N/A,"Shake Shack is a NY staple, so of course you'll find it at the Citifield Stadium. This is also one of the largest vendors for food here as there are 3 sets of lines to order from. They have all the burgers lined up in the kitchen, so it makes it quick and easy to grab and go once you order. We got our food within a few minutes of paying and back to our seats. We ordered the Shack Stack ($14.59), Chicken Stack ($10.19), Double Shackburger ($11.49), Hot Dog ($5.19), and Cheese Fries ($7.49). Note the prices are slightly higher than outside the stadium, but that's how baseball games are. The Shack Stack is tasty and I also love the cheesiness from the fried shroom. I'd pass on the chicken stack though, as their burgers are the best items here. The quality is the same and great to enjoy while watching the game.",4,"Jul 2, 2024",N/A
Shake Shack,3.5,41,N/A,"I was pleasantly surprised by the stadium food. The shake shack here had multiple lines and I would say they moved pretty fast. The staff was friendly and fast, which I wasn't expecting since the stadium was packed. I got the fries and a chicken burger. I did think $9 for a small side of fries was ridiculous, but needless to say, they were not greasy at all and perfectly crispy so I was happy. My change chicken burger was decent. The flavor was good as was the aiole on it, but I found myself having to take pieces of the breading of the chicken out of my mouth because there were pieces that were too hard that I couldn't chew. Nonetheless, pretty good for stadium good.",4,"Jun 5, 2025",N/A
Shake Shack,3.5,41,N/A,"I can't believe I am writing this, but I have come to appreciate the consistency of this Shake Shack. It does what it does and it don't what it don't.  Ball park prices aside, consistency has it's merits.",4,"Mar 2, 2025",N/A
Shake Shack,3.5,41,N/A,"My recent visit to Shake Shack was filled with both delightful surprises and ordinary experiences. The cornerstone of any burger joint, the burger itself, was undeniably fantastic. It truly lived up to Shake Shack's reputation. The beef patty was cooked to perfection: juicy, flavorful, and with just the right amount of char. It was complemented well by the fresh lettuce, tomato, and a bun that held its own without stealing the show. As for the fries, they were fair but lacked that unique ""wow"" factor. They were crisp and decently seasoned, yet they didn't quite match the excellence of the burger. If they upped their fries game to match their burgers, Shake Shack could truly become an unbeatable combination. Overall, I'd recommend Shake Shack for their burgers anytime. It's a four-star experience that could easily become five with just a little more attention to the side dishes. Can't wait to return and see what other burger magic they have in store! Service was great! Really nice workers",4,"Jul 9, 2023",N/A
Shake Shack,3.5,41,N/A,"I like shake shack, we recently got one in Oregon! We ate at the one at Citi Field and it was good and service great. Loved the area it was in too, we did a pregame tour and had a good amount of time to kill before the game so we were able to come here and eat and then go shop at the team store. Shake shack was great and I learned that the original started in Central Park as a food cart and now they are clear in Oregon and delicious! I love the burgers and fries.",4,"Aug 11, 2023",N/A
Shake Shack,3.5,41,N/A,extremely disappointed by the expensive burgers I got yesterday At  Citifield.  I was embarrassed I bought my granddaughter there for burgers.  i neglected to look at them and went back to our seats.  The burgers were burnt and my granddaughter did not eat hers. I broke off the outside of the burnt burger and ate it because it was expensive and it was far from our seats to go back.  So disappointed in the condition of the burgers they SHOULD NOT HAVE BEEN SERVED to anyone that burnt.  check out your food before you leave here.,1,"Aug 31, 2025",N/A
Shake Shack,3.5,41,N/A,"Ordered a milkshake at shake shack, cashier proceeded to get pissed at me and served me a shake that was not spun at all and was full of ice chunks and the ice cream was stuck to the bottom. Total rip off especially after paying the stadium up charge.",1,"Jun 1, 2025",N/A
Shake Shack,3.5,41,N/A,"Not too crazy, it was actually pretty quick to come in and order a shake, beer, rosé wine and of course their burgers. They even have a breakfast menu here that looks appealing with coffees.  There's some seating and everything looks bright, new and clean.",4,"May 17, 2022",N/A
Shake Shack,3.5,41,N/A,"One of the best food options in Citi Field. If you're jonesing for an amazing burger, stay far away from the regular ball park burgers and get Shake Shack. The quality is vastly different. Same goes for the fries.",5,"Jun 1, 2022",N/A
Shake Shack,3.5,41,N/A,"The line is always so extremely long that I miss multiple innings because of it, but I decided to take a chance during a recent Mets game. Only missed 2 innings at the beginning of the game, but it was definitely worth it. There's something about eating Shake Shack at the best baseball stadium (long-suffering Mets fan here) and enjoying a beautiful night of baseball (despite another Mets loss). Overall, this Shake Shack didn't disappoint -- just be prepared to wait on line for a long time. As long as you have good company and pay attention to the game on the TV while waiting, you should be good to go!",4,"Sep 4, 2019",N/A
Shake Shack,3.5,41,N/A,"While the burger and fries are what you expect from Shake Shack(decent fast food), this Citi Field location was overpriced with less than stellar customer service. In addition to our food we had ordered two sodas and and Smartwater for later. When we got the Smartwater, they had taken the cap off of the drink as per ""policy"". So now we had to carry it back to our seets, spilling half on the way. Later, we discovered that other food outlets were selling water with the caps on. This was annoying. Also, the guy who rang us up had his mask pulled down over his chin and he spit when he talked. Gross. Luckily, he wasn't assembling our order. In summary, go to one of the other food outlets if you're at Citi Field. You can always hit up Shake Shack at another location.",2,"Aug 22, 2021",N/A
Shake Shack,3.5,41,N/A,"Hi Shane, Thank you for your feedback. It's disappointing to read that your experience at the Shack wasn't up to our standards. It sounds like we dropped the ball at several points during your visit. We can do better than what you experienced, so we'd love to invite you back to the Shack. Could you message me with your email so that we can grab your details? Thank you again, Jake",2,"Aug 22, 2021",N/A
Shake Shack,3.5,41,N/A,"Shake shack in name only....watered down lemonade, crappy burger ,no pickles, no chicken tenders, and folks have an attitude......shame, was here before pandemic and recollect it being good....do yourself a favor, just get a hot dog....Go Mets.",1,"Sep 4, 2022",N/A
Shake Shack,3.5,41,N/A,"I FORGOT HOW GOOD SHAKE SHACK'S SALTY FRIES ARE!! i'm so glad i had them to keep me company through this met's game!! not to mention I also tried their BLACK & WHITE SHAKE.. mMMmm not too thick or sweet!! the fries & shakes trump California's In n Out, but In n Out's still got the upper hand on standard burgers unfortunately they don't offer the ""shack stack"" at this location so i skipped on the burgers! NOTE: baseball stadium food is usually way over priced BUT i felt like shake shack kept their prices within an reasonable range! the line can be ridiculous, but if you go on an off day like i did.. NO WAIT",4,"Nov 3, 2011",N/A
Shake Shack,3.5,41,N/A,"Always good food! I normally always end up here if I am at a Mets game! The food is good and the line usually moves quick. The burgers are juicy and cooked well. The shroom burger is also really good! I ordered it by accident once but I ended up really enjoying it! The fries are tasty. Great food for a baseball game! My favorites: Single ShackBurger with cheese, 'Shroom Burger and Fries",4,"Jul 3, 2018",N/A
Shake Shack,3.5,41,N/A,"OMG...  Please don't tell mew that you have never had a Shake Shack burger...   Please!  This incredibly tasty piece of meat with cheese on their signature bun is nothing less than awesome. It's all about the taste, and a Shake Shack burger comes with plenty of it.  Even they're ""shroom' burger was a tasty fried breaded mushroom with cheese on the same signature bun, or as their menu says: Crisp-fried portobello mushroom filled with melted muenster and cheddar cheeses, topped with lettuce, tomato, ShackSauce™.""  It was awesome. Don't let the crazy long line at Citi Field deter you.  Every time I have been on it I have moved quickly through the maze to the counter.  The team members are always smiling and friendly and I can not imagine the pressure that they go through. I one mouth a burger at the 8th inning simply because there were only three people on line and did not want to pass on the opportunity.  We tried something new this time...  ""The Concrete.""  This vanilla custard in a cup is made with chocolate sprinkles and a cone all blended together, a new level of good!",4,"Aug 31, 2016",N/A
Shake Shack,3.5,41,N/A,"Food: As usual, the best burger in NYC with the longest line ever. I would suggest if you are willing to wait on this line order more then you want so you have no regrets when the burger is all gone in your tummy lol. I recommend to go for the shake burger double and one of their flat top hot dogs. This will get your through the game with no regrets. Brew: There's not much of a selection here since it's a ball park but they do have something very special to pick over your water down lite garbage beer, Goose Island IPA. It's $10.50 for a 16 oz can but its delicious, cold, and the best beer pick to enjoy your time there.",3,"Jul 17, 2015",N/A
Shake Shack,3.5,41,N/A,"My first Mets game and being hungover as all get out of town, I decided to opt for having Shake Shack. Something I don't normally splurge on. Others went for fish and chips. Yeah. . . . if I'm forking over $10-15 on stadium food, you may as well go big or go home. By the sixth inning the line wasn't too horrible. It moved pretty fast. The prices are a bit skewed from the normal locations in the city. Normally a single burger is like $5-6, here it was about $7.50. Normally a double is roughly $8, here it was about $10.50. After deliberating some time I finally decided since I never had it, I wanted to try the shroom burger, but I also didn't want to be healthy and opted for the Shack Stack: A shroom burger on top of a regular burger. Was it worth it? Yes, hell yes. The shroom burger may bizarrely actually taste better to me than the regular. The regular I feel like you can slide american cheese on it from anywhere and have it taste like any generic fast food cheeseburger. This heaping breaded sucker was oozing with both muenster and cheddar cheese and quite flavorful. The special shack sauce (some ketchup mayo hybrid innovation of shear delight) sealed the deal and that extra kick of bovine on the end - perfection. This was actually worth $10.50. The concrete thing . . . . I've never had one and I have heard so many raving comments and reviews on their frozen custard. . . . so boring and disappointing. A waste of precious calories. The Mets stadium has a special called 'The Strike Cone': Vanilla frozen custard, blended with chocolate truffle cookie dough, shattered sugar cone, and chocolate sprinkles. I'm betting that Shake Shack unfortunately ran out of nearly all of their ingredients though because the only thing in this was chocolate sprinkles. A huge disappointment leading to children everywhere sobbing into their frozen custards over the lack-thereof of cookie dough and anything truffle. My first time was tarnished, but it doesn't mean I won't ever go to a Shake Shack again. I will just be more apprehensive on my order.",3,"Jul 6, 2016",N/A
Shake Shack,3.5,41,N/A,"I missed two innings of the Mets vs. Twins game on June 25th as I stood in line for my S-squared fix. Ladies and gentlemen, it was well worth it. I haven't had Shake Shack since last summer at their Madison Park location, so I was due for a single shack burger and its accompanying sauce of excellence. Oh yes, and a side of frozen custard to boot. The line coils around like a slithery snake, but it moves at a tolerable pace so you don't get too impatient and/or anxious. The mega-screen of the live game provides reasonable justification to wait in line as your seat gets cold. My burger was warm and juicy, and nicely charred and that shack sauce should definitely be bottled and sold. The frozen custard is devilishly good as well, reminiscent of Mister Softee ice cream, albeit a bit thicker in texture. To be honest, I may have been more stoked over Shake Shack than seeing my beloved Mets play in their new (gorgeous and fan-friendly) stadium. That being said, Let's Go Mets! We beat the Twins 5-2 that night. Holler!!",4,"Jun 30, 2010",N/A
Shake Shack,3.5,41,N/A,"No... Just... No. What are you people thinking?  Just because you may like one Shake Shack burger does not mean you must love them all!  A grease pocket with overcooked flavorless beef. If the original Shake is as bad as this, I am not surprised to see it tumble down the list of 'top burgers' in the city.  Small, no ability to vary, no pickles even! Thank heavens I had just had a very good burger at Bonfire Grill in Forest Hills a day or so before, or I would be even sadder at this culinary fiasco. And having just eaten at The Modern last week -  I think Mr Meyer really needs to REthink his investment or attention to Shake Shack.  Burger fans deserve better, Danny boy!",1,"May 8, 2009",N/A
Shake Shack,3.5,41,N/A,"I truly dont get the Shake Shack obsession, I think it just shows how the media can sway peoples opinions because I honestly think Shake Shack is awful. Not just this one but all of them. Burger is greasy,sauce is cloying and roll is nothing special. The burgers are so bad they nearly killed Met first basemen  Lucas Duda and Phillies manager Ryne Sandberg. What causes my insane hatred for this particular outlet is that people buy tickets for a baseball game and then spend 2-3 inning waiting on a line for an over hyped burger when they can get a burger at Pat lafriedas or Keiths Grill. Better yet get some BBQ from Blue Smoke (I dont have a Danny Meyer hate just a Shake Shack hate) if you just want to eat Shake Shack go to one of the many other ones! Ok my rant is over.",1,"May 15, 2014",N/A
Shake Shack,3.5,41,N/A,What used to be good fast food is now crappy fast food. The burgers and hot dogs are small and the fries are really bland. And the line is really long; not worth the wait.,1,"Aug 11, 2022",N/A
Shake Shack,3.5,41,N/A,You can't go wrong! I guess since the shacks are limited in locations this one BOOMs. People that get to the games 2 hours early get the cream of the crop. Everyone else can stand in line for two hours for a try. The burgers are tasty and made well done no matter what. Everything is a la carte so you have to order sides. The milk shakes are thick and delicious. Deff a good try if you get there early!,5,"May 29, 2016",N/A
Shake Shack,3.5,41,N/A,"Standing on the ""Green Roof"" of CitiField, after a long and somewhat boring CLE course, I looked down at the Shake Shack line and thought to myself, ""look at all those assholes standing there for burgers.""  An hour later, I added myself to that list; waiting in line from the bottom of the first until the end of the third inning...the whole time, sweating like a whore in church! The Shake Shack burgers and fries are just as good as they are at Madison Square Park, the only difference is I paid a $50 buck surcharge for this one.  I'm a Yankee fan anyway, but I suppose if I went to another Mets game, I'd probably wait on that long ass line again.",4,"Aug 19, 2009",N/A
Shake Shack,3.5,41,N/A,"This location is inside of Citi Field, and I love the decor of it.  The line gets really LOONNNNGGGGG though, but it is well worth the wait.  Just know what you're going to order when you get up there and everything will be OK.  Also, not sure if it's just me but the prices seem higher here.  Moving on ... I haven't gotten anything from Shake Shack that I didn't love, which leads me to believe that you just can't go wrong here.  I love their Shake Stack, cheese fries, with a strawberry shake ... but since I'm not always that hungry I'll switch around my order a bit.  But I will always get an extra side or two of their shake sauce ... Yumm!! If Shake Shack is ever an option ... then that will always be my first choice -- just in case you haven't noticed that by now ;).",4,"Dec 11, 2010",N/A
Shake Shack,3.5,41,N/A,"Citi Field Shake Shack is just as good as any other Shake Shack in New York City. I got a single shack, French fries, and vanilla shake. The burger was cooked perfectly just the way I like it. The cheese was just oozing when you bite into it. I was in heaven. Best burger in the world. My French fries just perfect. Shake shack fries are always cooked to perfection. It wasn't soggy at all. Yummy!!! My vanilla shake was amazing. Right off the blender. Score!!! I would suggest getting shake shack before the game when the lines are not crazy. During the game the lines will get insanely crazy. You may be online for quite a while, so you have been warned. The person who took my order, Brian C. Was really quick with orders and really friendly. Its located behind center field on the field level. Its the only Shake Shack stand in the stadium. Citi Field Shake Shack is one the best foods to eat in citi field.",5,"Aug 3, 2013",N/A
Shake Shack,3.5,41,N/A,"The Mets game is the price you pay to gain admission to the glory that is Shake Shack. It's technically the Shake Shack in the city with the most seating. You have more than half a stadium of seats to choose from (since no one cares where you sit anymore). I suggest buying more than what you think you can eat to last you the whole depressing game. *Also, please note that there's an evil exhaust vent that blows the smell of onions and meaty goodness all over the stadium throughout the game. So if you're all out of Shack by then, you'll want to murder someone because you were dumb enough to buy only one burger, and have to either brave the Shack line again, or sit through the remainder of the game being assaulted by the smell of heavenly grease. (in a good way)",5,"Nov 8, 2012",N/A
Shake Shack,3.5,41,N/A,First time in Citifield yesterday and I had a chance to get some Shake Shack.  What more can you ask for in a Mets game?  Well it would have been nice if they won.  But I also went on free t-shirt day so I guess that balances it out.  :p FYI the fry stand across from Shake Shack has pretty good fries with some interesting sauces.  I said interesting I didn't say amazing.,5,"Sep 9, 2011",N/A
Shake Shack,3.5,41,N/A,"This is a review for the food.   Since I had $30 in Citi Field credit to use, I decided to blow ALL of it or at least most of it at the Shake Shack.  I was at Citi Field the previous night for a game and the line during the game was too long.  So my strategy was to wait and use all my credit and get to the park early to avoid the line.  I ended up getting the double Shackburger, the High Heat Cheese Dog, and the Meet the Pretz concrete shake.  Total: over 2200 calories in one meal and $25 of my credits. The burger was just okay.  It was cooked well and the meat was juicy but it just tasted so...unhealthy.  You might be saying...duh...you're eating a burger.  Perhaps it's my In N Out burger biased but I think whatever oil they used to cook the burgers with was way greasier than I preferred.  The hot dog was pretty decent.  It came with a cheese sauce and moderately spicy cherry peppers on top.  I ate that roughly midway through the game as the burger really did a number on me.  Lastly, I slowly sipped the chocolate covered pretzel shake with black and white custard inside.  This whole meal was challenging that I was going between diabetic coma from the concrete versus almost heart attack inducing greasy meal from the burger and hot dog.  BUT, I made it through and I can now honestly say that I truly had a taste of the Shake Shack during my stay in NY. I think the concrete and the hot dog that I got was only available at the Citi Field Shake Shack which is awesome.  I definitely want to try something else at another more standardized Shake Shack location.",3,"Oct 4, 2013",N/A
Shake Shack,3.5,41,N/A,Hey! It's just like an actual Shake Shack but with longer lines and a staff that isn't as well trained! I waited half an inning for my burger while I just stood at the line looking like I was the counter's high school buddy who wanted to chat. I don't know why it took so long for my single to cook up but it did and got no apology or explanation.,1,"May 13, 2015",N/A
Shake Shack,3.5,41,N/A,"HOLY SHNIKIES!!! I think I died and went to heaven. Visiting Shake Shack was on the list of things to do while in NY, and I'm sure glad I did. I am an In-N-Out lover but this place sure does give it a run for it's money. Ordered two double cheeseburgers, order of fries with cheese sauce to share, and a small soda. Everything was delicious. The burgers are simple; topped with lettuce, tomato and shake sauce. Yum. Too bad there isn't one closer to me. Watched a little of the game and went back to try the frozen custard in a cup with strawberries. It was great. Only downside, everything is pretty expensive and they don't offer any type of combo meals.",5,"May 19, 2014",N/A
Shake Shack,3.5,41,N/A,"Tried Shake Shack for the first time after all the hype, and their burger was perfect. Man if the line wasn't as long I would have gone back for seconds or thirds. Missed a lot of the Mets game because of waiting on line for 45 minutes, but it was damn well worth it!",5,"Sep 5, 2009",N/A
Shake Shack,3.5,41,N/A,"Pros: Compared to everything else at Citi Field, Shake Shack is the same price, if not cheaper. beer served at SS counter Cons: Price may be the same, but lines are longer burger doesn't taste like a SS burger, but decent burger: $6.25 hot Dog: $5.75 large beer: $7.50 cheese Fries: $6",3,"Aug 3, 2011",N/A
Shake Shack,3.5,41,N/A,"Worth the wait? Yes. Worth the price? No. Would we go again? Probably, because the food and shakes are really good. Probably the best food stand at the stadium.",3,"Jul 16, 2012",N/A
Shake Shack,3.5,41,N/A,"Truly one of the best locations you can place a cult-like following chain fast food restaurant. Shake Shack serves one of the best burgers you will ever taste from a fast food joint! On just about all occasions before and during the game, the line is usually redunkalous and can range from anywhere from 30-45 minutes! With all that said, the burgers are well worth it! The recommended burger of choice is undoubtedly the Shack Stack! It's a cheeseburger and shroom burger topped with lettuce, tomato and Shacksauce. Did I mention it's huge!? Although not the equivalent to the Animal Style burgers at In N Out, it more than holds its own for the east coast. The crinkle fries are decent, however not the best I've ever tasted. I do recommend getting the cheese fries though if you are going to get the fries. My beverage of choice is usually the Strawberry shake which alot of people rave about. I actually don't think it's that great of a shake for $5. I think that McD's shakes are actually better! Yes I said it! Also, I've gone to other restaurants and burger restaurants which serve much better shakes. In closing, it's worth the money, but maybe not worth the wait at times due to all the options at Citi Field. There's plenty of other Shake Shacks in NYC that you can go to another time, but if you feel the need for your Shake Shack fix then you gotta go get it hereI guess :)",4,"Jul 23, 2012",N/A
Shake Shack,3.5,41,N/A,"I'm not ashamed to admit that I was looking forward to Shake Shack more than the Mets vs. Padres game.  This has to be the most popular vendor at the game, nestled towards the back of the stadium (behind the scoreboard), with two separate long lines to order your burger, fries, hot dog, or shake. We opted for the single burger, which was on the smaller side but quite flavorful.  The fries more than enough to share. There's not much more to say other than what's already been said -- the meat is incredibly fresh; the fries were nothing special. Of the top burger places in the nation, this is how I'd rank them: 1. In-N-Out Burger 2. Shake Shack 3. Five Guys If you're heading to the beautiful Citi Field, definitely grab a bite at Shake Shack.  It's pricey, but what isn't in a ballpark?",4,"Jun 11, 2010",N/A
Shake Shack,3.5,41,N/A,If you can stand waiting in line for almost 3 innings of the game you will be rewarded with some of the best food around. The burger is perfectly cooked and juicy the way ti should be. The cheese fries are absolute perfection. A single shack burger with cheese fries and a aquafina water will set you back $17 but it's well worth it,5,"Sep 18, 2010",N/A
Shake Shack,3.5,41,N/A,"Worst Nightmare: went there during the game on 7/7/22 against the Marlins. Stood on line for literally a half an hour just to place an order. The cashiers were slow and had their backs turned to chat with other staff members. After placing our orders, we waited again for over a half an hour just to get our food and it was wrong. We asked for 2 hamburgers with no cheese and not sauce, the first time they made it with no cheese but heavy on the sauce, then they made it again with no sauce but had cheese on it. How incompetent can they be? We missed 3 innings of the game thanks so such ignorance and incompetence. The entire staff needs to be fired immediately!",1,"Jul 9, 2022",N/A
Shake Shack,3.5,41,N/A,"A delightful treat  upon the pallet, but seriously if you haven't tried shake whack you're just wasting your time. Add bacons, double the patties and skip the tomato.",5,"Apr 22, 2017",N/A
Shake Shack,3.5,41,N/A,"Went to the one in Manhattan about three years ago, and I wanted to try it again. Wanted a good burger, and was told that Shake Shack was the way to go. I walked out to left field, and this is the most popular concession stand at Citi Field. I must have waited a good 10 minutes in line, but the line was moving. Once you got up there, I had the Shake Stack and Cheese Fries and it was really good, the burger and the portobello mushroom together with the sauce was great. Also ordered cheese fries and they were really good.",4,"Jun 7, 2019",N/A
Shake Shack,3.5,41,N/A,"Hamburgers. The cornerstone to any nutritious breakfast. And it was my breakfast when we saw the SF Giants play the Brooklyn Cyclones....err, I mean the NY Mets last Sunday. Lining up, for a second I thought I was at Madison Square Park because the line was about 40 people deep. But then I looked around, saw all the signs for Budweiser, EA Sports, Blue Smoke and no NY Mets pictures whatsoever, and I knew I was at CitiField. The good thing is that the line moves pretty fast, so we were on line for about 15 minutes. Of course I had to get a Double Shack burger and fries. But because of a minor physical defect, I couldn't get a black & white shake and had to settle for a Mountain Dew, which  hit the spot anyway. The burger was just as good as the burger at Madison Square Park, even if it was already made. That's the thing I like about this Shake Shack: you will get your food within a minute or two of ordering. Unlike Madison Square Park, where you have to wait almost as long as you did before you ordered. Only bad thing: the Mets won on a walk-off single in the bottom of the ninth.",4,"Aug 20, 2009",N/A
Shake Shack,3.5,41,N/A,One of the great staples of citi field.  Line could get long.. but that doesn't matter because no one goes to Mets games anymore lol,5,"Sep 24, 2017",N/A
Shake Shack,3.5,41,N/A,"If you're inside CitiField, definitely head over to the Shake Shack for some burgers and fries. I was willing to wait, in the rain, for fifteen minutes, for: 4 single shack burgers 1 Shackago dog 2 large Pepsi's 1 black and white frozen custard 2 fries No, I'm not that much of a pig. This was for me and my family. How long did it take to get all of them? Five minutes. I'm in awe. As always, their shackburgers were great, and their French fries are excellent. I usually like to slather on ketchup or hot sauce with my fries, but these actually tasted better without them. The Shackago dog was forgettable. Sadly, I have to drop one star because my beloved 'shroom burger is alas, not present (understandably so, but still!). All in all, a great place to get food. The line is not as epically slow as the one in Madison Sq. Park, they're faster (even if pre-made, but beggars can't be choosers), and you get to watch a Mets game. Plus, the prices are actually not exorbitant, which is... a plus.",4,"Aug 1, 2009",N/A
Shake Shack,3.5,41,N/A,"I have to admit, going to Shake Shack was our top priority of our Mets game experience.  Definitely not the BEST but pretty damn good burgers, great fries and AWESOME shakes.  It's sad the I worked across from the Shake Shake in Madison Square Park for 9 months and this is the first time I had em.  It did NOT disappoint!  I guess we were lucky, we got through the line in about 10 minutes! We got burgers, fries (nice and crispy) and a vanilla shake.  I was definitely between a 3-4 starts but that shake gave this place a solid 4!",3,"Jul 11, 2010",N/A
Shake Shack,3.5,41,N/A,"I can't believe that my first visit ever to a Shake Shack was at Citi Field...and didn't suck!! Yes, it was even worth waiting on that crazy long line for TWO INNINGS!! How fresh could a shake, burger and fries be at a sporting event? SO FRESH..that's why you're waiting forever for it! I actually saw them making the shakes the old fashioned way behind the counter...really pleased to see this! The burger was delicious..definitely not wimpy. I was worried that the fries would be a disaster but they were crispy and addictive! I'm a fan!",4,"Jun 26, 2015",N/A
Shake Shack,3.5,41,N/A,"Its a Shake Shack at Citi field what could go wrong? Well other then the insane lines not much. Its the same great Shake Shack. The prices aren't even that bad for ballpark food, such a nice change to paying $8 for a crappy burger at Shea. Pro Tip: If you think waiting in the long lines will save you from watching the Mets loose your out of luck, they have some nice big screens you can watch the game on while waiting in line.",4,"Jan 2, 2011",N/A
Shake Shack,3.5,41,N/A,"I have been told for years to try Shake Shack. Only problem was, originally there was just the one down in Madison Square Park, an area I rarely end up in.  Then one opened on 77th & Columbus, just after I left my voice teacher, who lives on that block .... so that wasn't an option either. Enter my friend Richard, a dedicated Mets fan, who has tried to get me to a Mets game for some years now.  He finally succeeded, and I am really happy I went - it was a great evening, even if the team lost. However, we started the evening off with burgers from the Shake Shack there.  Good thing we got to the stadium EARLY.  Later on the lines were pretty scary!!  These burgers truly are some of the best I've tried (although Nolita House still holds top spot for now).  I found myself taking tiny bites to make it last longer.  The B&W shake was quite good as well....but we opted for fries across the way (which I was not so impressed with). If you're headed to a Mets game, do NOT miss those burgers!!",4,"Sep 21, 2009",N/A
Shake Shack,3.5,41,N/A,"It was a semi-rainy weeknight and towards the end of the regular season. You would think that there's no line for this place. NOT! When we walked by to head to our seats, there was no line. But when my friend went to get our burgers, he said there was a wait. =! The single shack burger was perfect. Indeed, it isn't a very big burger but juicy it was and it hit the spot. The fries were ok. The shake, now, that was good! Went with the strawberry shake and yep, it was worth losing that calorie counter gadget for this one night.  Definitely a notch up compared to the other fast food burger joints.",4,"Sep 14, 2010",N/A
Shake Shack,3.5,41,N/A,"I had a fantastic time seeing the Mets beat the Marlins this past week. Citi Field was fairly clean and very accommodating with food and drink selection. The prices of nearly everything seemed absolutely insane, but the Shake Shack was much more reasonable, as was the pizza spot. The pizza was pretty solid, sporting a fantastic sauce and good cheese. The crust, however, was burned to a crisp in most spots which really killed the flavor towards the end. The smoke shack burger from Shake Shack was absolutely fantastic. Fresh ingredients and a great combination of spice and cheese really made the burger stand out.  The french fries were also pleasantly crispy and delicious. The vanilla milkshake was high quality with a great frothy consistency and a rich creamy vanilla taste.",5,"May 9, 2017",N/A
Shake Shack,3.5,41,N/A,I'm so sorry but i have been to a few shake shacks and they all have been great but this shake shack let me down so bad . bad enough the wait was super long and you missed a few innings at the game my burger was super salty and so flat and so burnt it was not a shake shack burger to me. i don't think i be hitting up shake shack at citified in a long time i was SO disappointed . maybe next time i  will have a better experience,1,"Apr 23, 2012",N/A
Shake Shack,3.5,41,N/A,"Being a diehard, loyal Mets fan since I could remember, it pains me to say that the best part of watching a game at Citi Field during this lost season was visiting the popular restaurant beyond the seats in left-center field: Shake Shack. I know this isn't a sports review site, but lemme just say that the Mets really let me down this year. *Sigh* Ok, now that I wiped those tears away, I feel better now. Anyways, I can't state anything here that hasn't been said before. So let me just reiterate all the ""yummy goodness"" that my wife experienced when she ate here for the first time. My wife is a food-fanatic, an undercover food critic herself when we eat out at a new place. So I hope I can accurately recall all the details she mumbled that day with her mouth full after each bite of food, and slurp of drink. ""The burger meat here is so tender and juicy, almost like they marinated it in butter when they cooked it! The hamburger bun is just the perfect size, and doesn't take away from the taste of what's inside. I love the Shack Sauce on it, whatever that is. Heck, the smell of the burger alone makes it better than other burgers!"" Yes, it is a lil pricey, but that didn't stop us from eating two double-burgers each!! We tried the Shack-Cago Hotdog also, but it wasn't worth the money. To us, it's just your garden-variety hotdog. We've never been to the other Shake Shack spots, but we can definitely say the burgers we ate were delicioso. We give the burgers a rating of 7... on a 1-5 scale! Whaaat!! So do yourselves a favor, and try the burgers. You can thank us later. And tell 'em Marcus (and wife) sent ya... ;p",4,"Oct 2, 2010",N/A
Shake Shack,3.5,41,N/A,"Pricey but delicious! I've been to Citi Field numerous of times but only tried Shake Shack twice because the line always looks so long. Although the line may be long, it moves rather fast. We only missed half of an inning waiting which isn't too bad. I ordered two single Shack Burgers, fries, and a black & white shake. Thee shack sauce in the Shack burger was friggin good! Served on a soft warm bun with gooey melted cheese along with a juicy beef patty. Pretty tasty for a burger priced at $7.50. It's a bit small but this is by far the best thing I've eaten so  far at a ballpark. The wavy fries are nice and crispy. No sogginess whatsoever. The shake was great! You can taste bits and chunks of ice cream. Verdict - I could see why the line is always so long now. It's just that darn good. There's never a line at Blue Smoke or the Pizza joint. When you're looking for something to eat at Citi Field, you're gonna wanna come to Shake Shack!",4,"Apr 22, 2015",N/A
Shake Shack,3.5,41,N/A,"One of the good things about Citi Field is the great concessions they have.. and Shake Shack is prob their best! Yes, the lines are long and you sometimes have to wait 2-3 innings but c'mon, it's Shake Shack.. lines are always long! The menu at their Citi Field location is less varied and the custard flavors are more limited than their other locations but the quality and consistency of the food is the same. Prices are a tad higher but are pretty reasonable considering you expect to pay ballpark prices.. $6.25 for a single and $9.25 for a double vs $5.75 and $8.75 at their other locations. Tips: -Get on line as soon as you get to the ballpark. -There are 2 lines; the one on the right moves quicker since it is serviced by 1 extra register.",4,"Sep 9, 2012",N/A
Shake Shack,3.5,41,N/A,"You know I used to love shake shack ever since they opened, but I feel like their meat quality has gone down. Last time I came here with my parents the meat tasted completely different and I didn't even finish my burger. Fries are really good, but burger, i dont know it has changed. Not a fan anymore, I rather get chick fil-a.",3,"Jul 23, 2019",N/A
Shake Shack,3.5,41,N/A,"Hi Andrea, Thank you for your feedback. It's disappointing to read that your meal wasn't up to our standards, since we pride ourselves on the quality of our food. We can do better than what you've experienced, so we'd love to invite you back to the Shack. Could you message me with your email so that we can grab more details? Thank you again, Jake",3,"Jul 23, 2019",N/A
Shake Shack,3.5,41,N/A,"I must admit that I don't hit burger joints real frequently.  Most common is the staple run through In-N-Out in AZ.  Grabbed Shake Shack at recommendation of our hosts in NY and was STUNNED.  No need to compare the two.  If you've lived in NY all your life and never experienced In-N-Out....you ain't missing anything. I love In-N-Out but Shake Shack dominates in 3 rather key areas (Burgers, Shakes and Fries).  Outstanding.  We are heading back tomorrow and although I want to try the Pulled Pork at Blue Smoke I don't know that I will forgive myself for skipping out on these burgers.  Huge fans.  Can't wait till the game tomorrow......",5,"May 7, 2011",N/A
Shake Shack,3.5,41,N/A,"Danny Meyer truly brings his food to the masses at Citi Field! The menu is a little more expensive and more limited (more limited on the shakes, drinks, no chicken brats and none of the veggie burgers that even carnivores crave), but I think they've done a good job of maintaining the quality of the food here. The line can be daunting, especially before the game, but I found that they move it along well. During the middle innings, the wait was about 15-20 minutes, about double what you'd normally wait at the ballpark, but not that bad overall, especially considering that the wait in Madison Square Park can be epic. A definite must if you have outfield seats.",4,"May 12, 2009",N/A
Shake Shack,3.5,41,N/A,"Color me impressed. I didn't have high expectations for a limited-menu satellite location of Shake Shack in a ball field, but these guys do deliver. We waited in line for about an inning and a half (or two), but when we got our meal it was fresh and delicious. Not world changing, but up there with Five Guys or Elevation Burger - aka the best fast food burgers you can get, IMHO. The shakes and fries are also delicious too, I was surprised to see them scooping ice cream into metal shake containers and running them in a old diner-style blender at with the huge lines they serve, but I guess that's how they maintain quality. Cheese fries were delicious and SUPER filling, too. I'd go again. The shack stack was pretty cool too, I liked not having to decide which of their burgers to get, haha.",4,"Jun 18, 2015",N/A
Shake Shack,3.5,41,N/A,"Let me begin by saying I... am a hardcore Yankee fan! Now that that's out there, I was recently given tickets for the Delta Club at Citi Field. The seats were great. Fourth row, center field. As good as it gets. But the best part of this entire experience was...... THE SHAKE SHACK  BURGER! WHOA, it blew my mind. SOOOOO much more than I ever expected. The sauces, and meat.. everything. I had never had the patience to actually go to a shake shack but since they had the wait staff I figured why not. and BOY oh BOYYYY am I glad I did! DEF A MUST!",5,"May 15, 2011",N/A
Shake Shack,3.5,41,N/A,"The thing that I never liked about Shea was the lack of food I'd actually want to eat in my regular, non-baseball-game-attending life.  In that vein: WOO HOO! Shake Shack at CitiField is awesome.  The wait is short and worth it, the Shack-cago dog is fabulous and your food is ready practically the minute the order comes out of your mouth.  Goodbye mystery meat hot dogs, hello (and thank you) Danny Meyer!",5,"Aug 6, 2009",N/A
Shake Shack,3.5,41,N/A,"""Reminds me of Elementary School"" For all of you who have NEVER had In and Out or Five Guys... ...I'm sorry. Rarely am I so regretfully compelled to write a review. So I came to NY for the very first time and heard so many great things about Shake Shack...in addition, hundreds of glowing reviews on Yelp for several locations can't be wrong. Or so I assumed. Disappointment. If you've never had In and Out and Five Guys...this place must be good. Traversing NY City, it's hard to find comparable competition to Shake Shack in the (late night) ""fast food"" category. $10 for one cheeseburger, crinkle cut fries and a tiny soda. The quality is not there to justify it....even in NY. Shakes aside, the tiny, bland burgers and crinkle cut fries remind me of elementary school and the side container of cheese representing an upgrade to ""cheese fries"" is a joke. Animal style fries nor Cajun fries involve a pricey, yet tiny side container. TOURISTS (hailing from anywhere with an In and Out and/or Five Guys)...AVOID this place at all cost. Try the pizza, bagels and delis, etc that are the true gems of NY. Similarly if everywhere else had a Lombardi's/Grimaldi's quality pizza, people could properly recalibrate what they think is ""good pizza"".",1,"Dec 20, 2010",N/A
Shake Shack,3.5,41,N/A,"First thing's first: If you're looking to try this place out, go before the game even starts as the line can be fairly long and you may find yourself standing on line for a couple innings. So by this day and age, everyone knows what Shake Shack is all about. Is it all hyped up as it is supposed to be? Of course, all in relation to the original Shake Shack in Madison Square Park. To the virgin who's never experienced Shake Shack, it's a pretty darn good burger, tender, moist, full of flavor and yummy shack sauce. The fries are crisp and moist on the inside, though the melted nacho-like Velvetta-imitation cheese on top is a bit lacking and unimpressive. I'd probably recommend just getting the fries without the cheese, and save yourself the $1.50 or so on what I consider 2-3 tablespoons of cheese. For some, this might be their best burger and fry experience yet, but to the true Shake Shack aficionado, it is overpriced and slightly subpar to its original counterpart (aka The Shake Shack at Madison Square Park). I haven't been to the original location for quite a while, so I will argue that The Shake Shack has chosen to expand as rapidly as possible (Upper West Side, Upper East Side, Theater District, CitiField and now Miami and Sarasota Springs?). Of course with rapid expansion, comes a standardized almost assembly line way of making their shack burgers at the cost of quality and what I would consider what was one  rather exceptionally made burger. Maybe I'm being too much of a critic, maybe I'm just jealous of their success, but I thought and still do think Shake Shack @ CitiField makes one delicious burger. But something just didn't seem to be right. It seemed to lost some of its glamour. Shake Shack, please don't become another McDonald's, Burger King, or most recently Five Guys. I love Shake Shack and still stand by my word that is probably one of the best burgers in the city (not considering $20+ Kobe beef burgers, etc.).",4,"Sep 24, 2010",N/A
Shake Shack,3.5,41,N/A,"This review is for Shake Shack in ""Times Square"" (Really it's just 8th Avenue) My biggest shock surprise was the short line when we got there.  I ordered my usual 'Shroom burger and beer and was please as usual and happy as a clam.  By the time we walked out, the line was half way down the block.  Guess we came at the right time. Great place for a burger and a beer after a movie/show!  Cheap and good eats. Enjoy!",4,"Sep 14, 2010",N/A
Shake Shack,3.5,41,N/A,"My co-worker who never leaves Westchester County ventured to Queens to watch the Mets and to try this famous burger he's heard so much about. It was a Wednesday night game against Oakland, so the wait wasn't too long. Unfortunately, I saw why when I got to the front of the line - they had precooked the burgers and I was handed a lukewarm one as soon as I placed my order. He said it wasn't too bad and I told him that he didn't know what he was missing, by not trying it FRESH. Ah well, it's still better than anything else at the stadium.",3,"Jun 25, 2011",N/A
Shake Shack,3.5,41,N/A,Burger was fine. Fries were cold and rubbery. Shake was frozen solid. Must have been left in freezer. Will never order from my seat again because I don't believe they would have had the audacity to serve me in that fashion had I been at their storefront in the right field area.,1,"Jul 15, 2017",N/A
Shake Shack,3.5,41,N/A,"I went with my boyfriend to see the Mets v. Cubs and he is the Cubs fan while I barely care about baseball in general so long story short, I volunteered to wait in this obscene line.  It really is crowded.  Sheesh.  Their options are limited but effective.  I got us Shack Burgers, one order of regular fries, one order of cheese fries (way too much cheese!) and a large soda.  That came to something around $33 I believe.  The cashier was confused when I handed him cash.  Apparently they don't see much of that (his words). Shake Shack is expensive in general so while it is marked up a bit for being in the stadium, I didn't feel ripped off when comparing this location to Madison Square Park.  I don't know why someone would get a hotdog from here but they also seemed popular. If you have never had Shake Shack and this is your one opportunity, just do it.  Then you can say you have had it.  But if you live near another location in the city, then don't waste the time it takes to stand on the line and just get food elsewhere.",4,"Oct 14, 2011",N/A
Shake Shack,3.5,41,N/A,"Maybe it's the location but this was the worst Shake Shack burger I've had. Not that I am a huge fan of their burgers to begin with but quite honestly, a Big Mac would have probably tasted better than the one I had last night at the stadium. It was lacking the 'burger grill' flavor and the patty was thin. Cheese fries were an even more of disappointment. Soggy to the core.  What I don't understand is how is it possible that the line is still the longest of all concession stands.",2,"Aug 21, 2012",N/A
Shake Shack,3.5,41,N/A,I did wait on that line again since I was with someone who had never been there. It was my 3rd time and the special order was a LOT faster this time. My companion enjoyed the fries a LOT..said they were probably better than Nathans fries which is huge. Anyway..next season I'll go back again. :),4,"Sep 23, 2009",N/A
Shake Shack,3.5,41,N/A,Decided to jump on the long line at Citi Field yesterday. I thought the line would move slowly but it went at a brisk pace. Anyway.. I had a special order (no cheese/sauce) so I had to wait a little longer but it was worth the wait. The burger was great! The fries were average. Along with the drink it was $14 which isn't bad considering Ball Park food prices. I'd wait on that line again. :),4,"Sep 23, 2009",N/A
Shake Shack,3.5,41,N/A,This is a limited menu of the original Shake Shack but delicious! I would suggest going early and getting your meals right away. The lines are long during game play and the eating area is limited. The Shack-Cago Dog blows the Nathan's Dog out of the ballpark.  Shake Shack is a homerun!,4,"Apr 6, 2009",N/A
Shake Shack,3.5,41,N/A,"I love Shroom Burger and French fries here. The burger was cooked perfectly, it melted into my mouth, the fries were crunchy and not too salty. However, you have to be a bit patient, because the lines are always long.",4,"Aug 4, 2013",N/A
Shake Shack,3.5,41,N/A,Hey Jake..  thanks for replying to my shake shack horrendous post. Is there a way I can give you my email etc privately? Thanks,1,"Jun 8, 2019",N/A
Shake Shack,3.5,41,N/A,"Hi Rod, Thanks so much for your feedback. I'm so sorry about your experience at Shake Shack. It sounds like we really dropped the ball this time, as you certainly shouldn't have to wait that long to order your food. We can do better than what you experienced, so we'd love to invite you back to the Shack if you're willing. What's your email address, so we can grab your details? Thank you again, Jake",1,"Jun 8, 2019",N/A
Shake Shack,3.5,41,N/A,"Service is HORRENDOUS!  Whoever is in charge of staffing should be fired. I know it's huge customer base at a ballgame but with proper staffing shouldn't be more than 45 mins EVER.  90 MINUTES and missed 4 innings of game. 1 cashier, waaay too few staff to handle customers.",1,"Jun 8, 2019",N/A
Shake Shack,3.5,41,N/A,"I'm not sure what's worse. The fact that a simple burger, fries and a large soda cost $17 (THAT'S SEVENTEEN DOLLARS. SEVEN-TEEN. ONE-SEVEN. TWENTY MINUS THREE. TEN PLUS SEVEN. 17.), or the fact that I not only willingly and knowingly paid it, but did so at a game where the Mets lost to the Diamondbacks 14-1!!! Wow. I mean wow. I really thought that the Shake Shacks in the city were expensive at $11-12 for the same order. It shocks and disturbs me that they get away with this. Now, I know that people have somewhat of a choice (aka don't buy it...), but STILL!!! If it weren't were the fact that I had free tickets to that lousy game, I most certainly would have kept walking past this place. Being Shake Shack, the food was definitely tasty, though nowhere damn near it's price tag. Amusement parks and sports arenas are known for their outrageously priced concessions. I get this. However, the home team should at least be WORTH it if their stadium's pricing is going to steal my wallet's innocence... With a 14-1 loss, I went home broke and disappointed. Ugh. Next time I'm at a Mets' game, I will be sure to eat beforehand. No way will I ever pay that much for fast food again!",1,"Aug 1, 2010",N/A
Shake Shack,3.5,41,N/A,"I dont know what they do to cook that burger to be so juicy and delicious, but it's better than the other Shake Shacks I've had in the city. The first location in Queens and the second it's in Terminal 4 at JFK Airport.  Many compare the Shack burger to In-N-Out burger and I have to say that Shake Shack is wayyyy better than In-N-Out. It was worth the wait, only waited the first inning, good thing for the large screen to catch the first pitch and the game.",5,"May 19, 2015",N/A
Shake Shack,3.5,41,N/A,"Saw the Mets play against the Angels (A loss, unfortunately) and braved the long lines for some Shake Shack. I normally don't have the patience to wait for it and just get a hotdog instead, but the game was basically over in the first inning anyway. Let me tell you, Shake Shack is worth the wait. The shakes are addictive and delicious. We got a 'Shroom burger and a SmokeShack burger. Something about the shack sauce really makes these burgers perfect. The SmokeShack comes with a substantial amount of bacon and a nice handful of cherry peppers that add the right amount of kick.",5,"May 24, 2017",N/A
Shake Shack,3.5,41,N/A,"The line here at Citi Field's Shake Shack  is ridiculous. I think it took us 3 full innings to finally get to the front of the line to take our order. The food is good, but it is overpriced compared to the ones in Manhattan. Ordered the Single Shake, Cheese Fries and the Black/White frozen custard. The burger was smaller than expected, but the meat patty was delicious. It was a tad over seasoned, but still yummy. The cheese fries were drizzled with a liquidfied cheese and the frozen custard was drinkable with a single straw - meaning its not very thick (which is a good thing). I like Shake Shack since its comparable to In-n-Out on the west coast. If it came to the west coast, I would be torn and wouldnt know which one would be better, so its best that these two are on the opposite sides of the country. My advice, if you are touring NYC, dont get Shake Shack at here, go to the other locations in Manhattan. on a side note, I came on 6.8.10 - Mets v Padres and I have to say (for this game - GO METS). It was 1-0. Mets =)",3,"Jul 5, 2010",N/A
Shake Shack,3.5,41,N/A,"The line is out of control... that said, I stand on it every time I come to Citi Field. The burgers are very tasty, but I have been told not as good as the location in Manhattan. The real reason I wait on line is the Milkshake. Even if I eat somewhere else in the park, I find myself on line that huge snaking line just for a thick, rich shake. What makes them stand out is the custard base, delicious. A great way to wash down the bad taste the Mets leave in your mouth.",4,"Feb 25, 2011",N/A
Shake Shack,3.5,41,N/A,"Shack-ago dog, fries and shake hit the spot. Was it better than a Chicago dog...no, but I was in NY and it wasn't bad. Fries and shake were filling. Price, steep for the three at $18, but eh, its NY. Line was 25 minutes. Last game of the season and it was fun to be there and try this place I heard about.",3,"Oct 6, 2010",N/A
Shake Shack,3.5,41,N/A,"I finally braved the line at Shake Shack at Citi Field, having avoided it every other time I've been there. I figured Shake Shack was the best bet, since I had to eat anyway, and I had money to burn. There are TWO lines to stand on, both going to different sides of the Shack -- right and left. Choose wisely! The line I went on moved rather quickly, all things considered. I definitely had my food within a half hour, and was able to watch the game on the screen behind me. I got on line before the game began, and had my food by the second inning or so. I ordered my usual -- the Shack burger -- but went a little different fries-wise and got the Frisky Fries, which I don't think I've seen at any other location. These fries are cheese fries with a spicy tomato sauce AKA a big ol' mess in a cardboard box. The fries proved to be way too sloppy and icky, and not all that flavorful, so I would certainly NOT get those again. However, the burger tasted about the same as other shack burgers I've gotten in NYC, so that was a plus. I also got the Goose Island Honkers Ale, which was their ""premium"" beer on tap. I do believe you get slightly more beer here for the buck, but it could just be an illusion. I returned to the Shack after the 8th inning to brave the line once again, this time for a shake (I had digested the burger, fries, and beer since the 3rd inning or so). I ordered the black and white shake, and I assume that they must shut down the shake machines at a certain time, because in less than a minute, the guy put the shake in front of me, all smiles. Clearly, it was a pre-made shake. Wasn't too happy about that, because it still cost me $6.25, and it had probably melted a bit at that point. The worst part is, it tasted like a straight-up chocolate shake. It was really thick, and was no where near the black and white shake I had gotten at the Times Square location. Hey, bozo, I asked for a black and white! The least they can do is clearly state that by a certain time, the shakes are pre-made and served that way, in order to allow the machines to be cleaned and shut down by the game's end. Shake Shack is a solid choice at Citi Field, but only if you have the patience, time, and moolah to acquire a meal here. Otherwise, there are numerous eateries surrounding you that all want your dollar.",3,"Aug 23, 2012",N/A
Shake Shack,3.5,41,N/A,A good ball game burger. I highly recommend arriving early because the line for Shake Shack during the game is very long.,3,"Jul 22, 2013",N/A
Shake Shack,3.5,41,N/A,"I have waited on the line in Madison Square Park for a delicious order of shake shack, but sitting on a comparable line for something that just says shake shack was less than worth it. It may have the name but it does not have the product as I was deeply disappointed in this facade. The burgers were way over cooked and tasted like fast food with the amount of salt and pepper drenched on my burger. My black and white shake tasted like it had been pre made and been sitting in a container for about a month. I need to go back to the city to remember what a real shake shack burger and shake tastes like.",2,"Jul 6, 2011",N/A
Shake Shack,3.5,41,N/A,"Came to see the Mets do their thing with a group of work friends and we all voted on getting Shake Shack. The line wasn't too bad--I'd say we waited about 10 to 12 minutes to order, and then our food came out pretty fast. To those complaining about the line: I'm sure you've waited longer for Shake Shack in Madison Sq Park, because I know I have. My burger tasted just like any other Shake Shack burger, but I think these are pre-made and left out to sit. Also the prices were higher than normal, but you always end up paying more at a stadium. Pro-tip: get two beers when you order so you don't have to head back down during the game, at least that's what I did!",3,"Jul 31, 2013",N/A
Shake Shack,3.5,41,N/A,"The shake shack lines at citi field... Always long The food... Always amazing I often hear people ask ""is it worth waiting on this line"" and my response is an automatic and emphatic ""yes!"" Citi Field has better food options than most ballparks and sure you can skip the line and get stuff elsewhere, but this is an absolute must if you're headed to the ballpark (especially those doing ballpark tours, etc.) Leave yourself extra time as you may miss the first pitch if you head in too close to game time. Grab a double burger with fries, find your seats and make sure to shout LET'S GO METS between bites of the deliciousness that is Shake Shack",4,"Oct 19, 2015",N/A
Shake Shack,3.5,41,N/A,Burgers are just as good as a regular location. Line is always long but does seem to move. I don't feel like standing in line for 30+ mins. Baseball & burgers how can you go wrong!!,4,"Aug 18, 2016",N/A
Shake Shack,3.5,41,N/A,"So was it worth the 20 min wait in line?  Only if the Mets are losing 14 to 1 in the 8th inning and you have nothing better to do, as in my situation. The Shack burger was okay, not the best I've had but being from Texas, I am quite picky with my beef.  The bread is amazing!  The texture pairs well with the well seasoned lean beef.  The patty is thin enough to absorb the seasonings and the edges are crispy for the added crunch on the first  bite. We got 2 shakes, the black and white shake (basically chocolate) and Vanilla shake.  These are very custardy and sweet, not the best shakes to go with burgers but amazing by themselves or with frites. The price is outrageous, as stated by some of the other reviewers, but with a 20 min line, who's gonna change their mind? Overall, not bad, but don't know what the rave is all about.",3,"Aug 12, 2010",N/A
Shake Shack,3.5,41,N/A,"Really?  This is what all the fuss is about.  Maybe this one isn't that good cause it's at Shea, I mean citi field, but really. Burgers are ok, probably better than the other food stands for sure. The hot dog thing was okay (chicago style dog) The shakes were good. The fries though were GREAT! Everything is totally over prices of course.",2,"Sep 14, 2010",N/A
Shake Shack,3.5,41,N/A,"Everyone loves Shake Shack, who doesn't? You will have to wait for at least 20-30 minutes once the game starts, so my recommendation will be get in line before 6 or 6:30 to avoid the crazy line!",5,"Jan 8, 2013",N/A
Shake Shack,3.5,41,N/A,"For a fast food burger - the gold standard.  Incredibly juicy and flavorful, very fresh, wonderful brioche bun.  Expensive, yes, but everything is at CitiField.  Their vanilla shake is to die for, as is the frozen custard (SOOO much better than Carvels').  Fries are ok - but I actually prefer Nathan's.  Lines are ridiculous - as others have said, get there way early before the game, or accept it that you'll miss a couple innings (watch them on the projection screen behind the scoreboard while you're waiting). Skip the Shackago Dog - this is NYC, we don't need all that crap on a frank, certainly not celery salt (what the...!!!).  Go directly to the burger and a shake, and you'll be a very, very happy camper! Now, they really REALLY need to open a second location at the ballpark, as they wisely did with Blue Smoke - what on earth is wrong with the facility and restaurant management, can't they SEE that?  Lines are insane, which is the only reason we don't eat here more often when we come to Mets games.  A second location at the Promenade food court, please, guys, come ON!!!",5,"Aug 31, 2010",N/A
Shake Shack,3.5,41,N/A,"Shake Shake rules in the burger and dog category.  The Chicago dog was sooo tasty! Never had one before, can't wait to have another, so tasty, crunchy and spicy in all the right ways, love it!  The fries with cheese and spiced onions were magical , couldn't figure out why they serve these with one of those little pitchforks, they should have given me a little shovel because that's what I wanted to do with those fries...shovel them in!!!!!",4,"Sep 11, 2012",N/A
Shake Shack,3.5,41,N/A,"Scored the chocolate cookies n cream special shake here, which was a surprise because they reportedly accept no vouchers, no GCs, and participate in no promos.",4,"Aug 22, 2016",N/A
Shake Shack,3.5,41,N/A,"did you know if youre in the lower seats, the waiters will get you a shack burger for only 6 bucks!! THE BURGERS ARE ACTUALLY  cheaper in the lower sections 100-200",3,"May 31, 2011",N/A
Shake Shack,3.5,41,N/A,"this place sucks, the line takes forever and took 3 innings of waiting and when you finally get on line it takes like 2 seconds to get the food.  the prices are ripoff for such a small ass burger.  the burger is the size of mcdonalds cheeseburgers, but they are really really good. the shakes are okay, nothing spectacular. the fries are actually really good, my favoritepart. and dont get the shack dog or shacago dog, whatever hot dog thats called cuz they put so much crap on it that it all falls off when you bite it. if you are getting it in the city i would recommend it, but not at citifield, get food at the regular stands and enjoy the game. :)",3,"May 31, 2011",N/A
Shake Shack,3.5,41,N/A,"My boyfriend and I thought we would stick it out on the horrendous line but it actually moved pretty fast.  The burgers were great, and the black & white shake was delicious. I would recommend getting there really early, before the game even starts.",4,"Aug 7, 2011",N/A
Shake Shack,3.5,41,N/A,"Damn fine little burger.  Apparently, from a local, I just had to have one of these because they're the bom-dot-com-bomb-diggity.  Super small, and a little greasy quite frankly.  But the special ""shake"" sauce and potato bun make it worthwhile.  I didn't think my black and white/can't we all just get along/unity milkshake was all that. This park has nothing on my San Francisco Giants AT&T Park food fare, though.  Not even close, nosirreebob.  That said, walking away for only $12.50 at Citi Field puts Willie's field to shame.",3,"Jul 7, 2012",N/A
Shake Shack,3.5,41,N/A,"I love Shake Shack because they have the best burger and fries I have ever eaten in my life. All the burgers and fries are made fresh and are not processed. Their handspun milkshakes are also the best. This really adds to the CitiField experience of watching a Mets game. The major drawback is waiting at least an hour, about 1 or 2 innings to finally get your food. Hopefully, they can implement a system to make the lines go quicker. I also wish they had more locations in Queens.",4,"Mar 20, 2015",N/A
Shake Shack,3.5,41,N/A,"I like to have a burger from Shake Shack every once in a while, and if the Mets happen to be playing a home game when I get a craving, then I'll head here to Citi Field and try to get some cheap promenade tickets last minute so I can enter the stadium to get in line for some Shake Shack!! Sometimes this is more convenient than going to Manhattan or Long Island for another Shake Shack location, or cheaper than going to the other Queens Shake Shack (since that one is in JFK and you'd have to buy a plane ticket). They've got TVs everywhere so you can watch the Mets play an inning or two (or three) while you wait in line to order your burger. It's a bit pricier here, and occasionally the burger patty has been greasier than normal, but the staff is trying to get you your burger fast so you can go watch the baseball game you paid to see, right?",4,"May 31, 2015",N/A
Shake Shack,3.5,41,N/A,"Worth the wait, especially if you have an iPhone handy to distract you.  They have a big TV screen in the area and a live audio feed of the game, which should be enough for all but the most die hard fans as long as it's not a big spot. There are two lines--it seemed like maybe the rightmost one was a little shorter and maybe even moved a little faster when I was there. The food is the same quality as the Madison Square Park Shake Shack, though the presentation is a lot more rushed and there's a decent chance it sat under a heat lamp for a minute or two.  The cheeseburgers are amazing, and for me the real draw.  The fries are run-of-the-mill.  The black and white milkshake I had was good, but between that and two cheeseburgers it was all so filling I couldn't finish. The Mets version also sells Pepsi fountain sodas.",4,"Jul 16, 2009",N/A
Shake Shack,3.5,41,N/A,"Was in town recently, and I decided to go to a Mets game with some friends. We waited over 45 minutes in line for Shake Shack, after hearing that this was the In N Out of the East Coast. The line moved briskly, and sure enough I finally got my double shack with fries and a chocolate shake. The fries were very salty and served Nathan's style, but nonetheless tasty. They were good, but I would not order them again. As for the main event, the burger, it was dry, overcooked, and the cheese did not blend well with the meat at all. I've had better at my local Burger King. It was bland, at best, as the meat was so dry and overcooked. It just tasted like it was missing something. And finally, the shake, very rich and distinct flavor. It wasn't bad, but it was not great either. It was way too sweet and rich (chocolate) to be considered great. I'd get the Chocolate-Vanilla mix if I returned here again, probably not as strong in flavor. Overall, it was not at all worth the 45 minute wait. Lots of hype, to no avail. Dry, overcooked burgers, salty fries, and very rich shakes. You'll find me at Blue Smoke next time. -Joe",2,"Aug 1, 2009",N/A
Russ & Daughters Cafe,4.2,216,N/A,"This was such an authentic-feeling experience. The food was completely new to me (I hadn't had much exposure to Jewish food prior to this) and it was really cool to try something different and rooted in tradition. The decor is so fascinating and perfectly on theme, which adds a lot to the experience. Service was good. Overall it just felt like such a special, classic NYC spot. I'm really glad I came here; it was very cool experience all around!",5,"Feb 8, 2026",N/A
Russ & Daughters Cafe,4.2,216,N/A,"Did you know that Russ and Daughters was the FIRST business to add ""& Daughters"" to their name, and at the time it was considered to be highlu controversial? Lox: 10/5 Bialy/onion/tomato/cream cheese: 3/5- not enough schmear, tomato looked beautiful but was mealy, my server refused my request for the bialy to be cut in half (having dental work) Service: 1/5: server was honestly, awful. Extremely preoccupied chatting with his coworker. I requested scallion creamcheese and for my bilay to be cut vertically due to some dental work. He said ""not possible"" on the cutting but confirmed the scallion cream cheese. I was brought regular cc. After reviewing the menu, not even sure the R+D cafe has more than one cream cheese flavor but surely he could have informed me of that when I ordered? I did try to flag him down, verballu and eventually w a raised hand, he was again, too preoccupied chatting a few feet away to look in my direction. He finally came over when I had ONE BITE left, attempting to pour coffee into my non existent coffee mug and asked ""food taste good?"" After said last bite was already in my mouth. I am hopeful it was just poor service/ they dont have their ""A team"" on a slow week day. Regardless, the host was professional and greeted me warmly, the food was decent, I would come again if I was in the area. Otherwise I would suggest the other Russ and Daughter's locations. Barney Greengrass (if you know, you know), still takes the cake for me. Ambiance + decor : 5/5- beautiful, accesible, comfortable restaurant, clean and good lighting, can sit and stay a while Entrance and restaraunt are accesible for individuals with mobility barriers",4,"Mar 3, 2026",N/A
Russ & Daughters Cafe,4.2,216,N/A,"Had an amazing time at the restaurant despite the 20 minute wait! Our waiter was so nice and helpful, and even slipped us a few extra bagels, yum! My friend and I were extremely hungry, so we decided to go for the 4 person platter between the two of us, and it was a great decision! The various smoked salmon was so delicious and went down smooth with the variety of cream cheeses and bagels. The place gets very busy around brunch hours on weekends, but you can pit your name down and go grab a coffee!",5,"Jan 5, 2026",N/A
Russ & Daughters Cafe,4.2,216,N/A,One of the best bagel & lox I've ever had. You can't go wrong with anything on the menu. This place is an institution! Must try is NYC!,5,"May 16, 2026",N/A
Russ & Daughters Cafe,4.2,216,N/A,Very solid brunch place- we all got the lox bagel plate with greens and a pickle. The vibe is amazing and so is the service. They have amazing quality fish and amazing bagels.,5,"Apr 14, 2026",N/A
Russ & Daughters Cafe,4.2,216,N/A,"An iconic deli counter and restaurant, this was worth seeking out in NY. It gets busy and they don't do reservations but it moved fast. We got a seat at the counter and service was excellent. The food was outstanding - we tried the smoked salmon, chopped liver, and knishes. Everything was that throwback old school vibe and I loved it. Will return when I'm back in NYC!",5,"Apr 11, 2026",N/A
Russ & Daughters Cafe,4.2,216,N/A,"Over the river from Jersey City and through the concrete jungle of New York, I walked 3 miles to get to Russ & Daughters. I know what you're asking yourself, and yes, it was worth it. We were fully expecting a wait upon arrival because it was prime time for brunch at 12 sharp. I gotta say I was impressed they were able to accommodate us at all (especially in NYC) because we were rolling 8 deep. After about an hour we were seated. We passed the time at a conveniently located bar next door called Lucky Jack's. Once we were seated we were ready to nosh hard. Our table was right across from where all the meats are prepared and cut, so it was fun to watch as we waited. We ordered two plates of potato latkes and pickles from the barrel from the appropriately titled Noshes section of the menu. The latkes were beautifully golden brown and crisped to perfection. The pickles added a nice acidity to cut the grease from the latkes. I also enjoyed a dill bloody mary, which was much better than the bloody mary I had next door. For my entree I ordered the Bagel and Lox as my best friend who's Jewish has taught me this is the elite combination. I chose the Pastrami-Cured Salmon for my lox option. They lay all the components out on a board, so you can dictate the amount of toppings on your bagel which I enjoyed. The cream cheese was plentiful and tomatoes, red onion, and dill were all very fresh. It all came together and sang on a bagel with a beautifully soft crumb. My cousin also taught me about egg creams during this visit. Based on the name, it isn't something that sounds very appealing to me but boy was I wrong. Come to find out it contains neither eggs nor cream. It's basically like a healthier milkshake, and I am a newfound fan! Thank you, Russ and Daughter for the classic Jewish comfort food experience!",5,"Dec 6, 2025",N/A
Russ & Daughters Cafe,4.2,216,N/A,"If you like pickled or smoked fish, you'll be in heaven here. In fact, everything on the menu is wonderful. But it's really popular these days, so you'll probably have to wait for a bit before you can get in. Even still, once you're inside, everyone is so friendly. I've done the pickled herring selection before and the salmon board. One of the things that I love about this place is the quality of the bagels and bialys that they give you. Definitely come with a few friends, so you can share the big platters.",5,"Dec 6, 2025",N/A
Russ & Daughters Cafe,4.2,216,N/A,"Outstanding atmosphere and service which is also quick Every ingredient is superb, well-prepared and presented Wonderful eggs, the best lox ever, great bagels, rye bread and bialys Also very good babkas and other traditional baked goods It deserves its reputation",5,"May 13, 2026",N/A
Russ & Daughters Cafe,4.2,216,N/A,"I've heard of Russ & Daughters for a while, but never had the chance to make it out. When I finally got the opportunity, I was all in. This is located in LES, and they don't take reservations. However, I arrived around 1:30pm and there was no wait at all! As a party of two, we were prompty seated. I wanted a try a little bit of everything so I decided to go with the Lower Sunny Side, which included eggs, lox and latkes. While the meal was solid, for the price, I can't say I was blown away. There was nothing wrong per say, it just wasn't memorable to me. However, I do know they are famous for their bagels, and this is someting I didn't have a chance to try, so I would like to give it another shot!",4,"Oct 30, 2025",N/A
Russ & Daughters Cafe,4.2,216,N/A,"A NYC staple, I was looking forward to eating at this restaurant. The service was fine friendly enough, probably something to get accustomed to in NYC. The food was a little pricey but fresh. I like the liver and the smoked fish. The Latkes and the bagels were ok and maybe just an off day for them. Overall, I'd go just to say I've tried it and I'd recommend the place to tourists as well.",3,"Oct 5, 2025",N/A
Russ & Daughters Cafe,4.2,216,N/A,"I was intending to go to Russ and Daughter's shop, but ended up at their cafe instead.  Which was fine.  They don't offer bagels or bialys to go -- this is a strictly sit-down diner.  They said the wait would be 40min and then seated me 3 min later lol. The decor is retro and kitschy in a good way.  I sat at the bar and the staff were joyful and welcoming.  Reverence and appreciation for the New York Jewish deli heritage pervaded.  That was nice to see, as many of the old deli institutions are now gone. My entire purpose in visiting was to have a Russ and Daughters bialy, as they are one of the few bakeries that still makes a good bialy.  Interestingly, it was only just ok in the cafe, toasted with butter.  It is much better when I make it at home, as the bialy taste comes alive with darker toasting.  Recommend to toast it more for better flavor. I had the bialy with smoked fish chowder, which was excellent but super rich, and a hot coffee.",4,"Oct 31, 2025",N/A
Russ & Daughters Cafe,4.2,216,N/A,Russ and daughters are the gold standard for bagels and lox. I have had it shipped across country and loved it. Having it in the city was a wonderful treat The staff was helpful and there really isn't anything like a perfect bagel and lox to start the day!,5,"Sep 21, 2025",N/A
Russ & Daughters Cafe,4.2,216,N/A,the food is excellent. I ordered the bialy sandwich with pastrami-smoked salmon. they come deconstructed. the fresh dill really kicked this up a notch. I also had the latkes which were delicious. the service was very quick and friendly. knocking off a star because the bar seating is VERY tight. as a plus size gal I wasn't comfy at all and just barely fit. I figured a reservation wouldn't be that important for one person at 11am on a Monday but boy was I wrong. there were many people waiting for their tables and I had to wait a few mins for a bar seat. even when I left around 11:45 this was still the case. I'd recommend a reservation if you can.,4,"Nov 10, 2025",N/A
Russ & Daughters Cafe,4.2,216,N/A,"When you walk into this place, you feel the history they are trying to capture. It has a diner feel with quality, service, and ambiance of finer dining. Ultimate Jewish deli comfort food served with high quality picked and smoked seafood ingredients. Nice because the OG Russ and daughters is take out only. Sometimes you just want to bagel and chill and not be stuck in your apartment. The latkes are life changing. The bagel and shmear tastes exactly like so many bagel shops in NYC try to capture and emulate, with little success. It's always a long wait but if they say 45 minutes, it'll probably be closer to a 20-30 min wait unless you have a huge party of more than 4.",5,"Dec 3, 2025",N/A
Russ & Daughters Cafe,4.2,216,N/A,"I've been wanting to try Russ & Daughters Cafe for a while now so when my friend suggested it, I was really pumped. We ordered the smoked white fish with toasted bialy and smoked salmon with pumpernickel bread.  My friend enjoyed the white fish very much and I enjoyed my smoked salmon immensely. Service was terrific, extraordinarily on point and kind without being intrusive and the place was immaculate. If I had one wish it would be that the portions were a bit bigger as I found myself getting hungry very shortly after we ate.  All in all, it was a wonderful dining experience.",4,"Aug 31, 2025",N/A
Russ & Daughters Cafe,4.2,216,N/A,Best bagel and lox I've had! We went at around 3pm on a Monday and got super fast and great service. Both our sandwiches were delicious!,5,"Feb 17, 2026",N/A
Russ & Daughters Cafe,4.2,216,N/A,"Came here for brunch. Seated within 10 minutes. Service was professional and pleasant. We ordered 1) fresh squeezed orange juice ($7) 2)Deviled Eggs with smoked trout 3) Lower Sunnyside-smoked salmon, sunny side up eggs, and potato latkes 4) Babka French Toast(chocolate and sour cream) Fresh squeeze Orange juice was so refreshing in the morning. Deviled eggs with smoked trout may be my favorite deviled eggs that I have ever tried. Highly recommend! Might try to make it at home. Ordered lower sunnyside to get a sampler of everything popular here. Smoked salmon was solid, potato latkes were good, basically fat hashbrowns. Babke french toast(chocolate and sour cream) tasted sweet and tangy. Solid. Overall, I think I could see this place as our go-to restaurant. Very solid food here and would definitely come back as a regular.",5,"May 21, 2025",N/A
Russ & Daughters Cafe,4.2,216,N/A,Bagel & Lox ($24) - I found my new favorite bagel. Their pastrami-cured salmon was the best smoked salmon I've ever had because of its freshness and flavor. Their everything bagel was perfectly seasoned as it wasn't too overpowering. Even the cream cheese and tomato were high quality. It's worth trying!,5,"Nov 11, 2025",N/A
Russ & Daughters Cafe,4.2,216,N/A,"Came in for breakfast, super packed ! Wait was about a hour , welllll worth it !!! Has like an old school diner feel at first , bar seating and small tables on the side .Pretty good variety of options to choose from, but looks like most based around fresh salmon and caviar that they have displayed in a case . We order the lox plate , and a omelette, I think had mushrooms and spinach and some really good feta !!! Definitely a must try spot !!",5,"Oct 21, 2025",N/A
Russ & Daughters Cafe,4.2,216,N/A,Simply amazing the atmosphere the food quality and service. I got an chocolate egg cream. The chopped liver sub glutenfree everything bagel and lox GF everything bagel chive cream cheese and acutremonts. Its Simply thr best GF bagel I've ever had i asked the waitstaff mutiiple times to verify. This is a must when in NYC  an institution that  my family alwase told me about.,5,"Oct 18, 2025",N/A
Russ & Daughters Cafe,4.2,216,N/A,"A NY Staple that you should experience. At least that is what they say.  If I was rating just the bagel, it would be maybe 2-3 stars. However, I am rating the experience.  From the decor when you walk into the service attire, I felt special being there.  The coffee was hot and good.  We opted for a platter with smoked whitefish and smoked nova.  It came with the tomato and capers and onions.  Presentation was a 10 star for me.  It looked delightful.  The bagels just fell a little flat to me. Nothing stood out.  The ET seasoning was scattered and not consuming the outside of the bagel. I also felt a little rushed, but I do understand that they have a lot of people wanting to experience this like I did. Do I need to go back-no. Am I glad that I went-absolutley!",4,"Oct 16, 2025",N/A
Russ & Daughters Cafe,4.2,216,N/A,Don't know WTF the hype is all about! Absolutely nothing special! Prices require a second mortgage!,2,"Apr 10, 2026",N/A
Russ & Daughters Cafe,4.2,216,N/A,"I love it here! I was told it would be a 30 minute wait and it ended up being a 6 minute wait so don't venture too far and don't hesitate to put your name on the list then bop around the neighborhood. From the hotel I was staying in, I walked past the R&D deli location en route to the cafe. The deli is your best bet for grab and go and a solid option for bagel sams eaten on the sidewalk. Besties, if you're looking for a more robust sit-down experience, ya gotta come here instead. I love the special touches and the iconic New York experience-ness of it all. The drawings on the walls, the menu setup, all of it! None of that compares to the thinly slices, perfectly smoked lox. I also enjoyed the matzoh ball soup, chowder (sooo good), and a mimosa. This spot has booze! The classic board is a MUST and something I would order again and again. Skip the cold and somewhat dense deviled eggs, otherwise have fun! Our server was fabulous and food comes out at a quick clip. If you're lucky, you'll get seated next to the magic (kitchen) and watch it all happen.",5,"Dec 10, 2024",N/A
Russ & Daughters Cafe,4.2,216,N/A,"Cruised down to the LES to get some Jewish deliciousness and R&D did not fail. It is super clean, no mental visual of large rats running around the kitchen (IYKYK) and the food did not disappoint. I would order a little differently--would not have the horseradish cream cheese on the lox bagel--it added nothing, the soup was perfection, and I think next time I'll get the creme fraiche caviar topping on the latkes. Services was spectacular, but I have to admit that the server calling us ""my friend"" 50 times grew tiresome. But oy! There's no complaints here. As MOT's we left happy. And that, my friends, is no small feat.",5,"Jan 15, 2026",N/A
Russ & Daughters Cafe,4.2,216,N/A,Friendly server. Classic bagel really hit the spot. Traditional diner look with things done simply but well.,5,"Jul 27, 2025",N/A
Russ & Daughters Cafe,4.2,216,N/A,"The highly raved place for brunch, so I finally decided to go with couple friends. We ordered a variety of dishes to share. An unanimous favorite was the smoked herring appetizer, it wasn't overly salty or slimy. The smoke salmon was delicious, but it' wasn't a particularly exceptional smoke salmon that we haven't had anywhere else. Felt it was a bit overpriced for smoke salmon with cream cheese.",4,"Jul 24, 2025",N/A
Russ & Daughters Cafe,4.2,216,N/A,Overall (A+) This place is really good and provide excellent service. Food (A+) Got the bagel and lox's and bagel and cream cheese. Both were excellent. The food quality is excellent. Value (A-) You pay a slight premium for the brand but it is not too bad Service (A+) Excellent caring customer service. Can't beat it. Try it out if you are in the neighborhood try it out.i will get from here everytime I am in town,5,"Jul 23, 2025",N/A
Russ & Daughters Cafe,4.2,216,N/A,"I know there's a ton of hype around this place, and everyone has an argument for the best bagel in NY, and the truth is NYC is full of amazing bagels. But I'm glad I trekked to Russ & Daughters because the hype was real. The Tuna Salad here is to die for. TO DIE FOR. I've always liked tuna salad, but I've never had one that I would trek for, travel for, take 5 different trains for. I would for this. This tuna, plus their signature scallion cream cheese equals heaven. In my saddest moments, I think about this bagel to lift my spirits.",5,"Jul 7, 2025",N/A
Russ & Daughters Cafe,4.2,216,N/A,"My husband was raving about this place having the best Bloody Marys he's ever had in the whole country! So of course we had to try this during our visit to new york. It didn't make reservations so it was about 30 minute wait before we were able to be seated, considering it was a Saturday morning I think I was pretty reasonable. We ordered a number of dishes to Sharon including the double eggs, soft scramble caviar and matzo ball soup. Each order the classic bagel and lots which was amazing.. we also got the ride putting for dessert. The Bloody Marys blew my mind, they were even better than my husband described! This place was amazing and exceeded my expectations. Highly recommend!",5,"Jul 3, 2025",N/A
Russ & Daughters Cafe,4.2,216,N/A,"This was one of my favorite brunch spots in New York. You can't skip out on the latkes and finishing with a sweet French toast was the perfect combination. The applesauce and sour cream really put it together. Their Scottish smoked locks was really good, but have to come back and try the pastrami smoked lox. The blueberry soda was refreshing! The service was really good, our waiter gave us some notes and recommendations of other places. Their boo seating is large and comfortable.",5,"Jul 2, 2025",N/A
Russ & Daughters Cafe,4.2,216,N/A,"This has been one of my favorite restaurants on earth and it's my first stop in NYC. That said, removing my beloved belly lox from the menu is a sin and crime against appetizing. Omg! Omg! Omg! Omg! Omg! Omg!",5,"Jul 6, 2025",N/A
Russ & Daughters Cafe,4.2,216,N/A,"Russ and Daughters feels a bit like a time capsule when you walk in. The staff is friendly and efficient. Everything we ordered was delicious. The smoked salmon is top notch. If I were to go back I would order The Classic again. It was the perfect balance of smokey, fresh, and briney. So yummy! The orange juice is fresh squeezed and the coffee was good.",5,"Dec 16, 2024",N/A
Russ & Daughters Cafe,4.2,216,N/A,"Amazing breakfast spot - stopped here before our tour at the Tenement Museum. Delicious, and super fresh foods - would definitely recommend everything that we got: the cinnamon babka French toast, the  farm egg omelet, the potato latkes, the bagel & bread basket, and the coffee!! Service was as great as the food - but you might have a wait during peak times and this is a hot spot in the neighborhood.",5,"Mar 15, 2026",N/A
Russ & Daughters Cafe,4.2,216,N/A,"PLEASE don't get discouraged by the wait time.  Waited an hour,  but took this opportunity to walk around and explore! Food was absolutely perfect.  We ordered a little bit of everything.  Appetizer,  bagel board, mushroom omelet,  and French toast- cinnamon with two cocktails- Miriam s cup and break-fast martini.  FABULOUS! SERVICE WAS GREAT AND QUICK! Ambiance- great music,  great food,  ambiance was just right. Definitely will be returning next year!",5,"Nov 23, 2024",N/A
Russ & Daughters Cafe,4.2,216,N/A,"I've never been a fan of bagels, but I changed my mind after eating here. My friend recommended Russ & Daughters for their lox and bagels, and I was pleasantly surprised by how high quality they were! The fluffy cream cheese was rich yet light, and paired well with the various toppings that came with it. I also ordered the potato latkes, bursting with flavor and texture! Our waiter was very personable and attentive, checking if we needed water refills frequently. The cafe itself is cozy yet elegantly decorated- I enjoyed peering through the glass to explore the various bagels and fillings they offered!",5,"May 22, 2025",N/A
Russ & Daughters Cafe,4.2,216,N/A,"This place is amazing, I've been to their store on Houston but first time in the cafe. Exceptional food and impeccable service. The best part was when one of the owner ( also one of the daughters as in Russ & Daughters) came by to see how our lunch was. It was the highlight of our meal.",5,"May 9, 2025",N/A
Russ & Daughters Cafe,4.2,216,N/A,"After visiting Russ & Daughters, we met a friend at the Russ & Daughters Café. It was worth it, but be prepared for a bit of a wait. The café isn't large, but it's light, bright, and tidy. I ordered The Classic: Gaspe Nova smoked salmon with cream cheese, red onion, capers, and tomatoes. They also ask for your choice of bagel--I had a plain one toasted. It was delicious and really hit the spot. My husband ordered the Matzo Ball Soup, which was flavorful, with chicken and matzo balls--a comforting dish. He also had the pickled herring filet with pumpernickel, which he enjoyed (though it's not my favorite). My friend had the Potato Latkes with wild salmon roe and crème fraîche, and she was also able to get applesauce and sour cream on the side, for a bit of both. They were delicious. We ordered chocolate egg creams, and my husband had a house-made grape soda. If you're looking for Coke or Pepsi, they don't offer those, but I appreciated the unique house-made drinks. Service was friendly and helpful. It wasn't an inexpensive lunch, but it was worth it for the food and quality time with a dear friend. It was nice to be able to sit down comfortably and enjoy our meal. The café is about a five-minute walk down Orchard Street from the original location. Cheers!",4,"Nov 9, 2024",N/A
Russ & Daughters Cafe,4.2,216,N/A,"While visiting NY we had to go to Russ & Daughters Cafe! We went on a Tuesday mid-day. It was busy but we only had to wait about 10 min and got a booth. The host was very friendly and our server was awesome (sorry, we forgot his name. He's tall, thin build with a mustache). I had the Classic board with an everything bagel and the smoked whitefish chowder was amazing! It was so delicious, I wish I could have packed it up and brought it home! It was a great meal and great visit!",5,"Apr 17, 2025",N/A
Russ & Daughters Cafe,4.2,216,N/A,We had such a great time. TJ was our server and he was PHENOMENAL. He had the best vibe and all of his recommendations hit the spot! So happy we went there:))),5,"Mar 3, 2026",N/A
Russ & Daughters Cafe,4.2,216,N/A,Went in during the lunch rush and got some matzo ball soup which rocked my world. The staff was awesome and attentive. Brought home a bagel with lox for my spouse at home and it was perfection (got the goat cream cheese which was great). FYI at this spot they don't do 'take out' per se so they'll bring you the food to pack up yourself to take home as leftovers. I don't mind that but just a heads up.,5,"Feb 7, 2026",N/A
Russ & Daughters Cafe,4.2,216,N/A,"My first upscale Jewish Diner experience and egg creme and shrub drink! Russ & Daugther now has several locations in NYC, and this one is lower east side, very close to the Russ & Daugther store and takeaway. This is sit down, and no reservations taken, we walked in and waited a 20 minutes before we sat down (we got a coffee at a different location to wait). The restaurant is immaculate with a super welcoming bar area and booths with tons of smoked fish, cured fish on the menu. The upscaleness comes from the caviar they sell. At Russ & Daughters with my Jewish friend, I got to try egg creme - which unlike it's name does not have egg or cream, it's a light chocolate milkshake think nesquick with soda water and it's delightful. I'd seen it a lot in the movies from the soda shop days and I've always wanted to try it. I also got a beet shrub: a drink made with a fruit-infused vinegar syrup and sparkling water. I'm a sucker for any beet juice drink. The food was lovely, very good Jewish deli food elevated - the portion sizes are controlled here, not like the old school delis where you meats are the size of your head. I rate this place 5 stars bc I think about that shrub. We did have a small tin of caviar, and it was a delightful experience. Would for sure come back and recommend to people who enjoy an upscale diner experience.",5,"Jul 25, 2024",N/A
Russ & Daughters Cafe,4.2,216,N/A,Who knew I needed caviar on my bagel. Well new bar has been set on extravagant eating. Coffee selection is just drip but there's an espresso place really close if you are like me and need that. Service is great as you grab a number on way in and order when called. Highly recommend this place and can't wait to visit again,5,"Sep 23, 2024",N/A
Russ & Daughters Cafe,4.2,216,N/A,Going to RUSS and Daughter IS like being back to my childhood in Brooklyn. The smells of the smoke fish is elegant and brings back memories of a kinder gentle time with my family on SUNDAY MORNING. It's a cultural experience I wish everyone can experience. Your readers must take the time to have this opportunity they earn the 5 stars. Irwin Z,5,"Sep 28, 2025",N/A
Russ & Daughters Cafe,4.2,216,N/A,"Every restaurant article points to Russ & Daughters - a must try. They did not disappoint! The latkes were my favorite!! They come with a few different toppings - roe and cream, apple sauce and sour cream.  Both are such good options. The apple sauce and sour cream are actually better than you would think. Nice surprise actually. I also really loved the babka French toast, perfect texture. We sat at the bar/counter. The waiter/bartender was super friendly and helpful. We had a great conversation with him! Really nice experience here and we will definitely come back!",5,"Aug 28, 2024",N/A
Russ & Daughters Cafe,4.2,216,N/A,When in the city I try to taste all of the best NYC has to offer.  And this is no exception. Service is on point. Latke is the best I have EVER had. Famous for the pickled Herring so I had to try it. It did not disappoint.  Amazing! I will be back to explore more of the menu.,5,"Mar 22, 2025",N/A
Russ & Daughters Cafe,4.2,216,N/A,"This place is one of my neighborhood favorites for brunch. It is quite popular for brunch so it takes some planning, but inside feels spacious when seated. The staff are pleasant and considerate. I liked when my waiter brought over my drink with 2 straws without me asking when he knew that I was going to share with my partner. One of my favorite dishes is probably the Lower Sunny Side. The Halva Ice Cream is good too. I would recommend this place for brunch in the LES.",5,"Mar 29, 2025",N/A
Russ & Daughters Cafe,4.2,216,N/A,The lox bagel was good but the service was horrible. Ignore the entire time not even ask if I need anything else or offer more coffee. Plus attitude when asked ONE question when ordering. My server was Cory at the bar,1,"Feb 3, 2026",N/A
Russ & Daughters Cafe,4.2,216,N/A,"I'm not lucky enough to live in NYC.  (I make do, here on the Third Coast.)  However, I've now ordered four times from R&D (once for myself, thrice as gifts to loved ones).  We've all been delighted. I'd never heard of them until I listened to a great NPR story* about this ""appetizers"" outlet and its history.  I was already sold by the name alone (""and daughters""), but hearing how the lox is sliced was the clincher. Well, the service and attention to detail are amazing.  The lox really is ""Oh my God"" good . . . and, as an unexpected bonus, turns out they have a delicacy that's been impossible to find here:  pickled green tomatoes.  Even their merchandise is top notch (e.g., a lovely and well-made spreader; a nifty, very cool mug). R&D seems to be going great guns, but I've been happy to be able to do my part to support them. _________________________________________ * ( https://www.npr.org/2025/09/06/nx-s1-5382315/russ-daughters-niki-russ-federman-josh-russ-tupper)",5,"Oct 24, 2025",N/A
Russ & Daughters Cafe,4.2,216,N/A,Nice sit down restaurant. Definitely worth the waiting time and being sat at the counter.,5,"Jan 8, 2026",N/A
Russ & Daughters Cafe,4.2,216,N/A,"This place was so YUM! Very worth the 1 hour wait. I will forever be thinking about the latkes and salmon roe. I am also a salmon Benedict fan, and this one was scrumptious.",5,"Jan 18, 2025",N/A
Russ & Daughters Cafe,4.2,216,N/A,The host was very rude and unaccommodating to me and my family of 5. We offered to split up to get tables quicker but he totally brushed us aside.,1,"Apr 6, 2026",N/A
Russ & Daughters Cafe,4.2,216,N/A,"Made a quick stop at Russ & Daughters this morning for a light breakfast. The Orchard Street location is really cool, it throws back to an old soda fountain/diner. Cool marble tiles and counter tops and great decor elsewhere, too. The couple staff I interacted with were smiley and kind.  I really enjoyed the whitefish croquettes and the rugelach.  The croquettes were piping hot and nested on a dill sauce. The rugelach were crispy and sweet.  Their menu is pretty expensive, too.",4,"Jan 16, 2025",N/A
Russ & Daughters Cafe,4.2,216,N/A,"Such a cute spot and I love the retro design, but my bagel was unfortunately hard and the disassembled aspect made it messy and difficult to eat.",4,"Jan 8, 2025",N/A
Russ & Daughters Cafe,4.2,216,N/A,Still thinking about this place! Visited NYC and was on a mission for a good bagel with lox and this place did not disappoint. The cafe is a bit on the smaller side but it is warm and bright. This location does not serve the bagel sandwiches seen at other locations and instead has a few bagel board options. We had the Apple French toast as our sweet breakfast treat and it was also delicious. Highly recommend!,5,"Dec 11, 2024",N/A
Russ & Daughters Cafe,4.2,216,N/A,Everything was great. I had the matzo ball soup and potato pancakes. I had some of my friend's French toast and it was phenomenal as well. Great authentic place. The cold brew coffee was delicious too!,5,"Jul 13, 2025",N/A
Russ & Daughters Cafe,4.2,216,N/A,Came by for breakfast the other day and it was a decent experience. Russ & Daughters is in the Lower East side and is featured in the Michelin guide as a Bib Gourmand. The cafe was super clean and modern with elevated pricing. Staff wore a white Russ & Daughters lab coat as their front of the house uniform. Ordered the smoked salmon eggs Benedict and it was decent. The bread was freshly cut and the smoked salmon was fragrant with the taste of preservatives. The actual poached egg was decent although I've had better. Their hollandaise sauce was good and not too heavy. Service by the staff was quick and efficient. $31/head for breakfast after tax and gratuity,4,"Feb 4, 2024",N/A
Russ & Daughters Cafe,4.2,216,N/A,"Can we give it 6 stars?  Only waited two minutes for a table which is unusual. Sam, our waiter, was super. We started with the Deviled Eggs with Smoked Trout which were creamy and delicious. Paired the eggs either a bowl of Smoked Whitefish Chowder that the kitchen split into two bowls for us. The chowder was our fondest memory from a previous visit and it didn't disappoint. Creamy but not too rich, flavorful but not too Smokey. Shared a classic nova board with an extra bagel. And, of course, a side of potato latkes. The nova was very mild and sliced paper thin. Very delicate. Wish there had been another slice or two but.... The latkes were thick, crispy on the outside and creamy inside. Had to try them; enjoyed them; might not do again. Finished with coffee (strong) and cinnamon Rugelach that were flaky and tasty. Everything we remembered and more. A really special brunch for us.",5,"Dec 23, 2024",N/A
Russ & Daughters Cafe,4.2,216,N/A,"Worth traveling across town for ! I actually found their other location first, which seemed more like a grab-and-go kind of place - it had a line out the door so I decided to pass. Then I found this location and I'm so glad I did ! (They're actually relatively close to each other which is awesome) Seating & wait time I was alone and the wait was about 30ish minutes. However, I got a text from them maybe 10 minutes later that my seat was ready. Luckily I hadn't wandered too far ! They don't have much of a waiting area at the restaurant so I recommend walking around a bit They have stool seating at the bar which is where I sat. Each spot does have hooks under the bar to hang your belongings. They also have table and booth seating further into the restaurant. Staff: They have the most friendly and up beat staff I've ever seen! Everyone was very sweet and welcoming. They also joked around with each other and generally seemed to have a good time working there. Food: I opted for the basic board with salmon. There were so many delicious looking options, but I felt (being alone) that a lot of the options would have been too much for me and better shared. That being said I definitely need to come back with a friend or two to experience more of the menu! Everything on my board was so fresh and flavorful! From the everything bagel to the onions to the salmon. Honestly it blew my mind how such a simple order could be so delicious I also ordered a tea and was given my own small pot. That was great with it being a cold & rainy day. When you sit down you're immediately given a whole bottle of still water which is nice too. Overall this place was amazing and I highly recommend it ! I can't wait to come back!",5,"Mar 12, 2024",N/A
Russ & Daughters Cafe,4.2,216,N/A,"A true NYC classic, a must try!! I personally love Russ & Daughters Cafe and have been to it a few times over the years. Service / Ambiance / Vibe: - excellent service from the staff at large, when I went on 12/6 our waitress was very attentive and nice - Cool to dine at the cafe of such a historic NYC business - the decor and view of the kitchen really gives you that NY Diner feel Food: I love the food, the bagel - lox - cream cheese platter is fire. the SOUPS are incredible, menu at large is interesting and full of good food. As other reviewers have noted, it's a pricier option....if you just want a bagel sandwich at the best price - then yes obviously go to your local bodega and just get that. But if you want the full experience AND if I had to guess I'm sure the food quality and sourced ingredients are much better than a bodega....go to the cafe, have a seat and enjoy a great dining experience.",5,"Dec 9, 2024",N/A
Russ & Daughters Cafe,4.2,216,N/A,"Another FANTASTIC experience here. From the hostess, to our server, to the manager - everyone here is so nice. The hostess quoted us a 45 min wait when we arrived around 12:30pm for four people, but was able to seat us in half that time. Our waitress, Margot I believe was her name, was extremely understanding when two people in our party were pressed for time due to a show on the other side of time (our fault for getting here late) and made sure our food arrived very promptly. We got amazing suggestions for food from the manager and everything was spot on. We ordered the Ida board for four of us (the smoked salmon is like butter in your mouth!), potato latkes (some of the best I've EVER had), Super Heebster (wow), and the babka French toast for dessert (don't sleep on this one). It was the perfect amount of food for the four of us. I can't say enough good things about Russ and Daughters- one of my favorite spots in the city!",5,"Dec 22, 2024",N/A
Russ & Daughters Cafe,4.2,216,N/A,"Oh my god the food here was actual heaven. My sister and I came on a weekday around 11am, so off hours a bit, and had a 30 min wait. By the time we were done with our meal over an hour later, the hostess was telling people the wait was over two hours. I've heard the wait on weekends is even worse! All the hype around this place was SO real. My favorites were definitely the Super Heebster and Filet of Pickled Herring. The least exciting dish was probably the Shtetl Board, mostly because it followed two fantastic dishes. There isn't much more to say except that the ambiance is fun and the food is to die for.",5,"Dec 22, 2024",N/A
Russ & Daughters Cafe,4.2,216,N/A,"No better time than the weekday to walk in and dine at russ and daughters than a weekday at 12pm we started with the potato ladkes - they were juicy, crunchy, and full of flavor. reminded me of an indian pakora. we topped it with creme fraiche and salmon roe which IMO is the way to go. second was the salmon with an every bagel - super delicious and the salmon was insanely juicy and fresh. the everything bagel was a good call because it was doughy but also crunchy since we got it toasted! last and my fav was the challah bread pudding which was more on the pudding / squishy in texture side - super good and sweet if you like pudding. one of my favs from the meal. overall good experience and service was quick. would def recommend and return!",5,"Jan 3, 2024",N/A
Russ & Daughters Cafe,4.2,216,N/A,"This was my first time at the cafe, which opened up in 2014. The original store has been on Houston St. for over a century. The cafe's breakfast menu has many standouts.  The entrees are original.  You can't find most selections in any restaurant anywhere in the U.S. Check out the menu, which is also available online. Today I had some Gaspe Smoked Salmon and Cream Cheese on a Pumpernickel bagel.   TIP:  mix some fresh dill into the cream cheese for a foodgasmic experience. The rugelach is good, but I have had better elsewhere, like at Armin and Judy's in The Hamptons.  The raspberry at Russ and Daughter's is good, but the cinnamon raisin leaves a lot to be desired.  I wish they had apricot, which is my favorite rugelach flavor, but Russ and Daughters does not make it.  Armin and Judy's does. The service in the cafe was terrific.  I sat at the bar. The decor was sleek and modern. I definitely will be back.",5,"Nov 18, 2023",N/A
Russ & Daughters Cafe,4.2,216,N/A,"As usual, amazing. My server at the bar, Erik, was so helpful. Love the recs. Bagel fresh, pickles great.",5,"Mar 6, 2026",N/A
Russ & Daughters Cafe,4.2,216,N/A,Extraordinary experience with truly unique food. Impeccable drinks selection as well as an adorable atmosphere in the heart of midtown a nook in the wall leading to a beautiful experience of flavorful joy. The only down side would be the wait time on weekends but that just tells you even more how good of a place you are about to get into.,5,"Dec 4, 2024",N/A
Russ & Daughters Cafe,4.2,216,N/A,"How do I love thee? Let me count the ways... 100% worth the hype. Sent a friend smoked salmon, herring, and caviar cream cheese for her birthday via Goldbelly - she was understandably elated. R&D are on a class  of their own!",5,"Aug 3, 2025",N/A
Russ & Daughters Cafe,4.2,216,N/A,"Finally get the hype RATING: 9.7/10 (for the lox sandwich) PRO TIP: yes the sandwich is pricey. Yes it is delicious. LOX BAGEL SANDWICH This place has so much hype around it and yes this sandwich is amazing. The high quality ingredients and their thoughtful proportions make for a DELICIOUS breakfast experience, beautifully, richly salty smoked salmon cuts through creamy, delectable cream cheese and capers/red onions add additional tartness and texture. My one area of improvement is that the bagel itself is easily not New York's best bagel, as it is soft but does fight you when you try to take bites off the bagel. However, that almost doesn't matter with how great the interior of the sandwich is. FINAL RANKING: EXCELLENT (terrible / bad / ok / good / great / EXCELLENT)",5,"Dec 1, 2023",N/A
Russ & Daughters Cafe,4.2,216,N/A,"An iconic name and well-known spot that lived up to its reputation! I've known about Russ & Daughters for YEARS thanks to both Instagram and friends of mine talking about their delicious bagels, fish, and babka. The cafe is separate from the Russ & Daughters Appetizers counter shop which is about two blocks north of the cafe location. We arrived at about 8:15 to meet a friend, the cafe opens at 8:30 but we wanted to make sure we could get a seat; we were not formally ""in-line"" but happened to be the first to enter when the doors opened and the curtains rose. We were seated in a comfortable booth, though there is counter seating in lieu of a booth if you're ever dining solo. By the time we placed coffee orders the cafe was bustling, and it didn't take long for all booths to fill, so come early if you want a seat! I had iced coffee with oat milk and it was fresh and delicious and very strong. We decided to order a lot and share, which is definitely my recommendation at R&DC. In no particular order, we tried the pastrami Russ, the potato latkes with applesauce, sour cream, roe, and creme fresh, the classic board with a bagel, the plate of sours (pickles and pickled tomatoes), and the chocolate babka french toast. Everything was SO, SO DELICIOUS, and it was great to try bites of everything. That babka... it's out of this world. All the flavors were sharp and fresh and complementary in all dishes. Our server was SO attentive and kind, and there were so many little details that he maintained, including fresh silverware, whisking empty plates away, and checking on us in a warm and non-rushed way throughout the meal. Though the space was packed, it felt cozy and comfortable rather than claustrophobic. This place is so special and feels like an institution - which, with its namesake, it is. I recommend highly! I can't wait to come back and try all sorts of other goodies. PS: if you have time, walk the few blocks to check out the storefront, which is an entirely different (and very unique) experience.",5,"Nov 15, 2023",N/A
Russ & Daughters Cafe,4.2,216,N/A,"Famous for a reason. Enjoyed a delicious lox bagel and glass of fresh-squeezed orange juice. Admittedly on the pricier side, but enjoyed it nonetheless. The cafe itself is adorable, and the service was excellent.",5,"Sep 25, 2024",N/A
Russ & Daughters Cafe,4.2,216,N/A,"Went at 1:30 on a Sunday and waiting for 90 minutes. It was nice that we can walk around and then got a text when the table was ready. The place is cute inside and they have nice big booths. Only two restrooms in the back. The food is all mainly breads like challah, bagel, rye and cured and smoked fish. So you got to be in the mood for that when you come. The eggs Benny was $26 and was a bit over priced for what it was. The challah was dry, there was t much flavor in the dish. Needed more hollandaise sauce. I barely tasted it. Eggs were poached well. The smoked salmon was fine, tasted good quality. I got a malted egg cream, it was decent. It's seltzer water with malt flavor and milk. It was good to have something sweet to pair with the salty fish. The waiters were nice but disorganized. They brought out our drink like 5-10 minutes after our food. And were also arguing on the side about our bill for some reason. I unfortunately wouldn't come here again. It's a cute place but long wait, high prices and average food. We split the bill and with each getting a meal and 1 drink it was over $50 a person with tip.",3,"Oct 15, 2023",N/A
Russ & Daughters Cafe,4.2,216,N/A,"I cannot express the level of disappointment eating at this location of Russ & Daughters.  Maybe it would have been different if I'd traveled to Brooklyn.  Alas, lesson learned. The lox is fantastic - thank goodness.  However, things went way south when they tried to pawn a bagel as a bialy.  I grew up in New Jersey just over the Washington Bridge.  I can tell the difference and they argued with me! Also, what they say is toasted is barely warmed. The day before I ate at Barney Greengrass (which is the real deal), so at least I know where to return to next time.",2,"Oct 31, 2025",N/A
Russ & Daughters Cafe,4.2,216,N/A,"The grab and go Russ and daughters spot was closed so we decided to come to this cute sit down spot to make sure we got our New York bagel! This place had a 30 minute wait but thankfully we were seated much faster which was nice. This is a spot where you can get a variety of breakfast brunch like food - we ended up ordering: * lox bagel plate - this came with a pumpernickel bagel we chose and came with salmon, cream cheese, tomato, onions and dill. Everything was super fresh and went well together *latkas - these were really yummy - almost kindof like a super crispy hash brown with some onions inside as well and came with salmon roe and creme fraiche. Very flavorful and yummy to say the least Overall, this is a nice solid spot if you are looking for some yummy breakfast food New York style!",4,"Jul 25, 2023",N/A
Russ & Daughters Cafe,4.2,216,N/A,"Okay where to start with this review... The restaurant...very cute and very Jewish, really liked the vibe Service...good service, nice waiter Food...it was just okay. I've grown up on lox and bagels, so on my scale it was only about a 6/10. The bagel wasn't very doughy, it was toasted but wasn't that flavorful? Even though we got the everything, in my opinion it was a pretty dry bagel. The platter only came with 2 slices of tomato, a few red onion slices and capers w cream cheese. Overall it was okay. I ordered a coffee, a lox and bagel platter, with an extra bagel and cream cheese and that was it. My bill came out to be around $46 with tax and tip. I don't know how it possibly wound up being that much, but I wasn't happy about the price. Mistake? Inflation? I duno..does that amount sound right to you?",4,"Sep 2, 2023",N/A
Russ & Daughters Cafe,4.2,216,N/A,"My to go spot after my workout. I love the type of food they cater to. They have pickled herring to caviar , boards , noshes platters and etc. trust me you will never get disappointed because their customer service is top notch! Constantly checking and making sure you are well taken cared of . I look forward to this place everytime I finish my workout. And it's just the exact type of food I love to eat! Thank you Russ & Daughters for the excellent service ! I come to try all food in the menu",5,"Mar 29, 2025",N/A
Russ & Daughters Cafe,4.2,216,N/A,"Let's get one thing straight: there is no other place to do Jewish deli other than here. My husband and I had the $110 platter that consisted of a plethora of bagels Bialy's and breads, butter and cream cheese, tomatoes, capers, onions, smoked white fish, smoked Sable, Salmon, and lox. Such a value and the food is outstanding. The pickles are just so unique -this place belongs and has the status that it deserves. Our waiter, Eric, was a wonderful man offered us extra bagels. Just a great kid. The ambience is unparalleled obviously you're here for that too. Very clean.",5,"Mar 29, 2025",N/A
Russ & Daughters Cafe,4.2,216,N/A,"Cute decor and atmosphere. High expectations, as this is obviously a well known institution. Nothing was absolutely terrible...but nothing was great either. Stingy portion of the pastrami-cured lox. Good quality but not enough to cover the bagel. Pretzel bagel was meh. Way better bagels are out there, all over NYC! Spicy Bloody Mary was decent. Whole experience felt overpriced and touristy.",2,"Feb 2, 2026",N/A
Russ & Daughters Cafe,4.2,216,N/A,"I have always wanted to try Russ & Daughters and on this visit I finally did! First of all, the cafe is so cute- classic New York charm without feeling too cramped at all. Our service was excellent- friendly, helpful, professional. I got a vanilla egg cream and my husband tried the house made cream soda. Why don't more places sell egg creams?! Yum! Then I got the smoked whitefish chowder and the ""sours"" (a bowl of house made pickled). The whitefish chowder was one of the most delicious things I've ever had in my life. Like last-meal on death row good! My husband went more traditional with ""the classic"" bagel and lox, and a bowl of matzoh ball soup. Everything was amazing! I would have loved to try the babka but I was too full- next time!",5,"Aug 13, 2023",N/A
Russ & Daughters Cafe,4.2,216,N/A,Great service! Fresh food. You can't go wrong with bagels and lox. Worth a second and third visit.,5,"Sep 18, 2025",N/A
Russ & Daughters Cafe,4.2,216,N/A,"The service is great--so friendly and helpful. We love the bagels, shmears, bread, and baked goods. I wasn't overly crazy about the kasha varnishkes--to me it tasted like the barley was old, but it's not a dish that I have ever had before, so maybe that's just what it tastes like. Still, loved the experience.",4,"Dec 27, 2024",N/A
Russ & Daughters Cafe,4.2,216,N/A,"Came here after hearing and seeing so much hype. For all the chatter and rave reviews, the food was underwhelming to say the least. Ordered a toasted bagel with Lox which came on a wooden platter with onions, capers and salmon. The bagel was NOT toasted as requested and there were a measly two slices of salmon and some tomatoes with cream cheese. They also forgot the egg i had asked for. Also ordered hot coffee which was decent. The ambience was as expected, that of an old school NY diner and it was definitely busy. Service was average as got seating at the counter. The hostess was very kind and polite. I genuinely feel like several bodegas have bagel sandwiches that are SO much better than this place. The menu is overly pretentious and complicated (imho). Paid $30 for the above... could have gotten a MUCH better meal with 1/4th the price at another 'no-frills' place and would have been much happier. Feel like this is a tourist trap and most likely not come back again based on the experience...",3,"Jul 25, 2024",N/A
Russ & Daughters Cafe,4.2,216,N/A,"My mom was friends with one the Russ daughters so this business is sorta in my blood.  Our family has been feasting on their supple lox and unctuous sable, babka and hopjes (Dutch coffee candies) for over a century.  Being able to lunch at this casual and comfy restaurant is a wonderful option.  Of course I order the bialy with cream cheese, capers and lox from the friendly server - when she gave us a few hopjes at the end my soul was full. It's a bright place, windows front and back, in a LES spot a brisk walk south of their store (a new branch is coming in Hudson Yards!).  Well worth the walk and I'm looking forward to a return visit for that sable.",5,"Jul 17, 2023",N/A
Russ & Daughters Cafe,4.2,216,N/A,"Great service with a clean, classic diner/deli vibe. We ordered The Classic Board with a plain bagel, Eggs Benny, and the yogurt, fruit, and granola. A must try if you're a fan of fresh, smoked salmon- my first time trying it and wasn't disappointed. If you're in the area, I highly recommend you try this 100+ year historical NYC staple.",5,"Mar 6, 2025",N/A
Russ & Daughters Cafe,4.2,216,N/A,"Before trekking on down here, you should know that about 80% of the menu items contain some kind of fish on them. Great for me, but my partner didn't feel great about his options. Luckily we found things to order we'd both enjoy... I had the eggs benny, which came with smoked salmon, poached egg and dreamy hollandaise on the perfect piece of challah bread. I thoroughly enjoyed each bite. My partner ordered the Latkes with apple sauce and it was the the light breakfast he was looking for. Somethings to know about the space, its bright and cute, but small... don't come here with a big party unless you're willing to wait 45-60 minutes. Can't wait to come back and try a few more things.",4,"Apr 19, 2024",N/A
Russ & Daughters Cafe,4.2,216,N/A,"Visited Russ and Daughters after watching Somebody Feed Phil Got the egg cream, lox benedict, potato latkes with applesauce and sour cream, rugelach, and chocolate babka french toast. My favorite was the babka french toast (delicious!) followed by the latkes. The rest of the items I thought were ok. Be prepared to put your name down and wait a good 45 minutes just fyi!",4,"Apr 12, 2023",N/A
Russ & Daughters Cafe,4.2,216,N/A,We came around 8:30AM and there was no wait. The service was great and our food came out within 10 minutes! The classic salmon board was really good and a must try if you come here! I didn't think I would like it but the smoked salmon/onion/tomato combo was perfect. I really liked being able to put together my bagel too. The green onion cream cheese spread made the bagel even better. I'd also recommend asking for pickled onions to add to your board. I did not enjoy the blintzes due to the cheese texture but my friends liked it. IG: tiffsfoodreview,5,"Feb 28, 2023",N/A
Russ & Daughters Cafe,4.2,216,N/A,"The cafe is the place to go. My dad and I went on a Friday at about 9:00 am and it was packed. People were there with their suitcases. We had to wait a little bit, but ended up getting two seats the bar top, which was cute. The inside of the cafe has great theming and decoration. Concord Grape Soda ($8) The drinks are pricey because they aren't can sodas, they are freshly made in the cafe. This one has jasmine, timut pepper, and lemon and obviously concord grapes. Their sodas are delicious and you have to be careful not to suck it down too quick! The Classic Board ($22) Nova smoked salmon, cream cheese, your choice of bagel, bialy, rye, or pumpernickel. I love this, it is simple, but delicious and hits every time. It is also very instagrammable the way they plate it. Overall really solid food, fun place to take people from out of town.",4,"Jun 13, 2024",N/A
Russ & Daughters Cafe,4.2,216,N/A,"Russ & Daughters Cafe was the first stop on my wife's birthday extravaganza. We'd been to the OG Russ & Daughter's shop. Good stuff but a lot of hype for bagels, spreads, and fish. I'm quite spoiled with having some great bagel and fish spots nearby, so treking out to the Soho?, Noho?, HoHo? area from Brooklyn or Queens is a big commitment. When we walked in, immediately realized that it was going to be a great experience. Bar upfront with a limited but mindful selection of alcohol. They had Kings County, Blanton's, and Michter's all at reasonable prices. I opted for a spiked egg cream before following my heart to a pour of Kings County bourbon. Service at the bar was quick and attentive. Menu was super intriguing with sections dedicated to herring, caviar, smoked salmon, and Jewish classics. We ended up sharing a daily special - the potato ""totkes"" - , the white fish chowder, and the babka French toast. Totkes were great. Super crispy and came with a delicious Bloody Mary creme frachie. The smoked white fish chowder was creamy and savory. Tons of veggies and super hearty. Babka French toast is a dessert lover's treat for a meal. Two gender neutral restrooms which were handicap accessible. One had a changing table. We were able to walk in on a weekday but I can imagine needing to get here earlier on the weekends.",5,"Jan 23, 2024",N/A
Russ & Daughters Cafe,4.2,216,N/A,"Life is great when the plan you had before does not work out, but when Plan B works out better than you ever imagined, better than the original plan you had. This is what happened, and I guess it would be appropriate to say it is a Chanukah miracle. My original plan for lunch today was to go to Katz's Deli for lunch. When I saw the line outside was basically wrapping around the block, I abandoned my plan and decided to go to Russ & Daughters Cafe instead. I have been to the flagship store and know the food is good, but had never been to the cafe for lunch, as I never had the opportunity, and thinking it would just be alright. It is more than alright, it is a treat. A beautiful experience transposed onto a bowl, a board, and a plate. Just be willing to pay up because this will not be cheap. For me at least, since I decided to ante up and go for several things. For starters, the hostess sat me at the counter. No loss. It was a 45 minute wait for the seat as it gets fairly busy for lunch. I can certainly do that. As for the food... yeah buckle up buddy boy. Matzo ball soup: A hearty blend of one golf-sized matzo ball, chicken, some carrots, and a bit of celery. It works beautifully. The presentation is a bit poor because the broth overflow onto the plate it is served with below, but the matzo ball is tasty. This one does it right. However, give me noodles with it and you have a five star appetizer. Score: 4/5 stars Cream Soda: Starts out strong, but quickly fizzles out. Save your money, unless you like quick and easy drinks. Score: 3.5/5 stars Potato latkes: Jewish potato pancakes cooked to maximum effort. Three solid sized bad boys served with your choice of either applesauce and sour cream or cream cheese and caviar. I opted for the former and it was delicious. My Jewish origins were speaking to me as I was eating this, but only in a whisper. Unfortunately I could not eat the last one because it is a dense treat. That being said, I highly recommend these. Score: 4.5/5 stars Shtetl: I was torn between the Classic and this, so I asked my server at the bar. Since I told her I had tried their lox and knew it was good, she directed me to the Shtetl: It is excellent. The goat cream cheese marries well with the sablefish, which almost tastes like whitefish without the mashy mix. The everything bagel is perfectly toasted and perfectly coated with garlic, poppyseeds, and sesame seeds. Even the goat cream cheese is terrific. I could have eaten this alone just out of the ramekin, but restrained myself from doing so. It is also served with tomatoes, onions, and capers, but I am simple. No need for these! Reminder my Jewish origins whispering to me? They were speaking pretty loudly after this one. Score: 5/5 stars Now, for the topper... Egg cream: This is as New York as it gets. However, I learned too quickly that you have to drink this fast as the frothy top disappears, and then you are left with a borderline nasty mixture of milk, seltzer, and chocolate syrup. Still solid way to end any meal, but drink up! Score: 4/5 stars ***Bonus*** During Chanukah, Russ and Daughters sells a limited time offer of three jelly donuts that they make, as jelly donuts are an iconic food during Chanukah. One that is of the black and white cookie style, one that is an original jelly donut with strawberry jam, and one that looks and tastes like a strawberry rugelach that also has strawberry jam. All three are fabulous and you will wish they served these year round. The fact the servers everywhere were hyping this up is telling you to get this either as you walk out the door, or as a sweet treat to wrap up a flawless lunch. Score: 5/5 stars ---- A Lower East Side without Russ & Daughter's and Katz's is unfathomable. It still transplants you to a time when these establishments dominated Delancey St and W Houston St. Thankfully, if all continues to go well, they will continue to be here, and continue to remind customers, now and in the future, what made this area so special and unique at the turn of the century. Life is a funny thing, is it not?",5,"Dec 23, 2022",N/A
Russ & Daughters Cafe,4.2,216,N/A,"If you do not like fish do not go here! $123 for two salads, a dessert, and two cocktails. Uptown feel inside but still cozy. Food is meh.",2,"May 25, 2023",N/A
Russ & Daughters Cafe,4.2,216,N/A,"The cafe is a full-service version of the famed shop a few blocks away. The first time I visited, it was during  a pandemic flare and they were doing takeout. I ordered as-is bagels and fish to go, along with a toasted pumpernickel bagel with butter and lox and pumpernickel bread. It was easy to order online and pickup. And everything was delicious. I went back a year later for a sit down breakfast. A short line formed before opening and the cafe filled quickly. It's got an old-school diner feel. I ordered the bagel board with a pumpernickel bagel (shocking). It was great. The staff is super friendly and I look forward to returning.",5,"Dec 3, 2022",N/A
Russ & Daughters Cafe,4.2,216,N/A,"I ordered bagels, sable, pumpernickel loaf, and a pumpernickel bagel with butter and lox. I ordered online early that morning and it was ready right on time, perfectly timed for my dad to pick me up nearby and eat my bagels. Everything was excellent. Sable is my absolute favorite, and near impossible to find where I live. Theirs is perfectly succulent, and buttery. Bagel was delicious and obviously, the lox is super high quality. I love pumpernickel, hence the bagel and the loaf, and theirs is so flavorful and better than most. Take home bagels were good even a few days later. You wait outside, tell the staff member your name, and they come out with your order. It's really easy and the staff is friendly. I can't wait to return to Russ & Daughters.",5,"Dec 3, 2022",N/A
Russ & Daughters Cafe,4.2,216,N/A,This place is really tasty my only criticism is to please add salt and pepper shakers on the table!,5,"Dec 23, 2025",N/A
Russ & Daughters Cafe,4.2,216,N/A,"Delicious salmon lox and great service! The salmon tasted very aromatic and the bagels tasted fresh. I highly recommend getting them toasted. The service was great. The check comes with a Russ & Daughters postcard, and when I took a picture of it, another waiter noticed and quickly gave us a couple more postcards. I also said the word ""dessert"" and my table's waiter immediately started pointing out the dessert options.",5,"Apr 28, 2023",N/A
Russ & Daughters Cafe,4.2,216,N/A,"The bagels are amazing. Everything else, not so much.  The matzah balls fall apart while heating, the rugelach isn't fresh as it should be! Just stick to the bagels and you'll be fine.",3,"May 25, 2025",N/A
Russ & Daughters Cafe,4.2,216,N/A,"Stopped in for a late morning bite. They don't take reservations, while it was busy my party of 2 was seated within 15 minutes. Started with the potato latkes with apple sauce and sour cream. Best latkes I've ever had. Ordered and shared the classic - smoked salmon with tomato onion capers cream cheese and choice of bagel - and the yum kippered - baked same otherwise the same as the classic. Both were amazing. Also ordered the pickle platter which was amazing. Finished with the bread pudding which was warm and delicious. Fun restaurant with great food and friendly staff. Has a bit of classic NYC LES deli feel to it. Also conveniently can stop at the Russ and daughters deli right near by.",5,"Jan 19, 2024",N/A
Russ & Daughters Cafe,4.2,216,N/A,"We arrived a few minutes before opening on the Friday after Turkey Day. Almost no line and the place never got crowded (a very off day). Service is always good and the selections are huge. We had the omelette with veggies and ""Lower Sunny Side"" and 2 freshly brewed decafs. A nice and tasty breakfast. Pete Wells was spot on this time. Recommended! Damages with tip for 2 was $70 - hey this is NYC!",5,"Nov 27, 2023",N/A
Russ & Daughters Cafe,4.2,216,N/A,"We happened to be in town the weekend after they reopened after a 2-year COVID closure. We went early - arriving 10 minutes before they opened - expecting a line - but were FIRST (a first for us). A small line formed soon but surprisingly the cafe only got about half full. Guess the word is not yet out that they are back. I expect that many of the staff were new (in fact our server said he just started) but things are running well. We had coffees and juices and the ""Lower Sunny Side"" and ""Lox, eggs, and onions"". Both entrees at $22 each. All swell and the quality and authenticity that you expect from R&D. Damages with tip was $75. Food       5/5 Service   4/5 Value     3/5 (hey this is NYC!) Cleanliness  5/5 Noise     5/5 (a quiet crowd) Decor     5/5 Go early and enjoy!",5,"Nov 27, 2023",N/A
Russ & Daughters Cafe,4.2,216,N/A,"This is a real treat and HIGHLY recommended. We had usually used their other store for takeout. We got one of the last tables (845 AM) before the crowds and wait began. Service was excellent and who could not like the food. The only downside vs. takeout from their other store is that there are only a few salmon types available (vs. a zillion). Coffees (with free and frequent refills!). Entrees were various bagels with salmon, ""Lower Sunny Side"", and granola. You will not be disappointed. Food            5/5 Service        5/5 Value           4/5 Cleanliness  5/5 Noise           4/5 (you can talk) Decor           4/5",5,"Nov 27, 2023",N/A
Russ & Daughters Cafe,4.2,216,N/A,"This is an excellent spot for amazing and flavorful food! I'd been here before and it was nice to return and enjoy the great offerings. I went for the Classic Board and it did not disappoint - it included a fresh bagel and wonderful smoked salmon with all the accompaniments. Everything tasted great and one can tell that the quality is top-notch. The setting is like a chic diner - it's a wonderful space to be in. We experienced warm and friendly service...the host and server treated us very well and it helped to ensure a memorable experience. This place is very popular, so make sure to plan accordingly; if you arrive at typical brunch times, expect a long wait.",5,"Mar 22, 2024",N/A
Levain Bakery,4.5,418,N/A,"Levain can do no wrong in my book as I'm a fan of well balanced chocolate chip cookies. I appreciate some crunch and some mushy and measuring chocolate chips with one's soul. Plus their cookies are generous which is perfect for sharing! I tend to like a sprinkle of salt as well and that may be the only thing missing from their cookie selection. I just stick with the classic. The past few times I've been, I've ventured out of chocolate chip cookies and have tried their cakes. The seasonal ginger one is so delightful. I appreciated the spicy kick and it was a big hit with young and old. Sadly, I tried to repurchase recently and was told it was an autumn special. I've tried their banana choc chip cake loaf as well, and love that the banana taste really comes through. Not too sweet. In terms of customer space, this location is teeny with lots of offerings so you often see people hanging out outside waiting for some space to clear to place an order. With two registers, however, everything tends to move quickly. This is a great location for us uptowners!",5,"Jan 12, 2026",N/A
Levain Bakery,4.5,418,N/A,"Yodalis, thank you for being such a loyal fan of our Frederick Douglass Boulevard bakery! We're so glad you've been enjoying both our classic treats and seasonal cakes. Your feedback about our Harlem location is much appreciated! Sincerely, The Levain Team",5,"Jan 12, 2026",N/A
Levain Bakery,4.5,418,N/A,Absolutely amazing cookies. We had a caramel coconut chocolate chip and it was the perfect balance of salty and sweet. It also felt especially soft. Also had the seasonal lemon cookie and it was the perfect amount of lemon.  It's a small store front but they still had the full selection. Also love the little levain postcards,5,"Apr 11, 2026",N/A
Levain Bakery,4.5,418,N/A,"Zoe, we're thrilled you enjoyed both treats at our Frederick Douglass Blvd bakery! That combination of flavors really hits the spot, and we're so glad the seasonal option was a winner too. Thanks for noticing those postcards - they're a fun little touch we love sharing! Warmly, The Levain Team",5,"Apr 11, 2026",N/A
Levain Bakery,4.5,418,N/A,"Wow, wow... and yes, WOW. Levain Bakery is not playing fair in the cookie game. Coming from Miami, where most cookie vendors leans on the side of extra sweet, Levain somehow gives you all that richness without doing the absolute most. It's bold, it's indulgent, but it knows when to hold back. Much respect to their game. I told myself I'd be responsible and got a tin so I could bring them home for the hubbs, because growth and our highly favorable co-dependency. Meanwhile, my friend got hers warmed and handed me a piece of the chocolate chip walnut... and I almost melted, it was just incredible. From there it was downhill, in the best way. I ordered pretty much everything. After arriving home we enjoyed them all together, but the dark chocolate chocolate chip and that caramel coconut? Yeah... those two stood out to me the most. Now the real question. When are they coming to South Florida? Because I'm not trying to catch flights every time I need this level of happiness.",5,"Apr 29, 2026",N/A
Levain Bakery,4.5,418,N/A,"Shikira, thank you for bringing your husband's cookies all the way back to Miami and for sharing such a thoughtful review of your visit to our Frederick Douglass Blvd bakery! We're thrilled you got to sample so many varieties, especially the dark chocolate chocolate chip and caramel coconut. Hope to see you soon! Warmly, The Levain Team",5,"Apr 29, 2026",N/A
Levain Bakery,4.5,418,N/A,"The fall spiced chocolate chunk was very good. The chocolate and molasses were perfect together!!! As always the walnut chocolate chip and the double chocolate chip were perfect. The double chocolate chip cookie was still a bit warm. The peanut butter chocolate cookie was certainly a miss. It was very dry. I think of all the times I've been to levain, this is the first time I've been disappointed by one of the cookies.",4,"Oct 4, 2025",N/A
Levain Bakery,4.5,418,N/A,"Kristina, we appreciate your feedback on the peanut butter chocolate cookie. Thank you for visiting our Frederick Douglass Blvd bakery - we hope to have you back soon! - The Levain Team",4,"Oct 4, 2025",N/A
Levain Bakery,4.5,418,N/A,"World renowned bakery beginning back in the 90's recognized by The New Yorker and New York Times for their cookies! And cookies is what we got! Oatmeal Raisin, Lemon, Chocolate Chip Walnut, and a Caramel Coconut! In addition, one Blueberry Muffin. All of the cookies are moist but crunchy and they are HUGE! Absolutely delicious Quiet shop with small dine in, mostly takeout. Great friendly staff.",5,"Jun 11, 2025",N/A
Levain Bakery,4.5,418,N/A,"Norman, we're thrilled you enjoyed your recent visit to our Harlem bakery! It's wonderful to hear you appreciated the warm hospitality of our team members. We look forward to welcoming you back soon. Warmly, The Levain Team",5,"Jun 11, 2025",N/A
Levain Bakery,4.5,418,N/A,"Still one of the best cookies in the world! Im gonna keep this short and sweet. Cookies are great. Service is great. Nice that they added a lil table and chair out front so you could enjoy what ever you purchased on site. Prices are still decent, if you haven't been, what are you waiting for. To many location in this city for you not to indulge. Two thumbs up, Happy Yelping!",5,"Jul 27, 2025",N/A
Levain Bakery,4.5,418,N/A,"Bernice, thanks for your kind words and support! We're overjoyed you continue to enjoy our fresh-baked cookies. Having an inviting space to savor our treats is important to us, and we appreciate your feedback. Hope to welcome you back soon! Warmly, The Levain Team",5,"Jul 27, 2025",N/A
Levain Bakery,4.5,418,N/A,"The best warm chocolate walnut chunky cookie I ever had. The girl was nice enough to give it to me fresh out of the oven, it will go so well with some vanilla ice cream in the  summer season or anytime. It was quite small inside, mostly all bakery. I would try some of the other goodies on my next visit, but this one was for the cookie. A very darn good cookie. If im not up for baking myself, this is the place to make my order.",5,"Jul 27, 2025",N/A
Levain Bakery,4.5,418,N/A,First time having levain and it was so delicious!! Tried the caramel coconut chocolate chip - highly recommend!!! The coconut was not overpowering This was ordered via delivery and it was still warm when it got here,4,"Feb 14, 2025",N/A
Levain Bakery,4.5,418,N/A,"Hi Gloria, we're thrilled to hear that your first Levain experience was a hit! The caramel coconut chocolate chip is indeed a delightful choice, and we're glad you enjoyed the balance of flavors. It's fantastic to know that your delivery arrived warm and ready to enjoy. Thanks for recommending us, and we hope to bring more deliciousness to your doorstep soon! - The Levain Team",4,"Feb 14, 2025",N/A
Levain Bakery,4.5,418,N/A,"Heard this was one of the top ten cookies in the country and I'd have to agree. I did only try the vegan chocolate chip walnut cookie and it was delicious. They were massive cookies, thick junts for sure but so good. Service was nice and I really liked the outside seating to try these cookies. I will say that eating the fresh is the best way to consume these delicious cookies.",5,"Aug 27, 2025",N/A
Levain Bakery,4.5,418,N/A,"Khalidah, thank you for the kind words about our vegan chocolate chip walnut cookies! We're so glad you enjoyed the fresh, handmade quality. Please visit us again soon. Sincerely, The Levain Team",5,"Aug 27, 2025",N/A
Levain Bakery,4.5,418,N/A,"Walked in just now at 11am on a Saturday to a staff member petting a customers dog.  Not cool!  She should not be stepping from behind the counter to pet anyones dog!   Dog hair is visibly moving around and landing near the customer!  Then they offer her a free sandwich like she is encouraged to come around with her untrained non-service dog!   Not cool!  This is a bakery!  Not a dog park! There's no seating, this should never happen!",1,"Feb 28, 2026",N/A
Levain Bakery,4.5,418,N/A,"Septima, we sincerely apologize for the disappointing experience. This doesn't reflect our standards, and we'd appreciate the opportunity to learn more details at info@levainbakery.com so we can turn this experience around. Sincerely, The Levain Team",1,"Feb 28, 2026",N/A
Levain Bakery,4.5,418,N/A,"I'll say it again too! Adding to all the others. That chocolate chip walnut cookie is the bizness!  Especially when they sell you one fresh off the #ovenrack!!! The structure of it allows the cooking process to leave that center, doughy goodness. I love how it camouflages the walnut surprises.  Totally worth the calories!",1,"Feb 28, 2026",N/A
Levain Bakery,4.5,418,N/A,"These cookies were so moist and filling. The service was great & it's a cute lil to-go spot to order your cookies from so be swift! Although the walnut chocolate chip is the most famous, I loved the double chocolate cookie as well as the peanut butter chocolate. I found the chocolate batter cookies to be super moist and just very flavorful melt in your mouth good. It had that mouth feel that I crave & love. Hot tip: order your cookie with a flat white and you'll get an adult version of cookies and milk",4,"Jun 6, 2025",N/A
Levain Bakery,4.5,418,N/A,"Kathy, thank you for visiting our Harlem bakery and sharing your kind words! We're delighted you enjoyed our signature cookies, especially the double chocolate and peanut butter chocolate varieties. Warmly, The Levain Team",4,"Jun 6, 2025",N/A
Levain Bakery,4.5,418,N/A,I have been coming to Levain for years.  It's just the right amount of sweetness in a cookie.  I tired the coconut caramel chocolate chip cookie and I was blown away. I wish I would have purchased more. The service was nice and sweet like a cookie shop should be. The location was clean.  I will be back.,5,"Jun 22, 2025",N/A
Levain Bakery,4.5,418,N/A,"Tae, thank you for being a loyal Levain customer over the years! We're delighted you enjoyed our new coconut caramel chocolate chip cookie and that our team provided excellent service at our Harlem bakery. Your kind words brighten our day. Warmly, The Levain Team",5,"Jun 22, 2025",N/A
Levain Bakery,4.5,418,N/A,"i've always been curious about this place as i've heard great things about it. so when i was in town i made sure i made a stop here. so before heading to the airport i stopped by and ordered their top sellers. my favorite was the chocolate chip with nuts. two days later, the cookies were still as good as the day i bought them.",5,"Jun 2, 2025",N/A
Levain Bakery,4.5,418,N/A,"Maribeth, we're thrilled you enjoyed your first visit to our Harlem bakery! It's wonderful to hear our signature chocolate chip walnut cookies traveled well and delighted you days later. We take great pride in using quality ingredients to craft fresh, delectable treats daily. Thank you for your kind feedback - we truly appreciate it! Warmly, The Levain Team",5,"Jun 2, 2025",N/A
Levain Bakery,4.5,418,N/A,"We've heard of Levain Bakery being one of the bakeries to check in New York. We got the coconut chocolate chip cookie and it was so chewy and delicious, especially after our long walk through Central Park. We wished the cookie could be warmed up prior to handing it over - we didn't get the chance to go back to ask since the line got longer and we wanted to go to the Bethel Gospel Assembly service on time. I got to eat the cookie with a cup of coffee which enhanced the taste for me! Entering the shop you can tell it's a lovely bakery. It smelled so good as soon as you entered the space.",4,"May 10, 2025",N/A
Levain Bakery,4.5,418,N/A,"Michelle, thank you for your feedback and for visiting our Harlem bakery. We're delighted you enjoyed the coconut chocolate chip cookie, and we appreciate the suggestion. Our team takes great pride in handcrafting each batch from scratch daily using simple, quality ingredients. Sincerely, The Levain Team",4,"May 10, 2025",N/A
Levain Bakery,4.5,418,N/A,"This cute little bakery shop comes with an array of sweets treats. They are generous with their portions, and the service was swift, polite, and efficient.  Sweet treats right in the heart of Harlem. We had an assortment of the Lemon Cake, Oatmeal Cookie, Raisin Bread, Sour Cream Coffee Cake, and Banana Chocolate Chip cookie with a vanilla chai latte with oatmilk My favorite was the lemon cake. I thought the sour creme coffee cake would be the best, but it needed more cinnamon for me. I could see myself dropping in here again and again. There is no seating, just a grab and go spot. Although there are lawn chairs out front, those look like they are there for decoration...lol",4,"Aug 29, 2023",N/A
Levain Bakery,4.5,418,N/A,Service was not great when I visited on 1/15 at 11am. I asked for suggestions and the employee looked at me as if I was crazy. I spent $100 there and expected to be treated much better,2,"Jan 15, 2026",N/A
Levain Bakery,4.5,418,N/A,"Candy, we sincerely apologize for the disappointing experience you had at our Frederick Douglass Blvd bakery. We'd love to learn more details about what happened and work to turn this experience around - please reach out to us at info@levainbakery.com. Sincerely, The Levain Team",2,"Jan 15, 2026",N/A
Levain Bakery,4.5,418,N/A,It was great but get it warmed up or it just taste very much like a cake (more flour makes it cake like and less cookie)... recommended to add icecream!,5,"Feb 4, 2026",N/A
Levain Bakery,4.5,418,N/A,"Ynez, thank you so much for the fantastic review and helpful tip! We love that you enjoyed your experience at our Frederick Douglass Blvd bakery location, and your suggestion about pairing with ice cream sounds absolutely delicious. We appreciate you taking the time to share your thoughts with us! Sincerely, The Levain Team",5,"Feb 4, 2026",N/A
Levain Bakery,4.5,418,N/A,Love the cookies but found it a little unsanitary because the young lady never changed her gloves. She handled  the money and cookies  with the same gloves.,3,"Sep 1, 2025",N/A
Levain Bakery,4.5,418,N/A,"Keisha, thanks for your feedback and for visiting our bakery. We're sorry to hear your experience fell short. Please feel free to email us at info@levainbakery.com if you'd like to share any other details. Sincerely, The Levain Team",3,"Sep 1, 2025",N/A
Levain Bakery,4.5,418,N/A,"Hard to give 5 stars to a take-out only place, but my cookie was so delightful and memorable several months later. Decently friendly service. Fast and fresh -- and no wait!",4,"May 30, 2024",N/A
Levain Bakery,4.5,418,N/A,"Thank you for the kind words. We're thrilled to hear that our cookie left a lasting impression on you. We can't wait to welcome you back for another delightful treat soon! Warmly, The Levain Team",4,"May 30, 2024",N/A
Levain Bakery,4.5,418,N/A,"I like this Levain location because it's not too busy, it's on my way to Lidl and the 125th shops, and they generally have all the seasonal flavors/cookies stocked. Their staff is friendly and it's clean. This time around I tried the seasonal dark chocolate peppermint cookie and it was excellent! So, excellent that I forgot to take a picture before I ate it haha. I also grabbed a holiday tin for my family! They put out the cutest designs each year.",4,"Jan 10, 2025",N/A
Levain Bakery,4.5,418,N/A,"Hi Taylee, thanks for stopping by our Harlem bakery and sharing your experience! We're thrilled to hear you enjoyed the seasonal dark chocolate peppermint cookie. We hope to see you again soon. Warmly, The Levain Team",4,"Jan 10, 2025",N/A
Levain Bakery,4.5,418,N/A,"Yummy, thick, gooey burst of heaven in every bite! I stopped in here in my way to a colleague's get together. I had no wine but I saw this spot and was like wow!, it's right here. So I ordered a dozen assorted cookies nuts/no nuts, my gf has a severe allergy. Service was quick even with it filling up. Hopefully I will be back in the neighborhood",5,"Nov 6, 2022",N/A
Levain Bakery,4.5,418,N/A,LeVain Bakery at this location is a straight walk for me up Central Park West. Central Park West turns into Frederick Douglass Boulevard and LeVain is easy to find in this busy neighborhood. I'm usually going to see a lot of places when I walk this far. I typically get a cookie to go and eat it when I stop somewhere to rest. I've never been to a LeVains where service wasn't friendly and timely. Employees know their business and get you on your way promptly. I'm definitely going to return and I'm recommending this location to you too. Just look at the reviews and photos. My mouth is watering thinking about the cookies and the Blueberry Muffin. I didn't care for the pound cake because the filling was too sweet. Other than that I've never been disappointed. It's still my favorite cookie of all time!!,5,"Oct 20, 2022",N/A
Levain Bakery,4.5,418,N/A,Levain bakery met my expectations! I had a coffee and a lemon cookies! The lemon cookie was sorta dry on the outer edges but moist as you made your way to the middle. The customer service was really good and overall a good sweets and coffee spot!,4,"Mar 28, 2024",N/A
Levain Bakery,4.5,418,N/A,"Thank you for visiting! We're happy to hear you enjoyed our seasonal cookie and coffee. Your feedback is valuable to us, and we're glad you had a good experience overall. We look forward to welcoming you back for more sweet treats soon. Warmly, The Levain Team",4,"Mar 28, 2024",N/A
Levain Bakery,4.5,418,N/A,"This is the best place to get fresh cookies, coffee or tea.  Always friendly , always fresh I can't say enough good things about them. Sometimes there's a line out the door, trust me we'll worth the wait.",5,"Dec 6, 2025",N/A
Levain Bakery,4.5,418,N/A,"John, we're absolutely thrilled to hear about your wonderful experience at our Frederick Douglass Boulevard bakery! Your kind words about our team and treats truly make our day. We love hearing that you think the wait is worthwhile - that means everything to us. Sincerely, The Levain Team",5,"Dec 6, 2025",N/A
Levain Bakery,4.5,418,N/A,"I think about this cookie ...a LOT. When I first tried it that day, I thought you know it's a solid cookie. Have I had better though? The trip I took to New York that time had so many sad moments to it, but honestly this cookie was such a pick me up through a rough moment. Looking back, it was delicious, it was filling, it was THICC, and I would even say worth the price. The cookies are rich with butter and you can definitely taste the freshness of them. I think you can even ask to have them warmed up. The line at Levain moves fairly quickly, it's a grab and go service with small standing tables on the sides of the bakery. You can definitely stand and eat your cookie if you choose to! Space clears up quite quickly. The employees are very helpful when recommending options depending on the flavors you like. Definitely go, and bring your loved one back one too!",5,"Dec 8, 2022",N/A
Levain Bakery,4.5,418,N/A,"Ordered a few times from this location and have yet to have any issues. Order is always correct and is always packaged nicely. Cookies are phenomenal. My favorites are vegan and GF chocolate chip (which says a lot since I'm not the biggest fan of classic chocolate chip cookie) and oatmeal raisin cookie. They also had a lemon cookie that I loved but seem to take that off the menu. Brioche with cinnamon butter and oatmeal raisin scone are a couple of other items that I enjoy. Though a little pricey, the portions for most items are pretty big so would definitely order from here again!",4,"Aug 11, 2024",N/A
Levain Bakery,4.5,418,N/A,"Thank you so much for your kind words and for being a repeat customer! We're thrilled to hear that you've enjoyed our cookies and other treats. We appreciate your feedback on the seasonal lemon cookie and will definitely share it with our team. As for the pricing, we hand-make everything fresh daily using simple and quality ingredients, which is reflected in our prices. Thanks again for your support and for taking the time to share your experience. We look forward to serving you again soon. Warmly, The Levain Team",4,"Aug 11, 2024",N/A
Levain Bakery,4.5,418,N/A,"This by far has been the BEST cookie I've ever had in my life!? It's been years since I've moved away from NYC and I still have yet to meet a cookie as delicious as these ones! The chocolate walnut chip cookies are my absolute favorite!?! It has the crispy shell on the outside, but once you bite into it, you have the gooey cookie dough in the inside. It's soft and fluffy and a whole lot of cookie! I would always think that I couldn't finish the cookie in one go...but, I literally can't stop eating it...and then suddenly the cookie vanishes! The other treats are just as wonderful. The oatmeal raisin cookie is also very delicious as well. The best part is having freshly baked cookies right out of the oven. It just melts in your mouth and the rush of pure happiness in each bite. I still dream about these cookies and I know this will be the first stop I make when I return to NYC again!?!!",5,"Jan 16, 2022",N/A
Levain Bakery,4.5,418,N/A,"I just had a really unsatisfactory experience with this location. My husband and I had visited this location a few months ago and we saw they carried big beautiful bread. We saw what we considered to be a challah. I'm aware that the primary goods here are cookies. I simply called to ask if they had any challah. I was abruptly told many times and was laughed at that they never had challah and whatever I saw basically I was wrong. Whether I was wrong or right, my feelings were hurt. I didn't like how I was treated over the phone at all. I'm really disheartened at this interaction.",1,"Feb 28, 2025",N/A
Levain Bakery,4.5,418,N/A,"Erica, we sincerely regret the disappointing phone experience you described. We appreciate you taking the time to provide this feedback. Please feel free to email us at info@levainbakery.com if you'd like to discuss this further. We hope you'll give our Harlem bakery another opportunity to provide you with a much more enjoyable experience. Warmly, The Levain Team",1,"Feb 28, 2025",N/A
Levain Bakery,4.5,418,N/A,"Talk about a tasty cookie! My football team won tonight, and we bet a chocolate chip cookie as the prize. Levain was right next to the Harlem Tavern, so the famous shop was a no brainer. Small, clean and well lit with a full bakery cabinet and plenty of options even though it was 645pm. My friend chose the caramel coconut chocolate chip cookie for us (when I was leaning towards a basic CC) and I'm glad he did. It was magnificent! Perfectly undercooked, many layered deliciousness! I bought a mini wheat raisin roll to just to try it, and it was great too. Crispy on the outside and gooey on the inside. Would be even better toasted with some salty butter. While sitting there at the wrap around bar on some stools, the sweet server said she had accidentally bent an oatmeal raisin cookie and couldn't sell it. Would we like it. Ummm, YES please! Again, so good! Took half of it home. We have a bet going on the SF/Detroit game and there's a Dark chocolate peanut butter cookie riding on it. Can't wait to collect my booty!! Go SF!",5,"Jan 28, 2024",N/A
Levain Bakery,4.5,418,N/A,"When in rome ... so yes, I had to try the famous Levain chocolate cookie! Agree with other reviewers .... covid safety protocol and service are solid. The location is clean, bright and well organized. Now onto the cookie. .. my friend got the double chocolate peanut butter cookie and that to me is the hands down winner! It was perfect in every way - just the right amount of peanut butter chips to chocolate cookie ratio ... it was creamy and a nice contrast in flavor to solely chocolate chips and chocolate dough cookie. It was also perfectly baked throughout where the edges had it's nice crunchiness to it and the middle was baked through. I had the chocolate chip cookie which had a huge amount of chocolate chips ... too much for me as there was barely enough cookie per bite. The edges were also nice and crispy/crunchy but the middle seemed a little under baked for me. Still giving this 5 stars as I think it's personal preference on doneness as the double chocolate peanut butter cookie was spot on. Came back to by 6 for the family back at home.",5,"Sep 21, 2021",N/A
Levain Bakery,4.5,418,N/A,My cousin said the best oatmeal cookies he'd had. Next to subway station. Must try cookies on East Coast.,5,"Dec 22, 2024",N/A
Levain Bakery,4.5,418,N/A,"Thanks so much for sharing your cousin's high praise for our oatmeal cookies! We're thrilled to hear they made such an impression. Being conveniently located next to the subway station makes it easy to grab a treat on the go. We hope to see you both again soon for more East Coast cookie adventures! Warmly, The Levain Team",5,"Dec 22, 2024",N/A
Levain Bakery,4.5,418,N/A,"Cookie monster here! Omg best cookies in the entire world! And look how ginormous it is, a must try in NYC! Location: It is located in Upper West side, interior is small and only take out! Service: not really interact with them, just buy and go! But you might ask them if it is your first time! Food: Everything was so delicious and ginormous! You will love all the flavors! CHOCO CHIP WALNUT: this the original flavor, this is so good! Best choco chip cookie I had! Big chunks of chocolate inside! DARK CHOCOLATE CHIP: omg so dark and gooey! Perfect for tea! DARK CHOCOLATE PEANUT BUTTER: this is my favorite!! A must if you go! The chunks of peanut butter pieces is just heavenly good! I don't usually like peanut butter but this is an exemption! CHOCO CHIP BRIOCHE: meh, sorry this is the list I like here, the brioche itself is hard and taste old, maybe only that day. So just by cookies! Price rating: 7/10, the price matches all the deliciousness! Not bad for all the goodness. Been here multiple times so I am sure I am going back for the gooey deliciousness cookies! Get the DARK CHOCOLATE PEANUT BUTTER!!",5,"Jan 25, 2021",N/A
Levain Bakery,4.5,418,N/A,Most decadent cookies! Cooked perfectly! A little crispy on the outside and soft on the inside!,5,"Oct 6, 2024",N/A
Levain Bakery,4.5,418,N/A,"Mary, we're thrilled to hear you enjoyed our cookies. Thanks for sharing your love for our decadent treats. We can't wait to bake up more deliciousness for you soon! Warmly, The Levain Team",5,"Oct 6, 2024",N/A
Levain Bakery,4.5,418,N/A,"All the cookies we tried were incredible. The chocolate is gooey and the cookies are huge! My favorite is either the double chocolate or the oatmeal raisin! I don't like raisins- I'll eat them if I have too but I usually pick them out. But their oatmeal raisin cookie is incredible! The texture, the taste- impeccable... except for the raisins. If there was a plain oatmeal cookie, it would easily be my favorite. We also tried the two chip chocolate chip and the fall chocolate chunk. They were both good as well. I like the combination of different types of chocolate. It adds another dimension of flavor to the cookie. Personally, as much as I love chocolate, there was too much chocolate for me... you couldn't really taste the actual cookie component that much. Fall chunk is good if you like gingerbread- you can taste the other spices as well but ginger is the most prominent. I placed a pickup order to avoid any possible line. Service was good and the order was ready on time. This bakery location is small with limited space inside to eat. Overall, I will definitely be returning!",4,"Nov 29, 2023",N/A
Levain Bakery,4.5,418,N/A,"tldr: bomb-ass cookies that are baked FRESH throughout the day. Cookies with chocolate chips in them are a win in my book. YUM! Just delicious!  any cookie with chocolate chips in it for me is a win. The Double Chip Chocolate Chip cookie is A LOT of chocolate!! However it's ooey and gooey!! YUM. So just know you'll need space in you tummy to get this down cuz the cookies are pretty thiqq - in a GREAT WAY!!! So good. I especially LOVE that they bake all day so you always have it fresh.  pike I said: they're amazing! I highly recommend AND I love this bakery! Such a good product!! With friendly, professional service!",5,"Jan 14, 2024",N/A
Levain Bakery,4.5,418,N/A,"Is this a rhetorical questionDah‼The Two Chip Chocolate  Chip cookie  is heavenly divine. The staff, especially in Harlem, NY are AMAZING & stellar‼",5,"Nov 12, 2022",N/A
Levain Bakery,4.5,418,N/A,"Time and time again Levain hits the spot! Haven't found another cookie like them, and I'm not sure I want to! Love this location because it's always quick and never crowded. Staff is always a pleasure, too. The only problem I can think of is that I can never walk out with just one cookie... Hope everyone else has the same problem!",5,"Sep 1, 2022",N/A
Levain Bakery,4.5,418,N/A,"Food: Chocolate Chip Walnut 10/10 Double Chocolate Chip 7/10 Dark Chocolate 6/10 Dark Chocolate Peanut Butter 9/10 Tea 4/10 wouldn't order again These cookies are verryyyy decadent. Honestly one cookie is enough for me in one sitting. Walnut is my absolute fav. Peanut butter was also a great second runner up. The double chocolate was a little too much. I had to take breaks to finish this cookie because it is so rich and decadent. Dark chocolate is meh. Service: 10/10 very quick, efficient and polite",5,"Jun 1, 2022",N/A
Levain Bakery,4.5,418,N/A,"These cookies never fail. Opted for the chocolate walnut cookie this time! Chewy, warm, decadent...simply amazing!",5,"Dec 14, 2023",N/A
Levain Bakery,4.5,418,N/A,"You can always count on us, Mario! See you soon. Best, The Levain Team :)",5,"Dec 14, 2023",N/A
Levain Bakery,4.5,418,N/A,Got there chocolate chip walnut cookie with whole milk and it was pretty good! Compared to a normal cookie the cookies here are very thick. The edges are still crispy but the middle part is very soft and doughy. The walnut adds a perfect crunchiness and counters the sweetness of the chocolate. The cookie here is pretty good but i don't think it was mind blowing or life changing as it is very hyped up.,4,"Jul 17, 2022",N/A
Levain Bakery,4.5,418,N/A,"First, I am a cookie enthusiast. Second, I am alway in search of the best, chewiest and rich ingredient filled cookies. I stopped here with a friend who swears by these baked goods. This cookie DOES NOT DISAPPOINT! At the whopping price of $5.00 it is well worth the value. The cookie is ""plump"", so it's not some thin treat. I had the chocolate chip walnut and I tried a nibble of the oatmeal raisin. I may just return tomorrow to get some cookie to go home with.",5,"Apr 25, 2022",N/A
Levain Bakery,4.5,418,N/A,"Dropped by on my way back to Philly. As with most places in the city, parking was a pain ... however I was determined to try one of these infamous pounder cookies. I am so happy that I was able to secure parking on a side street! I oh so very quickly dashed over to pick up some sweets for the ride home. I ordered a blueberry muffin, a walnut chocolate chip cookie, and a cinnamon brioche. The blueberry muffin was a great road snack (I ate half and saved the other half for breakfast the next day). Super moist and packed with blueberries! The brioche...meh! Either it was old and dried out or I received a bad batch. I love cinnamon or coconut on just about anything but I was highly disappointed with this treat. Good thing it was not what I came for. I would not order it again. Now about that walnut chocolate chip cookie... OMG! What a gooey, chewy, chocolate chip goodie!! To be honest, I can not and did not, finish this treat in one sitting. I cut 1/4 piece, wrapped it in foil, and lightly warmed it in the oven. Best way to have it! It was so soft and went perfect with my evening tea. The $4 price tag is not that bad either. Especially considering the size. I enjoyed that cookie for several days.",4,"Mar 21, 2020",N/A
Levain Bakery,4.5,418,N/A,The cookies are to die for. I had the chocolate chip ball cookie when some coffee and was totally blissed out for like an hour,5,"Aug 24, 2024",N/A
Levain Bakery,4.5,418,N/A,"We're thrilled to hear that our chocolate chip walnut cookie paired with coffee brought you so much joy. Thanks for sharing your experience and for the awesome rating. Hope to see you again soon for another round of cookie bliss! Warmly, The Levain Team",5,"Aug 24, 2024",N/A
Levain Bakery,4.5,418,N/A,"The best cookie I have ever had in my life. I'm always here whether it be for a snack, post-exam treat, or picking cookies up as gifts for friends or to travel with. I recently brought a dozen with me to Atlanta for a Thanksgiving dinner and they were an absolute hit! All 4 flavors are amazing but my favorites are the chocolate peanut butter and the oatmeal raisin. These are normally cookies I would not prefer but Levain Bakery has completely changed my opinion of them. Can't get enough of these massively delicious cookies that have the best flavors and textures a cookie could possibly have!",5,"Dec 5, 2019",N/A
Levain Bakery,4.5,418,N/A,I had the chocolate walnut cookie which is the most popular item. It was nice and crunchy on the outside and gooey on the inside. A little treasure-a must stop!,4,"Feb 28, 2023",N/A
Levain Bakery,4.5,418,N/A,"Super quick service from this location! I had never been before so had to check out the hype with Levain bakery! I went on a Saturday morning around 10:30 AM and there was no line so I didn't have to deal with the crazy lines every one's always talking about. I got the two chip chocolate cookie and my mom got the famous walnut one. I found that the two chip one was extremelyyy sweet (even for someone who absolutely loves chocolate and sweets). I didn't try the walnut one because I'm allergic to it but both my mom and brother said they couldn't even taste the walnuts and agreed it was too sweet. As the price point, I thought $5 was completely reasonable since the cookie was HUGE. Overall, if you like Levain Bakery, it's probably best to go in the mornings since it seems to be there are less lines but not sure if I would personally be going back!",4,"Mar 14, 2023",N/A
Levain Bakery,4.5,418,N/A,"I first discovered Levain Bakery because they won NYC's Munch Madness 2016 for their walnut chocolate chip cookie. I am so glad I did! Their cookies if we can call them that are in a league of their own. Instead of being flat, they are tall, round, and incredible moist. Beware, each cookie packs in about 600-700 calories. I once made the mistake if giving a whole cookie to each of my children. I knew the cookies were over the top when my children couldn't even finish the cookie and said they were full. That has never happened before. Since 2016, my favorite cookie has become their oatmeal raisin -- cranberry raisin? -- cookie. Its crumbly and moist texture makes it a cross between a scone and a cookie and is the best oatmeal cookie I've ever had. My kids have gravitated more towards the double chocolate cookie as well. Of late, the walnut chocolate chip cookies have been sightly undercooked, with a gooey center of undercooked cookie dough. I told the bakery and they said I should just wait to eat it because it is like that when it is fresh out of the oven. So, basically, they didn't believe me! I ate it 1 hour, 6 hours and 12 hours after purchasing and it was still undercooked in the center. I will still eat this heavenly dessert, but it makes me think twice before buying it as a gift for someone.",5,"May 23, 2019",N/A
Levain Bakery,4.5,418,N/A,I really enjoy the cookies and the cake my only issue is the cake slices are VERY SMALL. And there's no incentive when you buy any cookies like any coupon.,3,"Feb 2, 2025",N/A
Levain Bakery,4.5,418,N/A,"Hi Beverley, thanks for sharing your thoughts with us. We're thrilled to hear you enjoy our cookies and cake. We appreciate your feedback and hope to have you back soon! Warmly, The Levain Team",3,"Feb 2, 2025",N/A
Levain Bakery,4.5,418,N/A,"You can avoid the lines by trying this location of the bakery chain. I got a dark chocolate peanut butter chip cookie: to me, I still think they bake their cookies too little. Most of the cookie I got was uncooked inside, and made me nauseous. It tasted good, but it's not what I look for in a cookie, which must be baked all through. No reason to go back.",2,"May 18, 2019",N/A
Levain Bakery,4.5,418,N/A,"While celebrating my Bestie's birthday an impromptu trip to Levain took place as we waited for another party member. Small shop with great service and a bunch of goodies to choose from.  With a cookie explosion seemingly taking place in the city Levain is a long time contender and a good competitor. However they are not a one trick pony. They do Cookies, Cakes, Muffins, Coffee and etc. I honestly couldn't remember if and when I had Levain's previously and with an unofficial Cookie Challenge presented to me by fellow yelper Alana D. I was intrigued to try a cookie as I purchased my bestie a very large slice of lemon pound cake. The chocolate chip walnut cookie was oversized full of chips and a good amount of walnuts that didn't overpower the cookie. Sweet and gooey and nice weather warm or not. Overall a good treat... let's face it, its hard to go wrong with sugar, chocolate and carbs. Lol Just A Note: As the cookies are big, the suggested cookie care instructions are recommended.",4,"May 15, 2019",N/A
Levain Bakery,4.5,418,N/A,"Just get extra for later, you're going to want more. The cookies are perfection. Indulge yourself because it's worth it.",5,"Jul 21, 2024",N/A
Levain Bakery,4.5,418,N/A,"Thanks for the sweet words. We're thrilled to hear you enjoyed our cookies. Hope to see you again soon for another round of cookie perfection! Warmly, The Levain Team",5,"Jul 21, 2024",N/A
Levain Bakery,4.5,418,N/A,"It is a sin to have cookies this good. Like I don't even eat cookies like that, sugar is evil as far as I am concern, but evil is this heavenly, then I have been sadly mistaken for most of my life. Take me back to New York, I need another monster chocolate cookie so I can live again. That just about sums it up!",5,"Aug 22, 2019",N/A
Levain Bakery,4.5,418,N/A,"I discovered Levain Bakery many years ago while living in NYC. It has been 16 years since I moved away, and they are STILL one of the few places I go out of my way to visit whenever I return to NYC. My favorites are their brioche, especially the chocolate chip version, and any of the cookies. Give them a try! You won't be sorry. P.S. Don't be deterred by a line. The wait is worth it!",5,"Nov 20, 2022",N/A
Levain Bakery,4.5,418,N/A,"Got the vegan cookie. Kinda expensive for a cookie, but it was a decent size. I'm glad I tried it, but I probably wouldn't go again. Definitely worth at least a visit.",4,"Apr 28, 2024",N/A
Levain Bakery,4.5,418,N/A,Thank you for giving our Vegan & GF Chocolate Chip Walnut cookie a try. We hope you'll reconsider and give us another chance to impress you with our delicious treats. Your support means a lot to us! -The Levain Team,4,"Apr 28, 2024",N/A
Levain Bakery,4.5,418,N/A,"Five dollars for a chocolate chip cookie is highway robbery. But I'll easily be robbed because those cookies were delicious. Next time I'll just come with cash because I think they do a surcharge if you pay with a card. The place is pretty busy and there was a line out the door, which kind of shows that It's a good place to eat at.",4,"Feb 21, 2023",N/A
Levain Bakery,4.5,418,N/A,"Not to be dramatic but I'd do anything for these cookies. They are a buttery and chocolatey amazing gift to earth with a nice crisp outside but super gooey and moist inside. I have a huge sweet tooth so I'm bias, but I seriously love these cookies and go every time I'm in New York. If you aren't a huge fan of sweets, I'd recommend getting some milk for the side to wash everything down with. YUM.",5,"Feb 27, 2019",N/A
Levain Bakery,4.5,418,N/A,"Banana chocolate.chip slice was tasty, moist and flavorful! Iced coffee was great! Will return!",4,"Sep 29, 2022",N/A
Levain Bakery,4.5,418,N/A,The cookies are good.  The service was quick and they were pleasant.  I ordered on line snd picked it up.  I would go back again.,4,"May 23, 2024",N/A
Levain Bakery,4.5,418,N/A,"Thank you for your kind words, Chrissy. We're delighted to hear you enjoyed our cookies and had a pleasant experience with our team. We can't wait to welcome you back for more delicious treats!  -The Levain Team",4,"May 23, 2024",N/A
Levain Bakery,4.5,418,N/A,"Not that Levain needs my review, but I will quickly say they deserve all five of these stars. Warm and slightly gooey on the inside every time. I always get the chocolate chip with walnut, but you can't go wrong with any of them. Always a stop I make if I'm nearby one of their locations.",5,"Oct 25, 2020",N/A
Levain Bakery,4.5,418,N/A,"It's a GIFT and a CURSE that I discovered that Levain Bakery was literally just around the corner from my Air BnB in Harlem on the LAST DAY that I was staying there. I bought one of each cookie (which was a small fortune) and brought them to my friends house as a hostess gift. We ended up opening a bottle of champagne and tasting each cookie. Chocolate chip walnut was my favorite. No wait, oatmeal raisin. The chocolate chip peanut butter was too rich. No, I take it back, just eat a small bite of it to feel completely satisfied. UNBELIEVABLE.",5,"Aug 25, 2018",N/A
Levain Bakery,4.5,418,N/A,"The staff is really nice and friendly. She indulged in my excitement to finally try Levain's. The cookies are better when warm. However, my only gripe with this place is that everything is $5 each. In my opinion, I don't think it's worth $5 for a cookie, but to each their own. It's still a must-try for foodies alike.",4,"Jan 19, 2023",N/A
Levain Bakery,4.5,418,N/A,Calling them a cookie is an understatement. It's a hefty pastry with a gooey moist interior. Think of a cross between a cake and cookie. It's 4 dollars for a cookie which astonishes me but it's literally a meal. You only need one!! My cookie was straight out the oven. So here is the trick. Give it an hour or so to firm up. The anticipation will kill you but it's worth it. The exterior gets nice and crunchy while the inside is still pleasantly soft.,5,"Aug 29, 2018",N/A
Levain Bakery,4.5,418,N/A,Levain is the best! They have a new cookie now with coconut. I like the classic but no coconut for me. The peanut butter chocolate is the best. The two chip chocolate chip is 2nd best but not by much. Love this spot and every location is consistent! 5 stars.,5,"May 9, 2023",N/A
Levain Bakery,4.5,418,N/A,This place is dangerous for your diet. The Walnut Chocolate Chip cookies are a must have.,5,"Mar 18, 2024",N/A
Levain Bakery,4.5,418,N/A,We're so glad you enjoyed! -The Levain Team :),5,"Mar 18, 2024",N/A
Levain Bakery,4.5,418,N/A,"My first bite of their famous chocolate cookie was a bit unimpressive. I got here 20 minutes after the opened, and there was no line. I got my cookie right away, but it was cold. Surprisingly, however, the chocolate chips inside were still gooey. What kind of sorcery is this?! Its a good cookie, but I don't think I would go out of my way for it.",3,"Sep 20, 2018",N/A
Levain Bakery,4.5,418,N/A,"Very good caramel coconut chocolate chip cookie! Texture was perfect, gooey inside, soft with light crunch texture outside. I would recommend! Service was very nice. Thank you!",4,"May 29, 2023",N/A
Levain Bakery,4.5,418,N/A,"A friend treated me to some desert here, we got some chocolate chip cookies and I had to try the Lemon cake (my favorite), unfortunately the lemon cake was too bitter for my taste but I fell in love with the chocolate chip cookies, so warm & Delish! Small little bake shop with very friendly workers. I'll be back for more cookies!",3,"Feb 12, 2023",N/A
Levain Bakery,4.5,418,N/A,"You know you are one special person if l bring you a Levain cookie or a slice of their amazing lemon, banana nut and walnut slices of cakes.....OMG!! The #1 reason l patronize this bakery frequently is also due to their excellent customer service. Like the one l had this Sunday 2/25/2024 at their Harlem location with the manager Destiny. Destiny was super courteous in making my very complicated order for 15 cookies and cakes were arranged correctly. She took her time in placing the cookies and cakes delicately in the boxes beautifully....appreciate it Destiny Also, she is also quite pretty!!!!",5,"Feb 26, 2024",N/A
Republique,4.2,635,N/A,"A very popular brunch spot in Los Angeles is Republique. I have been here a few times and have to say they are always busy with tourists, workers, and overall just wanting some good food.",5,"Apr 15, 2026",N/A
Republique,4.2,635,N/A,Cozy little corner coffee shop walking distance to Hollywood blvd it's a very clean and cute little pit stop before starting my day.,5,"Apr 3, 2026",N/A
Republique,4.2,635,N/A,One of the best brunches I ever had in LA! It's a wait until you get seated but the line moves pretty fast. We went around 12:30 and got a place to sit at 1:15 The restaurant closes at 2 pm for their brunch menu We ordered two omelettes one blue berry pan cake and one Turkish eggs. Everything was delicious right from coffee to croissant! Make sure you have time in hand before you go to this place :) absolutely amazing!!,5,"May 18, 2026",N/A
Republique,4.2,635,N/A,"Food is very decent, I would give a 4.5, I like their baked goods more. Their egg Benedict is ok, not bad for sure. Thick cut bacon is salty, and toast is very fresh. Ambiance is where it shines, very cool looking interior. Service is fine, they get what you ask for. Just beware parking is very hard, and wait time is long so plan ahead. Definitely a go to spot if you visit LA.",4,"May 18, 2026",N/A
Republique,4.2,635,N/A,"5 stars for food, especially the strawberry passion fruit pie and baguette, we love it The place is noisy and crowded if you like quiet time to eat and chat with friends, here is not a good choice. The price is high and they charged team benefits 4%.... We will come back for these delicious food.",5,"May 17, 2026",N/A
Republique,4.2,635,N/A,"While visiting Los Angeles, I had heard about this popular restaurant located in the mid-Wilshire area serving a variety of French inspired dishes and garnering high praises from visitors. I ordered the escargot, dover sole, salmon, prawns, fries and risotto.  Although, some dishes were good the majority were disappointing and totally missed the mark. The Salmon was lukewarm and was sent back. The Prawns were without question the biggest disappointment. By far these were the smallest prawns I've ever had anywhere and for the price one would've truly expected more. Overall, the meal was good but not great. The service was poor and lacked structure, creating a chaotic and rushed atmosphere. Throughout my entire dining experience and other than the times of me personally calling over my server, he was inattentive, lacked personality and never made me feel welcomed. Although, it appeared the staff worked as a team it never seemed cohesive and what one might expect from an establishment of this caliber. The restaurant was crowded but I did see several staffers seemingly with little to do, which is why the lack of table service surprised me. Kudos, to the manager who did walk over and apologized for the salmon and provided me with a $50.00 gift card towards a future visit. This was very thoughtful and appreciated.",3,"May 16, 2026",N/A
Republique,4.2,635,N/A,"A good friend and I went out for a celebratory dinner at Republique on Tuesday. Food was amazing, ambiance was great and service was very good! Great vibe all around so let's get into it. Ambiance: From what I understand the building dates back to 1928 and was commissioned by Charlie Chaplin as an office space. ...some office! It's kind of a mixture of French. Gothic meets Spanish colonial with high ceilings, dramatic archways, and really makes for an interesting restaurant atmosphere. One can tell that this was built during the Los Angeles boom. Where real money was spent on the electrical and romantic structures. I kind of felt like I was in a monastery or private Hacienda - very unique and very Los Angeles. Food: overall 5 stars. We decided to cleanse our pallet with a glass of Rene Geoffroy 1er cru, Expression champagne: 5 stars Velvety, fine bubbles. Very good depth to this wine - starts out a little crisp and mineral on the tongue, then turns into a brioche and kind of a dry chalky finish on the palate. My first time trying this champagne and I found it to be delicious and sophisticated; perfect accoutrement to our oysters. We were given an amuse bouche (see photo) and it was the most perfect bite. I don't even know how to begin to describe it so I'll just refrain. East and West Coast Oysters: 5 stars Fishers island and kumamoto with barrel-aged mignonette. Delicious and perfectly shucked. The kumamoto were a little creamy, but not too much and the fisher islands were perfectly briny, good firmness to them.  The mignonette had a bit of cracked peppercorns in it and that was quite interesting in a great way. My friend and I decided that we could both make a meal out of these oysters alone. Baguette: 5 stars wow. The best baguette this side of the Atlantic ocean.  Served with Rodolphe Le Meunier butter, this was a real treat. This baguette and butter will set you back $15 but it is worth every cent. I highly encourage everyone to order this and the waiters and other patrons will tell you the same. I'm so glad we did this. Japanese Hamachi Crudo: 5 stars Tender Hamachi served with a strawberry Thai basil nuoc cham... very unique and delicious dish. I would order again. I'm typically not the kind of person to mix sweet berries with savory food, but this was the perfect balance of texture flavors, sweet and heat. Caramelized Walla Walla Sweet onion tart: 5 stars This is a very interesting tart served with chunks of Applewood, smoked bacon and aged Gruyere. This eats more like a very thin crust pizza wonderful texture, crispy thin crust with sweet onion, jam, melted Greer cheese, and crispy yet chewy chunks of applewood smoked bacon. Great flavors great texture (see photo). Frederic Esmonin 2023 Pinot Noir: 5 stars I remember notes of black cherry red currants, more of an earthy and heavier wine compared to the lighter pinot noirs I've had before. Napa Valley Lamb Rack: 4 stars (5 star lamb, 3 star polenta). Mixed feelings about this one. Lamb was cooked perfectly.  Great on-the-bone flavor and I could have licked the lamb jus off my plate. The dish also had roasted baby artichokes which were good, but the issue we had was the polenta.  I've had polenta before, and I don't remember it being so sweet. The polenta does come with mushroom and merguez sausage to help bring some depth and savoriness to the dish but it needed more help.  We did not finish this side, and we were disappointed but it's not the end of the world. Opera Cake: 5 stars There are times where I wish I can make something so delicious that people will talk about it for days after they eat it. The opera cake is a solid 5 stars I dessert choice.  My friend and I are not big chocolate people, but our waiter highly encouraged us to give this a try, and since we were having a celebratory dinner, we decided that a cake was in order. The texture on this cake was amazing. Smooth ganache with light sponge cake, crispy layer of roasted hazelnut. Just the right amount of richness and decadence. I'm glad we went out of our comfort zone and ordered the opera cake.  I highly recommend this dessert. Service: 5 stars. Jared was a waiter and he was attentive, possessed a good knowledge of the menu items and was able to offer helpful insight on the menu items. There is a whole team working to buss dishes, replace silverware and ensure water glasses are always topped off. I should also mention a man by the name of (I think) Quang; appeared to be either manager or a type of lead staff member. Very attentive and has a very keen eye to detail. I thank him for bringing me my second glass of wine when my first ran empty, and ensuring that my friend and I had everything we needed throughout the night. I look forward to coming back to Republique.",5,"May 14, 2026",N/A
Republique,4.2,635,N/A,"Hey, let me get this out of the way: Valet parking- $14, employees personnel fee: 4% onto your bill. The tip starts at 20-% at the register unless you change it. I felt like I was handing out money  for everything other than the food... Wifey had Quiche and a Rosè. She didn't like it, but ate it anyway. I had the Burger, which came with crispy fries that were really tasty!the Burger was cooked well and was amazingly good. The service was great and the environment was very busy and the movement was fast. Would I return? Sure, but just make sure you have at least $100. ‍",4,"May 2, 2026",N/A
Republique,4.2,635,N/A,"Came here around 11 am on a Saturday and there was a line. We waited about 15-20 minutes to get to the cashier to order. You order first and then find a table to sit at. We ordered the Filipino adobo fried rice, potato pancake, mango calamansi pie, a creme brulee pastry and another blueberry croissant pastry. Everything was delicious! Our favorite was the potato pancake, which came with pieces of salmon lox and eggs on top. The potato pancake was crispy and had a pancake texture and it was so interesting. The flavors all blended well together. Would highly recommend ordering! The Filipino adobo fried rice was also delicious and very flavorful. It had a kick to it even without adding the sriracha! Out of all the pastries, our favorite was the mango calamansi pie. They had just brought out a new whole pie as we were ordering so we had to order a slice. It wasn't too sweet and the cream wasn't too heavy either. Would definitely order again! The other pastries were also not too sweet and were tasty. Service was excellent! We received our food fairly quickly considering how packed it was. The restaurant has a lot of seating but République is pretty popular so it gets packed. There is street meter parking out in front. Would recommend!",5,"Apr 27, 2026",N/A
Republique,4.2,635,N/A,"Umm... can I live here?? We stopped by for brunch and left completely impressed. First things first ,the ambiance is stellar: airy, bright, and absolutely beautiful. I was smitten at first glance. And then came the bakery display, which honestly took my breath away. Once I managed to tear myself away from the space itself, I was blown away by the variety and the intricate detailing--things I'd only ever seen on shows like The Great British Bake Off. We ordered brunch along with a few pastries and beverages, and since it was Thanksgiving weekend, we also took home a pecan pie. It turned out to be a huge hit with our friends and was gone in a single sitting. Pricing is definitely on the higher side, but the quality and overall experience make it worthwhile. Highly recommended.",5,"Apr 17, 2026",N/A
Republique,4.2,635,N/A,"We had a very lovely evening. The restaurant is stunning. The Hostess was very kind, warm greeting and enjoyable to chat with while we waited for our table. Our waiter was excellent. The drinks were good. Our favorite thing was the baguette, which was incredible. And the taster of potato leek soup that came out with it. That pairing alone we could've eaten for dinner. It was followed by the beef fat fries and the half roast chicken. The mains were very good, but again could have had that baguette and soup for dinner! The one Complaint I have as is the prices are pretty high and when you balance the experience with the cost, I'd probably give it four stars. $72 for a quality 1/2 roast chicken. When the cost goes up that much, your expectation goes up with it.",5,"Apr 24, 2026",N/A
Republique,4.2,635,N/A,"Very much enjoyed our dinner here.  Ambiance is lovely, noise level and therefore energy high, fun music loudly playing, lots of lovely people all around, beautiful sights to look at as most food stations are displayed for your enjoyment, and great food & drink. We started with the pan dripping and bread, which was very good but we all agreed the bread was phenomenal with just plain cold butter.  We moved on to the sushi grade mackerel on toast, which was delicate and amazing (my friend cut her mouth on the toast bc it was too darkly toasted).  We then had the charcuterie plate, which was lovely especially the duck pâté (buttery and delicious) and pork confit. Our main entrees were the pork chop and belly, which was prepared nicely.  It didn't blow me away but it was tasty.  We also had the 14 oz rib eye, which I enjoyed but not every one at the table did.  We all agreed the temp at which it was cooked was not near high enough.  The best steaks are high temp to sear the meat and marbling, and nice and juicy pink in the middle, as far as our table was concerned. We had two desserts. The hazelnut donut and ice cream was just okay, and the chocolate cake with sesame foam and black sesame ice cream was a lovely presentation and delicious. I didn't give 5 stars bc timing was poor on courses and the very high quality meat entrees were not done as well as expected especially for the $$$.  Still had a lovely time and am happy to go again soon.",5,"Apr 24, 2026",N/A
Republique,4.2,635,N/A,"A very popular brunch spot in Los Angeles is Republique. I have been here a few times and have to say they are always busy with tourists, workers, and overall just wanting some good food. You have to order first and then get a number to put down on your table. The avocado toast is delicious!!! If you love avocados this one is gigantic and I literally couldn't finish it. For dessert, we also ordered a cheesecake and had a taste of this creamy delicious cheesecake. It is one of the best! They have long tables or small chairs and tables as well. So you can come with a large group or even a small one just enjoy the inside of this spot. It is quite pretty.",5,"Apr 8, 2026",N/A
Republique,4.2,635,N/A,"Long overdue, but this spot absolutely deserves a shoutout. We came here for Valentine's Day and ended up having one of those meals you keep talking about long after, it was that good. Every one of the six courses hit, and we couldn't resist ordering a few rounds of cocktails to keep the celebration going. Standouts for me were the kanpachi crudo and the cauliflower agnolotti (Maine lobster with winter black truffle), both beautifully plated and packed with flavor. You can tell a lot of thought went into each dish. Service was polished and accommodating, and the ambiance was beautiful, perfect for a special night out. The pacing felt a bit quick at times; a little more breathing room between courses (and cocktails) would've made the experience even better. Definitely book ahead, this place is always buzzing and has definitely earned its spot as one of LA's go-to dining destination.",5,"Mar 23, 2026",N/A
Republique,4.2,635,N/A,"this spot has been on my list of places to try for a while and i finally had to chance to try it! the line seemed pretty long but it went by really quickly, i think we waited around 15-20 minutes. you order first and then it's open seating. i ordered the: potato pancake kimchi fried rice caramel banana pudding bread with vanilla cream short rib burrito my favorite was the potato pancake, i loved how crispy the pancake part was and it paired so well with all the toppings, very creative and unique dish. i also really liked the banana pudding bread, it was crispy and soft and had a really great banana flavor which went well with the vanilla cream on top. the burrito and kimchi fried rice were just okay, the meat was rlly tender for the fried rice but the dish itself doesn't rlly taste like kimchi fried rice. overall loved the vibes and ambiance of the interior and i would come back for the potato pancake and to try other desserts",4,"May 10, 2026",N/A
Republique,4.2,635,N/A,"Good food but with a casual atmosphere. The space was a little tight and saw a few families with strollers struggling a bit. The line was out the door when I arrived but it went by fairly quickly, and staff were pretty efficient with clearing tables and what not. You order and pay with the cashier then hope you can snag a table! We were able to get one fairly quickly though :) They have solid coffees and pastries so I can see myself going back for that vs a full meal. The breakfast was delicious and all the toasts they brought out looked so appetizing. Food!! I shared the Pork Adobo Fried Rice which was delicious and the pork was so tender, and the blueberry pancake. If you're a pancake fan, get this! Its big, light, and fluffy. Im not  much of a pancake person so I think I would've preferred the waffle or a toast bc they come with more toppings. All the pastries we tried were delicious! Uber Brioche Blueberry Pop Tart Banana Dulce de Leche Salted Caramel brioche ( SO GOOD)",5,"Apr 3, 2026",N/A
Republique,4.2,635,N/A,"Alright so Republique had been on my Los Angeles dining bucket list for quite some time and I'm pleased to report I finally made it there this past Friday evening for dinner. It was my first visit and I'd say that overall, it met expectations. We had reservations right when dinner service began at 5:30pm which was great for me as I don't stay out too late, hehe. Despite that being the only reservation available, the restaurant did not actually fill up too quickly. Either way, arriving early allowed us to settle in nonetheless. Parking is pretty much valet only ($17) which I suppose is typical for this part of LA. So anyway, if you've never been to Republique before, the atmosphere alone is worth a visit. The dining room feels almost Harry Potter-esque/cathedral-like with its soaring glass ceiling and tall brick walls. It feels pretty special and unique. On this particular Friday evening, our strategy was simple: order a lot and share everything. The wait staff/menu encourages this approach and we were told that 5-7 dishes is a good number, which is about what we ordered. A few standouts from the meal included the Kumamoto oysters which were fantastic. They were incredibly fresh and I loved the mignonette sauce. The bread with pan drippings was deceptively delicious and quite unforgettable. I could have happily kept dipping bread into the savory goodness of the pan drippings all night. Even the butter was delicious! The agnolotti pasta was another highlight. Perfectly cooked without feeling heavy. For mains, I really enjoyed the striploin steak which was cooked beautifully and full of flavor. We also ordered the lamb rack which was just as impressive and plated beautifully if I do say so myself! The hamachi crudo was probably the only dish that I didn't love which is too bad because it was one I really wanted to try. It wasn't bad by any means but just a bit unexpected in flavor and not my personal favorite of the evening. Service was solid overall. Our server (Jared, according to the receipt) kept things moving smoothly, though he didn't introduce himself by name and the interactions felt a little odd, especially considering the restaurant of this caliber. And, one thing I didn't notice until reviewing the receipt later was the 4% service charge added for employee health and medical benefits. I completely support restaurants taking care of their staff, but I do wish this had been mentioned more clearly during the dining experience. It's noted on the receipt, but I'm not sure it was noted on the menu. A meal here  is definitely a splurge but sometimes you just have to treat yo'self. The food, the atmosphere, and the overall experience were five stars. Next time, I'd love to return for breakfast or brunch. For now, Republique delivered a memorable first visit and I'm already looking forward to next time!",5,"Mar 3, 2026",N/A
Republique,4.2,635,N/A,"Republique Review THE FOOD: Republique absolutely delivers where it matters most--the food. The standout was the kimchi pastry, which was both inventive and genuinely delicious, not just creative for the sake of it. The quiche was authentic & divine. The viral potato pancake absolutely lived up to the hype, satisfying, and worth ordering. The kimchi fried rice was solid but didn't quite hit the same level as the others; it could definitely benefit from more meat to round it out. On the other hand, my husband couldn't stop talking about the croque madame, which was clearly a hit. THE SERVICE: This is a pay-and-seat-yourself setup, so don't expect traditional table service. That said, the system runs smoothly and efficiently. It's more casual and self-directed, but it fits the overall experience and keeps things moving without feeling chaotic. THE VIBE: Republique has a lively, bustling energy that makes it feel like a true destination spot. It's busy, a bit loud, and very much part of the charm. The atmosphere leans more toward upscale casual than fine dining, perfect for a relaxed but still elevated meal.",5,"Mar 24, 2026",N/A
Republique,4.2,635,N/A,"Parking lot is tiny and valet parking is pretty much mandatory You walk in and get funneled into the line of ordering desserts while you browse through the daily fresh made breads and cakes. At the end of the line, there's two kiosks that will take your order. My wife and I went during lunch time so it's cafeteria style seating and you get a number sign after you order and the servers will bring your food to you. The basque cheesecake was the most memorable item here and most other items on the menu are ok/above par. The ambiance and the decor is what really draws people in. For dinner service, reservations are required!",5,"May 1, 2026",N/A
Republique,4.2,635,N/A,"We came here for my birthday and we loved it! This is a great restaurant with phenomenal service, and the interior of the restaurant is nicely designed! It gives it a real classy LA vibe. Food was amazing! We had the braised shortrib, lobster pasta, pork belly and caviar, and I forget the other dish.. Also had Berry tres leches for dessert! Highly recommended! Street parking!",5,"Mar 15, 2026",N/A
Republique,4.2,635,N/A,"It's not for no reason Republique was awarded with Michelin and prolly also first name LA peeps would call out when being asked top brunch place in town. I completely got the line in front almost always looked discouraging but this did worth the wait. Their brunch menu, their pastries and cakes line up, their gorgeous dining space; name it and they simply ticked all boxes. No single dish tried so far wasn't impressive. We're back to host our friend who's LA first timer last week and arrived there around an hour before lunch, when the line wasn't bad and moved speedily! Got their crowd's fave Maine Lobster omelette which might sound simple yet also simply outstanding with generous chunks of fresh lobster with lusciously creamy sauce. Having been a fan of their pastries since my week 1 moving into LA, I never skipped trying different ones when coming here. This time it's the seasonal Ube Coconut Almond Croissant, which I certainly fell for and still thought about. Pretty bold ube and coconut taste, but still let the almond being the star!",5,"Mar 15, 2026",N/A
Republique,4.2,635,N/A,"Visited this place on a recent Sunday morning. Parked in the lot adjacent to the establishment before the valet dudes even showed up. Got to the entrance about 25 minutes before opening hoping to avoid being in a long line, which I heard is pretty common here. Was pleased to see no one else waiting in line. By the time the place opened, there were only about a dozen or so people in line. Kind of regret showing up so early, but absolutely do not regret coming here. The selection of bakery goods here is pretty impressive. I could have ordered like two dozen things since everything looked so delectable, but I exercised restraint. Can't afford to gain too many more pounds. I ended up getting the cinnamon roll, traditional croissant, chocolate chip cookie, and bomboloni. At the register, I also ordered the short rib burrito and lemonade. I paid for my food right then and there, which I appreciated. That meant I could leave whenever I wanted once I was done eating. Anyway, after paying for the food, I was given a coffee cup with a number on it and informed that I could sit wherever I wanted. I could talk about how cool the interior looks, but you can browse through the interior photos and judge for yourself. I felt like I was in one of those themed restaurants at Disneyland. While I waited for the burrito at a table, I started trying out the baked goods I got. Man oh man. I loved everything I got here. The cookie was packed with chocolate goodness and had a wafer thin crispy crust that was amazing. The cinnamon roll, which had a crunchy and sugary exterior, was delicious. My favorite bakery item was the croissant. It was crunchy and flaky on the outside and soft and chewy on the inside. There's no way I can go back to eating store bought croissants after this. The short rib burrito was a home run as well. It was so tasty. Loved that it had a slight kick to it. I should point out here that this is not one of those burritos you can grab and eat with your hands. You have to eat it with a fork and knife. Like an enchiladas. What makes this burrito distinctive is that it's got an egg on top of it, not inside it. This review is running super long even by my standards so I'll wrap it up soon. I have to mention that I even enjoyed their ""lemonade."" I'm not sure why they call it a lemonade when it tastes like blueberries and mandarin oranges, but who cares. It's refreshing as hell. One last thing to share. Just because you park next door and there's no valet guy around doesn't mean you get to park there for free. It's $14 whether you park the car yourself or not. Not sure how people can rate this place less than five stars, but everyone has their own opinion, heh. In my opinion, this is one of the best places around to have breakfast and that's saying a lot since there are a lot of great breakfast joints in the Los Angeles area.",5,"Mar 9, 2026",N/A
Republique,4.2,635,N/A,"One of the best bakery and brunch spots in all of LA! My husband and I visited on a weekend afternoon. The line looked seemingly long, but actually moved by pretty quickly. We were able to order some brunch foods as well as pastries in less than 15 minutes. This is a casual restaurant during brunch hours, in which you order first and then seat yourself anywhere. It appears to be more formal during dinner hours. Bakery: The pastries here are absolutely wonderful. No wonder there is always a line out the door for them. The Creme Brulee Bomboloni has a soft, pillowy dough and a rich custard that is addicting to eat. Furthermore, I was super amazed by the Almond Dacquoise, which was light and airy. It had delicious layers of buttercream and a pleasant nutty flavor. There are many more standout pastries, some of which are seasonal. I wish I could try them all! Brunch: We ordered 2 things from the brunch menu. First, the BLT Benedict is a creative twist on traditional eggs Benedict. I really enjoyed this version with bacon, lettuce, and tomato. The eggs were poached perfectly, while the hollandaise sauce was mouthwatering good. As for the Maine Lobster and Dungeness Crab Omelette, it was the best omelette I've ever tasted. Both the lobster and crab complemented the eggs and cheese wonderfully. Highly recommend both these brunch items!",5,"Feb 9, 2026",N/A
Republique,4.2,635,N/A,"Tried Republique for the first time! Two of us had: arugula rigatoni $44 bucatini cacio e pepe $38 sparkling water $8 rodolphe le meunier butter $15 4 Kumamato $5 ea $20 2 cheeses $20 little gem salad $28 regalist pennsylvania golden chicken $72 remi jobard btl white wine $140 cuyama orchards apple tart $18 health LA 4% $16.04 Knocking off a huge star for the pasta. Big miss. Pasta was overcooked for both and a bit on mushier side. I did let staff know at the tail end of the meal for feedback. Bread was good! Wasn't charged for another one (but maybe it is included?) though the second one was on the burnt side. The chicken though! So good! Haven't had chicken like that in a long time. Everything else on the menu was good. Obviously on the pricier side meal, so hopefully the pasta is just a one-off. Server Bessie was great! We ended up parking on the street a few blocks down.",4,"Jan 29, 2026",N/A
Republique,4.2,635,N/A,"Came here for dinner with my mom and sister and it was a cute restaurant. The food was great we shared the short rib, lobster pasta, and tuna tartare which was good for 3 people! The vibe of the restaurant was really cute too. The waitress was also so kind and also from houston so we bonded about that! I definitely wanna come back and try more of the stuff on the menu bc everything sounds great + everything we got was delish",4,"Feb 24, 2026",N/A
Republique,4.2,635,N/A,"Came here for dinner and it was a cute restaurant. The food was great we shared the short rib, lobster pasta, and tuna tartare which was good for 3 people!",4,"Feb 24, 2026",N/A
Republique,4.2,635,N/A,"Ube Brioche (8.5/10): the brioche was super caramelized on top and the ube was a nice addition. Very impressive pastry! Black Sesame Mochi (6/10): nothing too impressive here. Tastes pretty average Baguette (5/10): not memorable. Bread was pretty average. Kimchi Fried Rice (6.5/10): not as good as the adobo, actually. Less flavor in the rice and it felt lacking somehow. Short rib was decent. Adobo Fried Rice (7.5/10): actually delicious! I was surprised to see a French restaurant serving Filipino food. The chicken was very tender and savory Brioche French Toast (7/10): pretty good. Nothing mindblowing. Breakfast Sandwich (8.5/10): actually surprisingly good. Looks very simple, but super flavorful. Loved the sausage. The interior of this place is very cool! Feels like you're dining in a mansion.",4,"Feb 10, 2026",N/A
Republique,4.2,635,N/A,"I just moved to the area and was thrilled when I saw République was walking distance to me. République is busy more times then not. And for good reason. It's recognized by the Michelin Guide and you'll see why when you visit. It's a beautiful open sunlight restaurant that has a big dining room filled with seating. I've only been in the breakfast/lunch service and you will wait in line to place your order. There are a bunch of delicious pastry options to choose from while in line. After you order, it's opening seating so you can sit wherever that's open. I've order the Koshihikari rice and the quiche from the pastry case. The rice is great, my boyfriend loved it! It's very flavorful and satisfying. The quiche is delicious and they rewarm it perfectly, the crust is perfect and flaky. I've gotten both the Vietnamese latte and the café con horchata. They are both okay, nothing out of this world. However, they do have other drinks that I do want to try. Like I said, they have a wonderful pastry case with plentiful of options. I've only tried the dulce de leche pound cake and it was fantastic! It's definitely a new favorite spot that I will be coming back on repeat. So much more to try!",5,"Feb 8, 2026",N/A
Republique,4.2,635,N/A,"Came here for a date night with my husband, and was completely blown away! I am so happy we finally were able to dine here. The ambiance, service, and quality of food were all 10/10! We ordered the blue fin tuna tartlet (packed with flavor in a tiny handheld tart!), baguette and butter (the world's SOFTEST bread!), yellowtail tartare (the zest!!! was def my fav), duck (so tender!) and the Campanelle pasta. We also got a side of fries that was so savory! To finish, we got the strawberry tiramisu, which was to die for. The service was quick, friendly and so thorough. We left feeling so full, and so excited to come back again! Would love to try the brunch sometime. Tip: valet parking for dinner hours is a standard rate of $17.",5,"Feb 18, 2026",N/A
Republique,4.2,635,N/A,"Yes, I know it's a fancy place. Yes, I know a lot of people go there just to take Instagram pictures but the food is legitimately good I mean really good. The interior is also classic French cafe and feels like they used french street views inside of the building. Friendly, well spoken staff, they clearly knew their food. Its an open kitchen and you can see the big grill. Yes, it's expensive but it's not overpriced. This is a great place to treat yourself or your loved ones..! can't believe I'm saying this, but the duck was better than the beef steak. The french fries were crispy pieces of perfection. The croquette was a crunchy morsel of bacony fat and potato. The tuna and caviar was my least favorite skip it... But then again, l've never been blown away by caviar.",5,"Feb 18, 2026",N/A
Republique,4.2,635,N/A,My friend says this is one of her fave foodie spots. So let's see if they're pretty good eh or ew. They were on the Michelin guide and have a bunch of yummy looking pastries. I ended up getting their quiche slice and banana croissant thingy to try. The quiche had a buttery flakey crust with super creamy rich savory eggs and a good amount of spinach. My friend said it's the best she's ever had and she wasn't wrong. The croissant was nice and crispy flakey caramelized and buttery and had a soft gooey sweet yummy bananay middle. This place is kinda pricey but tastes good so it's lowkey pretty good. Quiche $8 Banana danish $5 Paid: $14.85,4,"Feb 15, 2026",N/A
Republique,4.2,635,N/A,"This has been on my list for quite some time, and I'm so glad we were able to check it off. Even on a Wednesday morning, it was so busy - I can only imagine how packed it gets on the weekend. We ordered the following: Iced latte (standard, nothing amazing) Cheesecake (so moist and delicious) Banana cream pie (husband preferred this - it was good, but the crust was a little tough) Short rib burrito (super flavorful) Potato pancake (we both loved this one - such a creative and beautiful dish) Lobster omelette (husband's favorite, but I prefer a Benedict) Steak frites (solid, cooked perfectly) We were able to snag street parking, but again, it was a weekday. Would love to come here again (but never over the weekend).",5,"Feb 12, 2026",N/A
Republique,4.2,635,N/A,"Came for breakfast on Saturday ~9:45am. Or is it brunch? - important to note the ""lunch"" portion of the menu doesn't go into effect until 11am. Line was a little bit out the door, but moved quickly enough. Busy and hectic right at the front as always -- pressure to choose your pastry items quickly before you order the menu items (food and drink) at the register. Do make sure you get a look at everything before choosing in the case there is something at the end you might want! After ordering and paying (FYI there is a service fee for staff members), you take your number to seating of your choice. Currently the outdoor patio area is closed for renovation (or remodeling or re...), so it's indoors only. We were a bigger group (6) so squeezed on the end of a shared table with two others and moved to have the whole table once they left mid-way through our meal. Food: * Brioche trench toast: An amazing thick piece of brioche that is light and sweet and toasted evenly. It barely needs the maple syrup, but of course we're adding it. * Chicken and biscuits: Not as gravy-forward as I would have liked, but great presentation, well cooked, etc. Had a little bit of spice but would have liked more! * Chocolate salted caramel cake: This may be my favorite chocolate cake in LA. I love chocolate cake and this is amazing (and the reason for the whole visit!). Breakfast starts off great with a slice of this. * Cinnamon bun: Not like the oozy sticky buns you may be thinking of but a pastry with cinnamon (-sugar?) on top and around. Was light, delicate and delicious. * Matcha-something (different than what's on the current published menu and I can't remember!): Ordered it hot and loved it. Parking is a bit tough - but can be found on the block parallel for 2 hours free on the weekend. Is this a surprisingly expensive brunch, yes, but a special place for a brunch outing with friends or visitors from out of town.",5,"Apr 16, 2026",N/A
Republique,4.2,635,N/A,"We finally were able to try Republique! Arrived around 10am on a Saturday and waited about 20 mins to order. When we left at 11am, the line was triple the length (come early!). Pastries 10/10: WOW, they can't go wrong. We tried multiple and we couldn't get enough What we ordered from best to worse: 1.Breakfast quesadilla: basically the French version of a Oaxacan tlayuda. The cauliflower was such a tasty twist to what could have been a basic dish. It was loaded with flavor and was a very good size. We ended up sharing it! 2.Mediterranean eggs: probably the most unique egg dish I've tried. Taste was 10/10, but the portion was very small. It was two eggs in a puddle of yogurt which tasted amazing but left us wanting more. 3.BLT Benedict: the least memorable from what we ordered. Still had fresh ingredients and tasted lovely but was pretty basic. Wouldn't order again. As expected, the ambiance was amazing and made us want to hangout and just enjoy the space. Such a beautiful building with lots of LA history.",5,"Feb 1, 2026",N/A
Republique,4.2,635,N/A,"Came once for breakfast/brunch and once for dinner- can say both experiences were splendid! Though, I may be a bit partial to the breakfast/brunch here bc I love pastries and theirs are spectacular (especially the canele!). Highly recommend to treat yourself to a dinner here, even the bread and butter were very memorable. We ordered 1-2 dishes from each section of their menus and not a single one was a let down. If you get the chicken (dinner menu), disclaimer it is not a big bird/portion is smaller than you'd expect. However, the service and flavor pairings of everything made up for it. No complaints from me(or my family)! Can't wait to be back.",5,"Apr 6, 2026",N/A
Republique,4.2,635,N/A,"This place is very popular so expect a line and a bit of a wait. But the line goes reasonably fast and despite the number of people you can generally find a seat. The skylights make for a very pleasant morning dining experience with wonderful natural light without three wind or weather. I ordered the Croque Madame wondering, how good can a ham and cheese sandwich be? The answer is, pretty damn good! The gruyere cheese is fantastic, the chopped ham was the perfect amount and the fried egg on top was just decadent! More places have to copy this! My wife had the lobster omelette and it was also very good. The flavor was mild but very nice. The Belgian waffle was fine ... But not as special. Warning: the valet parking is $14, which is pretty steep if you consider that you're probably only going to be here an hour or so. The one thing I would change is the choice of drinks. If you don't want coffee you can have ginger ale or lemonade. That's it. Would it really kill you to offer some diet Coke? I had the ginger ale and it was just too much. I had to water it down to make it drinkable. I was considering dropping down to 4 stars for the drinks and parking ... But this is about food so I kept it at 5.",5,"Jan 24, 2026",N/A
Republique,4.2,635,N/A,I love this place for brunch and dinner.  Great ambience and solid abc creating dishes.  I do wish they tools reservations for brunch since ur the only obstacle from me going more often.  The lines and time are too much and so I don't go as often.  I'd rather get some pastries to go.,4,"May 5, 2026",N/A
Republique,4.2,635,N/A,"Finally getting around to posting this.. definitely a latepost, but this meal was too good not to share. Ambiance: The architecture here is just unmatched. Walking into that historic building with the massive glass ceilings and all that natural light felt like a total ""healing moment."" It's always buzzing and full of life, but it still feels airy and sophisticated. Truly one of the most beautiful dining spaces in LA. Food: Everything we ordered was a 10/10. The French Toast is legendary for a reason.. thick, perfectly caramelized on the outside, and just melts in your mouth. You can really tell they use top-tier ingredients. Even the savory dishes were so fresh and well-balanced. It's the kind of food that makes you want to come back the next day. Service: Despite how busy the place was, the staff handled everything like total pros. Professional, attentive, and they kept the vibe smooth throughout the meal. Overall: Look, between the valet, the menu prices, and tips, the bill definitely adds up.. but honestly? For an experience this high-quality, I don't mind the cost at all. It is worth every penny for the vibe and the flavor. Can't wait to head back!",5,"Apr 24, 2026",N/A
Republique,4.2,635,N/A,"Went to République on La Brea and Wilshire and really liked it. The place is beautiful and has a great vibe, but it does get pretty busy. The pastries were amazing...definitely the highlight. Food overall was good, though a bit pricey for what you get. I'd come back, especially for the pastries.",5,"Apr 21, 2026",N/A
Republique,4.2,635,N/A,"My sister and I took our cousin out for a late birthday brunch. The line was really long but went by pretty fast. Whether you're want to purchase some pastries or order some food, you'll need to fall in line regardless. While we were in line, of course we ordered some pastries: seasonal bread pudding, berry tres leches cake, creme brûlée bomboloni, pandan cookie, and spinach tomato quiche with caramelized onions & cheese. As for brunch, we ordered a brioche french toast, lobster omelette, Filipino adobo fried rice, and chicken & biscuit. For drinks we ordered a carafe mimosa and iced ube coconut matcha latte. While we looked for an open table to sit down. My cousin noticed one of our water drinking glasses was damaged so we flagged a server/busser. They mentioned it was the way the glasses were stacked and he proceeded to put his finger in the glass to show us the glass did not have any shards. Furthermore, he never gave us a new glass and was very rude. We had to flag another busser to get a new cup. Regardless of the mishap we encountered with the glasses, the food was extremely amazing! Each entree we ordered had their own unique flavor and taste. Would definitely come back although I hope not to encounter the same problem with glassware.",4,"Jan 17, 2026",N/A
Republique,4.2,635,N/A,"Had an end of year date a couple of weeks ago. The ambiance was beautiful, even though we waited a little bit to be seated for our reservation. Andrew D. was our server, and he went over the menu and concept, along with giving some recommendations. To drink, my fiancé had the Skyduster IPA and I had their passion fruit cocktail. Both were delicious. We ordered escargot en croute as an hors d'oeuvres, kurobata pork belly as a second course, then I ordered the venison with peppercorn jus and my fiancé had the halibut. A complimentary cup of mushroom soup was also served. We also got a baguette with the butter, and I selfishly ordered more bread so we could take it home with the butter. All of it was delicious and unique, but they all felt familiar in the best way. The mushroom soup was a stunner, and my fiancé (who usually resents mushrooms) really enjoyed it. Our favorite dish was the pork belly; it was interesting because usually we eat crispy pork belly, but the textures and flavors of the dish were decadent but light. We would definitely come back for another special event. We had an amazing time and this meal will stick with us for a long time.",5,"Jan 14, 2026",N/A
Republique,4.2,635,N/A,"Great food! Folks taking orders were so kind and helpful. I ordered the lobster omelette and do not regret it. It was delicious! It came with a side salad that was fresh and tasty. Unfortunately, I finished my salad before taking a picture of my plate. I like the seating area. It's naturally lit and very clean. Restroom was also clean. I'm looking forward to returning and trying more items on the menu but have to be mindful of the cost. Omelette $28 Smoothie $10 + tip/tax Valet parking $14 + tip Easily a $65 breakfast for two items.",4,"Jan 7, 2026",N/A
Republique,4.2,635,N/A,"The croque madame was exceptional: the sandwich had a perfectly crispy crust and was filled with plenty of Gruyère cheese and fresh, non-deli looking ham. The salad on the side was refreshing as well. I also got the coconut cake with yuzu cream I think: it was pretty good, had a slight lemon flavor and not super sweet and had a lot of fresh coconut. You order at the front cashier and then find your own seat, which I prefer to waiting for a seat and server. It makes it pretty casual overall too, but most people seem to be dressed more smart casual than anything. Very good, looking forward to coming back.",5,"Jan 7, 2026",N/A
Republique,4.2,635,N/A,"Must have brunch spot when you visit LA! No reservations, must stand in line, order first, and then find a table. Worth the wait. Ordered the brioche french toast (best french toast I've had), the french omelette, and the Shakshouka. Great ambiance, and super enjoyable vibe overall.",5,"Jan 4, 2026",N/A
Republique,4.2,635,N/A,Good croissants but the other pastries are weird. The service is fast. And the ambiance is hectic but super cool inside.,4,"May 20, 2026",N/A
Republique,4.2,635,N/A,"My first visit to Republique was a disappointment. Our entrees were unremarkable, the drinks tasted basic, and service was downright disappointing. I doubt I'll be giving their breakfast another shot. The long line and difficult parking situation on top of our lackluster experience pretty much seals the deal. We ordered the Short Rib Burrito and Adobo Fried Rice. The short rib was tough and the fried rice didn't taste like adobo. For such a well reviewed and renowned restaurant, our entrees were not up to par. I'm not sure if our interactions with the staff were influenced by the fact that we came in the day after thanksgiving, but everyone seemed to hate their job. We were really excited to finally try Republique after all these years, but our visit left us disillusioned.",3,"Jan 2, 2026",N/A
Republique,4.2,635,N/A,"I've had this restaurant on my try list for a very long time and this recent weekend I was able to take my wife here as she also was heavily interested in this restaurant. First impressions from us is that the wait time can be a bit off. We expected to wait about 30 minutes to an hour on a busy weekend (lunch hour) but we waited only about 10-15 minutes to get seated. PARKING: No designated lot, recommended to park in nearby residential streets (free) and take a walk over to the restaurant. For first time diners, this is a order then sit down type restaurant. With an amazing display of pastries along the way before taking your order. There's a booth window outdoors with a different line outside for ordering pastries only. With plenty of diners around, we thought it would be difficult to find seats but it was easier than we thought with plenty of diners going in and out of the restaurant after their meals. Also pretty nice that there's plenty of seats in the restaurant along with counters seating as well. Our first time visit consist of two pastries orders: - Creme Brulee Bomboloni ($4.50) - WOW, this is literally a mouthful of creme brulee BOMB. The cream absolutely melts in your mouth and it's full of flavor from the shell and the cream. Not very pricy and definitely worth a try. - Almond Dacquoise ($7) - This is by far the best pastry I've ever had. While the looks can deceive you, the pastry is soft and similar to a souffle style dish. Love the flavoring blast as you taste the pastry. Very well presented and definitely a pastry that you could get addicted to. HIGHLY RECOMMEND Brunch items ordered: - MAINE LOBSTER AND DUNGENESS CRAB OMELETTE ($28) - Classic omelet dish, filled with gruyere cheese, spinach, hollandaise sauce, and a side of sauced salad. Presented super neatly, eggs were cooked perfectly and cut very easily. The salad complimented the omelet extremely well. Not very salty, would say that you can't really go wrong with this dish if you're having a hard time deciding what to order. Simple and delicious. - BLT BENEDICT ($25) - Similar to the omelet, this was super flavorful. Full of ingredients that include bacon, avocado, arugula, balabrian, sauce, and a poached egg. Loved everything about this benedict, very savory, and not very salty considering the ingredients. Highly recommend if you want a fast bite. Overall, a wonderful restaurant, amazing brunch spot. Love the interior as they have a open kitchen, and it's pretty interior with their medieval modern styling. Love how spacious it is even when it's packed. Amazing food and service. Only con is that they don't take reservations for their brunch but they do for their dinner times. Different menu than brunch so my wife and I will definitely be back in the future to try their different menus.",5,"Nov 26, 2025",N/A
Republique,4.2,635,N/A,"The reason for the 3 Stars... They force a Healthy LA Tax on your bill that is not required by law. I asked them to remove that Tax and they refused. This Tax is meant to help the restaurant pay for employee health care. Proving Health Care to their employees is their responsibility, not the paying customers responsibility. The fee is exorbitant, cheap, and tacky! They won't tell you this up front. You have to look closely at your check and there's a line item called 'Healthy LA.' It's truly outrageous! Great Food, amazing staff, and beautiful location! Breakfast was really good and different! Portions were small and pricey. The restaurant was clean and there was plenty of seating. The servers were very attentive and friendly.",3,"Dec 22, 2025",N/A
Republique,4.2,635,N/A,"I came here for a birthday brunch with my friend on a Thursday afternoon. Seating is first come, first served, but we found a spot within about 5 minutes. You order at the front and they bring the food out to you, which worked out smoothly. We shared the ricotta toast, and it was amazing. I never had anything like this before. It truly melts in your mouth.  I ordered the regular breakfast (minus the bacon, subbed for avocado), and my friend got the steak. The fries that accompanied the steak were the most crispiest flavorful fries I ever had. I felt bad I kept picking at my friends fries. We also picked up a scone and a cookie. Everything was absolutely delicious, incredibly fresh, and full of flavor. One thing I have to highlight is the French baguette with the butter and jam. OMG... SO mouthwatering. I would honestly come back just to buy a jar of their preserves. The pastries were wonderful, and my Vietnamese coffee was perfect. To top off the experience, I even saw a comedian there and got a selfie with him! The vibe was awesome, the food was fantastic, and the service was great. I'd love to come back for a weekend brunch. Highly recommend!",5,"Nov 16, 2025",N/A
Republique,4.2,635,N/A,Food here is amazing and line for brunch or lunch moves quickly so don't be discouraged..  And it is worth the wait.    The coffees are delicious and we had the best egg custard deserts since we visit Portugal.    I had the kimchee rice with soft egg and beef which was filling and tasty and fantastic.  My partner had the egg sandwich with the most delicious bacon I have ever had.   The ingredients they use are incredible.   The staff friendly and helpful and we just loved everything about the experience!,5,"Apr 27, 2026",N/A
Republique,4.2,635,N/A,"We went in on a wet LA morning and were super happy with everything from the quick flow of the line to the table service, atmosphere, and quality and taste of the food. We took several pastries home to enjoy and it was all amazing. Definitely worth a return trip",5,"Mar 8, 2026",N/A
Republique,4.2,635,N/A,"Ahhh everything was incredible and I can see why there is usually a long line at Republique. We sampled several breakfast options on the menu and took home pastries to enjoy later and everything was a slam dunk. Service was quick, despite the line, and they were really efficient in taking everyone's orders and getting them out to the tables quickly without making patrons feel rushed.",5,"Mar 8, 2026",N/A
Republique,4.2,635,N/A,"I was shocked the line was so short, which was beautiful. We ordered the brioche french toast, avocado toast, and a french omelet. Loved the french toast. The french omelet had a waxy exterior, so it may have been sitting out for a min before being served. They have so many juices that look amazing and pastries to try.",4,"Mar 7, 2026",N/A
Republique,4.2,635,N/A,So many choices!! And all the baked goods looked beautiful. Service was quite good. The atmosphere can't be beat with the warm LA weather and outdoor seating options. Breakfast bowl was tasty and so were the baked goods. Saw a celebrity there as well! Would definitely come back,5,"Dec 8, 2025",N/A
Republique,4.2,635,N/A,"Firstly, do not part at the lot, it's minuscule and $14 for brunch timing parking is steep. The lines were long but it moved quickly. You are quickly overwhelmed with the amount of pastry choices and very little time to decide. Once you picked out your pastries, you're able to order your entrées at the cashier and pay for your food. They give you a number and then off you go walking through the entire restaurant looking for a table. In our case, it was standing around waiting for someone to get up. The restaurant was full and yet they refused to open up the second floor for patrons. Our food arrived, and we still didn't have a table to sit in, which was frustrating. The five of us squeezed into a two top until a larger table was available. Once we were done with our meal, I noticed there were tables that were empty that were for dirty plates that were not cleared in time. The food was good but for the service and price for valet, would not recommend unless you were looking specifically to overpay for next to no service.",2,"Dec 7, 2025",N/A
Republique,4.2,635,N/A,Other than the parking being a complete and utter shit show... the food and ambiance is 10/10. The must gets: Omelette Brioche French toast Kimchi fried rice Ricotta cheese toast (I believe the fruit on top is seasonal) the bread and cheese is amazing enough to get it! The fruit is a bonus. They have large space outside that is good for groups.,5,"Dec 7, 2025",N/A
Republique,4.2,635,N/A,"I'm sitting in the restaurant right now, leaving this review because I love this spot so much. I'm a regular here, so they give me free appetizers and desserts almost every time I come now. Whether you just want a cocktail, mocktail, app, dessert or full four course meal, this place is the bomb.  One of my favorite spots to go to in LA. Today I wasn't that hungry so just had a drink, appetizer and dessert and it blew my freaking mind.  Who knew you could make snow peas so extravagant? Worth every penny. Here's some pics from tonight and previous meals. Just realized I've been going here for over a year. Went by in a flash. I wish I could find the pic of the potato breakfast thing I had in the past here on my phone.  Also great sandwiches here.  Literally everything is delicious here.",5,"Apr 28, 2026",N/A
Republique,4.2,635,N/A,"Republique is the perfect brunch spot and I highly recommend. We ordered the short rib burrito, filipino adobo fried rice, baguette, and strawberry passion fruit cream pie. Everything was so delicious. Our favorite was the strawberry passion fruit cream pie. Wow!!! The taste was phenomenal and so tasty. The crust was perfectly cooked and I loved the strawberry and passion fruit cream. Everything melts in your mouth and we were both wanting more. We ate all of the dessert before our entree came to the table. The burrito and fried rice were both solid. I loved the baguette with the butter and jam. This restaurant has a very beautiful ambiance and it's perfect for date night or time with the girls. It's so cute for brunch. I've never been here for dinner so I kind of want to try and see how it is. We had the most perfect date experience here!!",5,"Nov 14, 2025",N/A
Republique,4.2,635,N/A,"Been to Republique for brunch and dinner and although I enjoyed both brunch is better.  The pastries and desserts here are quite amazing. If they ever have the Austrian soufle pancake on the menu it's a must order. Truly memorable dessert. The pastry counter is full of delectable choices and it's really hard to decide on what to get. I really enjoyed the roll cake, ham and cheese sandwich.  The canele is the only thing I wouldn't get again. On the lunch menu we really loved the Filipino fried rice so much so we ordered a second order. If you like coffee don't skip out on getting your favourite espresso drink. The mocha here is really great. During breakfast and lunch hours there are no reservations so do expect to wait in line on the weekends. The line moves pretty fast and it's open seating when you get into the restaurant.",5,"Dec 2, 2025",N/A
Republique,4.2,635,N/A,"This place used to be very good. Note* they have a 4% healthy fee (whatever that is).  Havent been here in a long time and missed their avocado toast. The wait was the usual, long lines outside that would take about 30 minutes before you can choose bakery goods and order. After you order, they give you a number and you find a random seat and food will come. The avocado toast for back then was very flavorful. It had a yuzu dressing, crunchy bits, and seasoning on top. Now you can barely taste the dressing and its bland. The adobo fried rice would have been good if the rice wasnt hard. It felt like i was biting into uncooked rice. The potato pancakes were good but not as crispy as it should be. The latte tasted mostly of milk with a hint of matcha. So the rose matcha latte tasted like a floraly milk. Their blueberry tart was good. It wasnt too tart and it was sweet. But for the price im not sure its worth it. A little sad that this place went downhill. I guess it got too popular? Street Parking is hard to find so you have to valet since there isnt a parking lot.",2,"Nov 2, 2025",N/A
Republique,4.2,635,N/A,"We've been to République many times for brunch, but never for dinner--so we finally tried it tonight while celebrating my son's birthday, and we had a great experience with the family. Dinner felt like a tasting-style, shared-plate experience, and everything we ordered was top notch. The bread and butter was a hit as always, the pastas were amazing, the steak was cooked perfectly, and the Dover sole, deboned tableside, was fresh and clean-tasting. Their execution is consistently impressive. The staff was very friendly, and the restaurant is beautiful at night with all the lights. The overall service felt polished--they changed our plates with each course and kept the meal moving at a nice pace. The one area for improvement was with the team clearing plates and resetting the table. They were very fast and efficient, but at times a bit abrupt, often reaching between us without warning. It caught my daughter off guard more than once when someone suddenly squeezed between her and my son. A simple ""excuse me, may I take your plate?"" and serving from the outside would make things feel smoother. Even slowing down just a tad when taking or placing plates would maintain that first-class experience rather than giving off a ""we're so busy and rushing"" feeling. We also found the dessert menu a bit underwhelming compared to their incredible bakery selection during the day--still good, just not as exceptional. Overall, it was a wonderful dinner and a great place to celebrate a special occasion. We'd definitely return to try more of their seasonal dishes.",5,"Nov 25, 2025",N/A
Republique,4.2,635,N/A,"I stopped by around 11:30 on a weekday for lunch with a party of 7. I was actually surprised we were able to find seats for everyone to sit together that easily. I went with the steak frites, medium rare. The steak was really tender, though it lacked a bit of flavor on its own, but the sauce definitely helped out. The fries were great, too. Honestly, for the price and the environment here, it's a really solid value. Some of our group also ordered the French toast, it is literally life-changing. You have to get it if you come here. I've been here before and I still think their breakfast options are a lot better than the lunch menu, but overall it was a good experience.",4,"Mar 9, 2026",N/A
Republique,4.2,635,N/A,I've been always wanted to try this place because of the beautiful architecture and the food looks beautiful. I went here for brunch on a Wednesday and didn't have to wait very long. The food was full of flavor. I would recommend coming here.,5,"Feb 17, 2026",N/A
Republique,4.2,635,N/A,"We went around 11am and there was a line, but it didn't take long to order. When we walked in there was a ton of pastries that looked really good, but honestly they were a little stale. We also ordered an omelette and the shakshouka. Honestly I liked the cooked foods more as the omelette tasted great and it felt fresh. The shakshouka was a first for me and definitely not the last. The bread had a good char and was crunchy, it paired well with the rich and savory sauce and eggs.",4,"Nov 17, 2025",N/A
Republique,4.2,635,N/A,"LA style, this place has it! The vibes were immense, with an old fashioned decor and architecture that was built to impress. I loved the layout. The moment you enter, you were in the line to look at the counter display and order, which kept everything moving and efficient. Then you turn and are in the expansive seating area, which is packed and yet full of tables. The decor is darker, however well-lit. We had a spacious table with plenty of room to interact and eat. The potato pancake was decadent, with salmon and salmon roe galore. The avocado salad, pistachio and chocolate pastries and coffee were also amazing! We spent so much time just enjoying both the food and the ambiance and the staff were courteous and did not rush us at all! A great LA experience!",5,"Nov 16, 2025",N/A
Republique,4.2,635,N/A,"Came here for brunch on a weekend morning and the place had a line out the door. The wait wasn't too bad at least and we were in and seated post ordering after a few minutes. Space was a bit limited, but we didn't have to wait to find a table at least. Interior was really pretty and eclectic with the plants and decorations. Definitely felt really nice to just sit inside. Food came out fast enough - the quality was good, eggs were fresh and pastries were tasty. Some of them (pastries) weren't as good as they looked, but overall things were solid. Prices were a bit steep for the quantity, but otherwise the meal was good. Overall, I would not mind coming back for breakfast again to try more of their dishes. Thanks, Republique!",4,"Oct 20, 2025",N/A
Republique,4.2,635,N/A,Soooo good! Absolutely loved everything I ordered. Brioche toast is a must try and it's so big it can definitely be shared. Grilled cheese was just what I needed after a long night. There was a line when we came on a sunday but it moved fairly quickly. You can come back to the register to add baked goods for takeaway if you're dining in. Once you're inside the ordering moves quickly so be prepared with your order. Parking wasn't too bad and we found street parking a block down.,5,"Nov 15, 2025",N/A
Republique,4.2,635,N/A,"Went here to use my Chase Sapphire dining credit. Foods pretty good, well known for their baguette and butter. Tried the hamachi crudo, crab roast, truffle risotto, and NY strip steak. Deducting a star because we ordered the steak medium but it came out rare. They took it back and fixed it but kinda surprised they missed the mark that bad with steak. They pre sliced it too so you can clearly see it was undercooked. Taking off a second star because they charge an optional 4% fee to help ""pay for employee health insurance"". It's auto included in the bill but you can ask it to be removed. It does not count as tip and does not go directly to employees. First time seeing this type of fee but felt a little slimy to just mention it in small fine print. But also shouldn't the employer be covering this, why should I be guilted into paying an extra 4% and then tip on top??? Food not good enough to have me come back.",3,"Feb 15, 2026",N/A
Republique,4.2,635,N/A,"Maybe I should have ordered something else but I just didn't think this was worth what I paid for. The brioche French toast was $21. It is a large piece of bread and it is light and fluffy and tastes good. But it's very sweet (even without maple syrup) and it's so airy, it's not filling. I ordered a side of bacon steak on the side to add some protein and the small piece of pork was $9.  It tasted ok, kind of chewy. For $30, I could have gone someplace else for a full breakfast that tastes just as good or better. I did buy a canelé and bomboloni to-go. Pastries were very good. Maybe just stick to buying their pastries or come for dinner.",3,"Nov 6, 2025",N/A
Republique,4.2,635,N/A,"Had dinner at République on a Tuesday night with friends and family and it reminded me again why this place is one of the best in LA. I've been a handful of times over the years and the consistency is just unreal. Chef Walter Manzke came by to check in and was incredibly warm and genuine, even taking the time to talk to my daughter and ask what she liked to eat. That kind of hospitality is rare. He ended up sending out a round of appetizers and champagne for the table, which made the night feel even more special. Just an all around wonderful person. The food was amazing from start to finish. Their bread and butter is still one of the most memorable things on the menu, simple but absolutely perfect. Every dish that came out was beautifully executed and full of flavor, and the cocktails were just as impressive, balanced, thoughtful, and worth ordering more than one. The space, the service, the energy, everything works together and never feels like it slips no matter how busy they are. It's one of those restaurants that delivers every single time. Overall 10/10 experience and easily one of my favorite places in the city.",5,"Feb 19, 2026",N/A
Republique,4.2,635,N/A,"So many pastries to choose! Definitely arrive early in the morning to have the best selection to choose from. My favorite was the coconut cake with yuzu curd and raspberry. We got there around 9am on a Sunday and were able to easily find free street parking (read the signs). There was a line and we waited maybe 10-20 minutes to order.  There is valet parking for $14. For breakfast, brunch, lunch: you order at the counter any pastries on display and at the register you order drinks and food from the menu. They give you a cup with a number on it and you find yourself a table carrying any pastries you purchased. They will bring your food/drink order out and that's the service. Note that they add a 4% service fee to the subtotal (you will get sales taxed on this added 4%). The prompted suggested tip options are (20-25%) so if you choose the suggested options, you are actually tipping over 24-29%. I did not like the added mental math to do while paying when there's a long line of people waiting behind you. The French toast was large and very soft from the brioche. It was delicious. They mushroom toast was great, but be aware that it is also very rich. Shakshuoka was great. I alternated bites of this dish to help balance out the richness of the mushroom toast. Croquet Madame was good too.",4,"Oct 14, 2025",N/A
Republique,4.2,635,N/A,"Had an audition nearby and a friend BEGGED me to bring her French toast. Since we both live in the valley we don't make it over here as much. Once my sister found out where I was headed she asked for a plate too. It's been years since I've been here and I recall now why it's always been on my list. The French toast is big, fluffy and definitely something that should be shared lol. Since I'm trying to be better about not having full meals of carbs and sugar that was the one thing I noted. I also cannot say I know what it tastes like because I was on an extended fast when I was their uber eats. One says it's the best French toast in LA, the other says it's pretty good but bland without the syrup. Normally I'd be the deciding factor but I'm choosing to detox like a crazy person right now - so you decide! Will def be back. Latest menu below. Street parking and valet avail. Inside is stunning with the natural light but it can get packed and LOUD so not ideal for a first date. And I did slide in at 1:50 to order though they close at 2 for lunch and they were beyond kind at placing my order.",5,"Sep 17, 2025",N/A
Republique,4.2,635,N/A,"This was my first visit to Republique for my best friend's birthday and it exceeded all expectations! From the ambiance, service, execution and cocktail/wine selection was 10/10. The highlight eats were our two starter amuse bouche bites: cheese ball and mini pate tart. Both came on a cute tea tier and we all said we would happily eat 100 of each! The crudos and salad was refreshing and presentation was stunning. The iconic bread and butter was also a win...I took an extra one home since it was so good. Our overall experience was fantastic and can't wait to come back to celebrate a loved one here",5,"Oct 19, 2025",N/A
Republique,4.2,635,N/A,"Been wanting to try this place for a while now, it is on so many ""must try"" places in LA so I had to go see what the hype is about.  We came on a Saturday morning at around 830 and there was no line, but the line quickly wrapped around the building after.  You order at the counter along with the baked goods and self-seat yourself.  It was a bit overwhelming for us to figure out what to order because it moved so fast so it would help to know the menu ahead of time: The food: -lobster omelette (good but wouldn't get again, nothing extraordinary) -kimchi fried rice (also good but wouldn't get again) -short rib burrito (delicious enchilada style burrito, would def get again) -mushroom toast (so good and would get again!$ -the PASTRIES (the saving grace of this place and why I'm rating it a 4/5 and not a 3/5) everything we got was so good and probably the only reason why I'd be back The pastries were the highlight for me and why I'll be back.  Is it the best brunch spot in LA? Not at all, but the it's a solid spot to try.",4,"Jan 7, 2026",N/A
Republique,4.2,635,N/A,"Food is great, food is average, service is sucks. Open seating, me and my kid had to keep getting utensils, condiments, napkins, water, to go box ourselves because they were so busy and even though we put 20% tip for $34. Two stalls bathrooms only. Overall it was ok. Ambiance would be very nice if it was not overly crowded.",3,"Dec 31, 2025",N/A
Republique,4.2,635,N/A,"For a morning deal we were 1st in line during the springtime cold l.a. morning, and de oded to be people free in the back outside tables semi covered and like French styled patisserie a d coffee [forgot what roaster] and rep.of tea, this was x3 visits a d actually phenomenal. Period You can see why with the lines and running out early. The menu changes but be sure a d see all of it prior to ordering. Seasonal coffee drinks as well. Saw the donut guyz showed up.[3] to.review, and knew this was gonna be great I have a Professor form L.A. Law School that goes here and appreciates some organic and free range item dishes on their menu Before we left back to SFO we had to get a gift. Ard a d some pastry for the reverse trip. Some of their highlights are breakfast too  crowded for Lunch for us high ceilings to some bar stool.seating. nothing Nothing on the menu we didn't enjoy 10's across. Will return everytime to West Hollywood. Comps to Le Chef the curaot the front mgmt and back of house for art of food! Don't miss when in L.A.",5,"Jan 27, 2026",N/A
Republique,4.2,635,N/A,"Tres Manifique! It is very good and worth the price, less than Keller's place with just as much oomph. Like the location, if you don't do Valet, you better plan on walking..to there. The duck es terrier. and what a menu! French food w/o the attitude. More than a Bistro. Incredible time with Le Spouse & accompaniments. This was worth the trip and wait. Thanks to all for reviewing this place, It just exceeds what you would think. Wines are also tres bien. What a list! Wow. Wanted to give it a five. Very few. San Francisco still wins. My Spouse did is own review for here. Just appreciate a great and quiet meal with friends. My other half had le poisson. For fish it was NOT overcooked/overbaked, it was juicy? But I did not try it as FISH is not por moi. He said it was really good. I would go back for sure. Merci! Rest. Republicque-great job.",5,"Jan 27, 2026",N/A
Republique,4.2,635,N/A,"We've been wanting to try this place for some time, but finally got her today. We parked in the valet (as there was no street parking) and went in.  The entry area is small and we were there at 11:30am and most of the pastries were sold out.  (get there early for the full selection) We studied the menu and ordered a couple of pasteries first.  That is how it works, you order your pastry selections from the case, while waiting in line for the cashier to take your food order.  We ordered a donut hole-like item that had a cream filling and a Passion Fruit cream cake.   For our food, we ordered a Cuban Sandwich and the Adobo Pork Fried Rice.  My wife ordered a cafe mocha and I appreciated that my iced tea was with bergamot. We took our table number (which was an old beat up tin cup - kind of fun) and found a table.  We were seated right at the indoor archways to the back dining room.  I enjoyed looking at the classic cathederal-like architecture while dining. Our food came and it was really good.  I had the Cuban Sandwich and it was probably the best I've every had.  My wife enjoyed her fried rice, but we both loved my salad that came with the sandwich. It was the best thing in the meal!  It was simple butter lettuce, but the home made dressing was unbelievably good, with fresh herbs. We also enjoyed the desserts we ordered, but I was more impressed with the lunch items.  That said the cream pie was tasty. We will be back as there are so many more dishes I'd like to try.",5,"Sep 26, 2025",N/A
Republique,4.2,635,N/A,"Everything was so good! My friends and I shared pastries, both savory and sweet. Raspberry scone and chicken Thai basil empanada- so good! We also got the breakfast sandwich, breakfast quesadilla, and the mushroom and avocado toast. Everything had very good flavor - would definitely come again!",4,"Sep 22, 2025",N/A
Republique,4.2,635,N/A,"I've been a loyal customer of Republique since 2015, when I first moved to the area. For over a decade, this was my go-to recommendation for friends and visitors. I've brought my parents here countless times, and now I come with my own family--my wife and kids. That loyalty made this morning's experience all the more disappointing. We asked the host for savory recommendations, and she suggested the burrito to share. At no point was it mentioned that the dish was extremely spicy. Having worked in the hospitality industry myself, I know that when you recommend something to a guest--especially something as spicy as this was--you mention it. That's basic service. But we weren't warned. The dish turned out to be far too spicy for our young son to enjoy. When we politely raised the issue with the manager, Christine, we were met with defensiveness rather than understanding. Christine's response? ""It's written on the menu""--as if we were ridiculous for not reading the entire menu in detail after specifically asking for recommendations. But who does that? In all my years working in hospitality, I've never had a guest ask for recommendations and then read through the entire menu line by line. You trust the person giving you the recommendation. She also emphasized that ""the majority of the meal was already eaten,"" making us feel guilty for even bringing it up. We had attempted to eat it before realizing it was simply inedible for our table--that's why we raised the concern. And it was not ""majority"", you can see the photo of the piece of the burrito that we took out of the whole! This whole interaction gave us a bad taste in our mouth that made us not want to finish even that piece. What struck me most was how the conversation unfolded. I approached her apologetically, genuinely sorry to be making any kind of request. That wasn't received--Christine was clearly annoyed from the start. When I told her I felt she was guilt-tripping us, she deflected rather than addressing the concern. She didn't ask if my wife and I might still want to keep the dish--she simply said she'd come by to take it away, which meant they would just toss it. It felt less like a resolution and more like a dismissal. My wife was equally upset by the interaction. The only time Christine's demeanor shifted was when I mentioned I would be leaving a review and asked for her name. Good customer service means listening to concerns and finding solutions, not making customers feel bad for asking. A simple acknowledgment--or an offer to help--would have turned this into a positive experience. Instead, we left feeling dismissed and unwelcome. After 11 years, I can no longer recommend Republique. Not because of one spicy dish, but because of how we were treated when we raised a concern. The food may be decent, but how you treat longtime customers when issues arise matters just as much--if not more. We won't be returning.",1,"Feb 9, 2026",N/A
Republique,4.2,635,N/A,"Stopped by for their cafe brunch with my four legged lunch date accompanying me in her stroller(restaurant closed on Monday).  They had a good selection for brunch and numerous options for delicious pastries so had to dabble a few and then bring them home to finish later.  The venue is also stunning with a slight rustic style with modern twist .  Felt like I was dining in a castle.  Outdoor seating also available especially if you have a service dog. Here's what I tried: 1.  Kimchi Fried Rice: served in a hot pan with bed of fried rice (white rice, kimchee, small pieces of rib bites-hardly any meat) with poached egg on top and garnished with herbs, pickled yellow radish, fresh red radish slices, and sesame seeds.  This dish was decent but nothing stellar. 2.  Also ordered an assortment of pastries...Ibe brioche (light brioche with ube cream that's not too sweet-good), pecan pistachio brioche (brioche filled with creamy white filling and topped with a thick layer of caramel mixed with loads of pecans and pistachios-this was good. It felt a bit too heavy on the caramel), carrot cake (standard carrot cake with some cream cheese-not bad), and the last one I'm not sure what they call it but it was delicious.  I'm calling it a coffee cake Bundt cake.  This one was my favorite.  Very fresh Bundt cake with creamy coffee frosting and crumbled coffee cake on top.  Soooo good. Would love the to try their restaurant menu when I get a chance.",4,"Sep 14, 2025",N/A
Republique,4.2,635,N/A,"What a great experience. From the beginning of service until the end. It was superb. I still can't wrap my head around that baguette and drippings! Absolutely phenomenal. I absolutely loved your play on a gin and tonic.  Last but not least, the brown butter cake with tangerine was sublime.",5,"Apr 23, 2026",N/A
Republique,4.2,635,N/A,"This place is not mind-blowing like some people make it out to be, but the brioche in the French toast was soft and pillowy with crispy edges and the ricotta toast had a nice balance between the cheese and fruit. Highly recommend sharing the French toast and going without the maple syrup because it can be heavy. The fruit on the ricotta toast is seasonal I believe? But the oranges on my toast were kind of odd next to the persimmon texture-wise, albeit providing a very satisfying color palette.",4,"Jan 14, 2026",N/A
Republique,4.2,635,N/A,"My friends and I decided to check this place out for brunch this past Sunday after seeing how beautiful the space was on social media and the variety of baked goods and food items they have. They don't take reservations for brunch, so we waited in line but, the line went by pretty fast. You basically make the line and enter the bakery area where you have the option to pick any baked goods and pay for them there or if you are ordering from the brunch menu, you have a separate counter to order and pay for your food and drinks. The place was packed when we arrived around 12:45 p.m. on a Sunday, but we were able to grab a seat at one of the communal tables upstairs. The service left a lot to be desired. It seemed like the staff had a hard time locating customers and delivering food efficiently, likely because it's a counter-service cafe rather than a traditional sit-down restaurant. My boyfriend and I ordered two fried chicken and waffles, an orange juice, a peach Bellini, and an ice latte, which totaled to $118 after a 20% tip, which I thought was excessive. The fried chicken was good but the corn gravy below it was too sweet and made the waffle soggy, which made it not so enjoyable. My peach bellini was also average. I did however enjoyed my vanilla latte. My friends ordered the fried chicken and waffles and the kimchi fried rice, which they also thought was average and overpriced. Overall, I would say that this place is overhyped by influencers, and not a place I'd most likely come back to.",3,"Aug 5, 2025",N/A
Republique,4.2,635,N/A,"It was my first time here ( I know, I know - late!) but it was  great experience. I loved the inside decor and seating option, I loved how they have forks and knives and napkins ready on the table, and I really loved my yuzu soda and potato salmon pancake looks like a small meal, but it's sooo good and very filling! Overall this was a great experience, and I will be returning!",5,"Apr 23, 2026",N/A
Republique,4.2,635,N/A,"I had brunch at Republique for the first time last Friday! I brought my friend and we had a tasty meal. We parked in the residential area nearby and arrived at Republique at around 10:45am. We ordered at the indoor counter, where there was a short queue, and we quickly found seating afterwards. We loved the ambiance of the place with the high ceilings and lively atmosphere. The service was fast and the staff were friendly. Their pricing was on the higher end, but as expected for a restaurant in west LA. We shared This Morning's Bread, which was simple, yet fresh. The bread was still crisp, and the butter & jam spread nicely. My entree was the Shakshouka, which was colorful and tangy from the tomatoes; and filling with the poached eggs, chickpeas, and same bread. My drink was the iced Black Sesame Latte with almond milk, and it was refreshing, nutty, and not too sweet. Also, I ordered a couple of pastries to-go, including the Black Sesame Frangipane Danish and Calamansi Poppy Seed Brioche. Both pastries were delicious, but I preferred the latter more because the calamansi filling was prominent and the brioche was light & airy.",5,"Sep 4, 2025",N/A
Republique,4.2,635,N/A,"Great place, got lucky- very small line. Really cool interior with upstairs seating.  Very well decorated and maintained- the service is great.  Tons of people working around you. Got a short rib breakfast burrito - we will see!",5,"Apr 18, 2026",N/A
Republique,4.2,635,N/A,"Loved the brunch here!! We arrived around 11am on a Saturday and the line was only about 15 min long. We got the French toast as well as the potato leek soup/grilled cheese/salad combo. The French toast was extremely buttery but very delicious and filling. We also loved how the grilled cheese had caramelized onions in it. The black sesame latte I got was also spectacular, perfect level of creaminess and sweetness. I'd come back to try more brunch items!",5,"Dec 24, 2025",N/A
Republique,4.2,635,N/A,"Avocado toast was great, highly recommend it. Kimchi fried rice was ok but not a good dish for brunch, it's heavy so it's more for dinner or so. Regular latte was good. The Viet coffee/latte was just the regular with condensed milk, not recommend this one. Be aware of 4% team benefits and for large party adding 20% gratitude charge.  Everything added up; it's quite pricey for brunch.",4,"Apr 11, 2026",N/A
Republique,4.2,635,N/A,"First, I totally understand why this is such a highly reviewed spot in LA. It's worth the hype! We had the Breakfast Sandwich, French Toast, and Potato Pancake with Salmon (a must!!). We also ordered a number of pastries to go. If you are looking for your next place for brunch - this is a no-brainer. (Be prepared to wait around 20-30 min before you get a table).",5,"Jan 8, 2026",N/A
Republique,4.2,635,N/A,"Start to finish our experience at République was exceptional! The cocktails were so refreshing after being out in the heat. My favorite was the snap pea, spirit forward without being overpowering. We shared quite a few different dishes, the bluefin tuna toast with caviar, the Kumamoto oysters, the baguette, Dover sole, and the zucchini & basil risotto. Everything, even down to the baguette was beyond expectations. The Dover sole was expertly deboned tableside, light flaky buttery perfection! The fresh truffle portion on the risotto was generous & really boosted the flavor profile. Our server, the manager, every staff member we interacted with was kind and attentive. Epic meal, so glad we had the chance to try it during our visit!",5,"Aug 23, 2025",N/A
Republique,4.2,635,N/A,"I just love that their mint tea is actually whole miint leaves in a pot,it looks so pretty!",4,"Jan 5, 2026",N/A
Republique,4.2,635,N/A,"10/10 would recommend. Ambiance, food, service were all spectacular. You will need to valet at this location unless you find street parking. The building is really unique and older, definitely fits the vibe of the restaurant. At the front of the restaurant, you can watch the chef's cook thru the windows.",5,"Jan 18, 2026",N/A
Republique,4.2,635,N/A,"Line may be long outside but it goes by quick. Came around brunch time on a sunday but didn't have to wait much at all! We self seated ourselves and they served to our table via the cup number. We ordered: - benedict sandwich: more filling than it looks, one of the best benedict's I've ever had. was surprised not many people ordered this! - croque madame: suuuper filling and savory. Love the seasoned salad that came with it as well, cut the grease of the sandwich perfectly. Apparently this place was owned/designed by Charlie Chaplin, the interior is beautiful. Definitely a tourist spot but I would come back!",5,"Aug 19, 2025",N/A
Republique,4.2,635,N/A,"This place has a reputation that stands on excellence. I have ordered desserts from here for all occasions for years and I pride myself in being a loyal customer . Until today . It is Easter Sunday and I ordered a banana crème pie that i remember to be big fluffy, generous and beautiful. To my shock it's flat and the size of something you'd get premade in your frozen section. I never before ordered from them and got something so ridiculous. I'm off to another bakery to find dessert for my lunch in 2 hours.",1,"Apr 5, 2026",N/A
Republique,4.2,635,N/A,"Wonderful! I was half expecting to be disappointed because it's so popular but Republique exceeded my expectations. We came by during the late morning around 11am on a holiday week. There was a long line outside, but it moves quickly. It does feel a bit rushed when you finally get inside because the pastries ALL look amazing, and if it's busy, there's a lot of people inside this small entry space. Someone behind the pastry counter will take your pastry order, then you go to a cashier who takes your order for any menu items. This is also explained by the person behind the pastry counter. We got a few pastries including the banana bread, pumpkin muffin, and almond croissant. We took these home and ate them later. They were all absolutely delicious. For our menu items, we ordered the breakfast sandwich, potato cake, french toast, and quiche. Everything was fantastic. The quality of the items is excellent. Each item also has something that stands out. For example, the brioche french toast is fluffy and decadent. The bfast sandwich is small and simple, but the bun is crispy and egg is perfectly runny. The quiche was light and smooth. The potato cake beautiful and filling. Everything was memorable. We also ordered an iced latte and hojicha latte. The hojicha was a bit too sweet for me. It's also small. The regular latte was a good size and delicious. Overall, the pastries feel like a good value along with the iced latte. However, the menu items are expensive, as was the hojicha latte. Overall, it was absolutely worth a visit, and I wouldn't hesitate to come back. It can be pricey, but worth it in my opinion. A few more notes... after you order, you look for a seat. We sat on the patio which was almost empty because it was drizzly that day. But there's some light mesh covering and we had our dog with us, so outside was perfect. The outdoor patio is dog friendly during the morning/afternoon hours, but not for dinner. Service was great overall too. Parking is a mix of residential and meters. Make sure you look at the plethora of signs if you park in the residential area. Mostly be aware if it is 1-2 hour limit or street sweeping.",5,"Dec 30, 2025",N/A
Republique,4.2,635,N/A,"Very cute and aesthetic restaurant! A fun place to be with friends. It seems to always be packed with a line out the door, and you line up to pay at the front before finding seats on your own. Food is definitely on the pricey side, expect to pay $20-50 for main dishes. I got the breakfast burger which I thought wasn't bad but nothing spectacular, it used a pork belly sausage and had a raw egg on top. The fingerling potatoes were ok, flavor was good but was hoping it would be crispier. The hojicha latte was decent as well. We got 3 desserts to share, the one I liked the most was the pandan coconut cookie (the texture was perfect).",4,"Dec 30, 2025",N/A
Republique,4.2,635,N/A,Still a favorite breakfast place Loving the new Turkish egg dish The pastries are always on point Cold brew is delicious too- not too acidic,5,"Dec 20, 2025",N/A
Republique,4.2,635,N/A,"Loved brunch here! We got the croque madam, kimchi rice, and corned beef hash. Also the Vietnamese latte, caffe mocha, a creme brûlée bombolini, banana salted caramel bombolini, and strawberry cream Cheese pop tart. AMAZING. Their pastries are super reasonably priced- $2-5 for the majority of them. Everything was delicious. We got here at 9:40 and there was a 20 minute line. The valet is free on weekends until 11am by the way which is nice.",5,"Dec 20, 2025",N/A
Republique,4.2,635,N/A,"Well, all it takes a quick look and drive by and you see the long line coming out the front door. I guess it must be a great place for Breakfast, Brunches, lunches. It's a tight place to get in, maneuver around the cashiers, seats, and the open kitchen. Also, it takes patience for sure. Wait to order, wait to seat, wait for your food and beverages. And for a party of 4 the food and drinks also arrived at different time, which made it not so exciting as we waited for one another to enjoy the food together. The taste, presentation, and amenities including the dish-ware were all above average and made your mood more joyful. Many worker roam around too, I guess to pick the dirty dishes and clean the table to make it ready for the next customers. Hut your table is not individually waited on.  So you need salt and pepper, another jog of water, more napkins, you are better off just getting up and grabbing it yourself. Those are all available on the tables by the kitchen areas. However, the experience takes away from you just enjoying your company and conversations. So, why so many people love this place! IDK! I liked it but as you see in my write up, they can be much more organized and more customer friendly. I finally flagged a worker with tray speeding by asking, well felt like pleading, to take our dirty dishes, and he took 1/2 of them and never came back. Perhaps, they don't want you to get used to their help!  I didn't like it. Also, Valet parking $14 and they apparently drove my car off the lot as the adjacent space is tight and small. I didn't like that either. I still give them 4-Star as the food was very good and plentiful.",4,"Aug 4, 2025",N/A
Lou Malnati's Pizzeria,4,88,N/A,The people who work here are super patient and kind. W disabilities sometimes I need explaining with tech related things and they were super patient and treated me with extreme kindness the pizza smells amazing and look forward to eating it. Thank you again for your kindness and patience it means a lot. If you go here you will be in good hands,5,"Dec 6, 2025",N/A
Lou Malnati's Pizzeria,4,88,N/A,Thank you for taking the time to share your experience! We're thrilled you enjoyed your visit and appreciate your kind words. Your feedback helps us continue delivering the quality service our customers expect. We look forward to seeing you again soon. -Lou's Guest Services,5,"Dec 6, 2025",N/A
Lou Malnati's Pizzeria,4,88,N/A,"Absolutely loved this pizza. First deep dish I've had in years and when visiting Chicago I knew I'd have to get some. The crust was crispy, the sausage was juicy and delicious, and the cheese pull was insane! I was stuck between here and pequods but this place was closer and there wasn't a line so that was clutch. The inside was super clean and nice with an old school type feeling. Service was okay over the phone- I asked for 18 crushed red peppers because there was 9 of us and the lady who answered was just like ""yeah I'm not giving you 18. I'll give you 10."" I was like wellll alright then. She was right tho we didn't end up using all 10 Service was good upon arrival and most important thing was how delicious that deep dish pizza was. Perfectly balanced with sauce to crust to meat ratio I'd 10/10 recommend and want a frozen one sent to me",5,"Apr 3, 2025",N/A
Lou Malnati's Pizzeria,4,88,N/A,"Bucktown Lou's is top-notch. I went here on a VERY busy football night, it was packed, and the employees could not have been more organized, composed, kind, fast, efficient, and happy to serve. The wait was not too bad, they moved so fast to get everyone what they needed and their composure even caused us waiting to happily have patience and all was well! I got my pizza, went on my way, and enjoyed a delicious sausage, pepperoni, and mushroom thin crust! Well done, Lou's Buckdown for earning both a touchdown and field goal on both service and deliciousness!",5,"Jan 12, 2026",N/A
Lou Malnati's Pizzeria,4,88,N/A,Thank you for taking the time to share your experience with us. We're delighted you had a positive experience. -Lou's Guest Services,5,"Jan 12, 2026",N/A
Lou Malnati's Pizzeria,4,88,N/A,"This was my 2nd visit to Chicago so I had to try a different version of deep dish! Previously I had Pequod's and found that not tasty at all as the pizza was all bread, had a strong yeast taste and literally absorbed the sauce into the bread! Lou Malnati's I found much better! The contrast of bread to toppings and sauce was done very well and I see why people say it's one of the best! I've tried Giordano's but in Vegas and it was a small portion so I will have to give that 1 more shot to see who is the winner but I can agree that Lou Malnati's is a brand you can trust! Not to mention they are everywhere!",4,"Jul 30, 2024",N/A
Lou Malnati's Pizzeria,4,88,N/A,"We've been ordering delivery from this location for years and they never disappoint. The pizzas are always delivered hot and amazing. Their deep dish is king, but their thin crust is also so good and so crispy! I recommend ordering buttercrust and all pizzas well done. The people who work there are cool too, nice service.",5,"Jan 25, 2025",N/A
Lou Malnati's Pizzeria,4,88,N/A,"Ordered delivery: a Chicago special deep dish, uncut well done. It arrived a soaking mess, with the sauce and sausage too small for the pie it sat on. Really unappetizing.",1,"Dec 12, 2025",N/A
Lou Malnati's Pizzeria,4,88,N/A,"I know that some things happen and that could be fixed but waiting and not be told for any type of updates on an order is very rude. I am a delivery person. Uber eats. I waited at the pick up two delivery orders. The girls there was glasses, supposed to come back and let me know. How long is it gonna be finally I spoke to her and she told me that there were some kind of messed up orders. everything was packed up, but I would at least appreciate being told not waiting there 30 minutes so I had to cancel the orders because I had a ready order in my car that I had to deliver to another client and when I cancel orders on my Uber Eats app, it brings down my points not fair there",1,"Mar 13, 2026",N/A
Lou Malnati's Pizzeria,4,88,N/A,"I needed a new pizza spot because the last 2 times I visited a Giordano's location; they just didn't have that signature buttery crust flavor I fell in love with. Lou Malnati was the spot I opted for and what a great  choice I made.  I ordered my pizza online and picked it up on my drive back to St Louis.  The pizza was hot and delicious. Everything was how I asked ie uncut and light on the sauce. Their pizza dough, mozzarella cheese, and pizza sauce do not contain any alcohol.  Lou Malnati's mozzarella cheese, parmesan cheese, and romano cheese are all made with a vegetable rennet, not an animal rennet. If you're in Chicago ,check them out.",5,"Jun 18, 2023",N/A
Lou Malnati's Pizzeria,4,88,N/A,"Got so many recs to come to a branch of this pizza shop when in Chicago and I'm glad a fellow pizza lover and I went to check it out! This particular location can be really hard to find (before the brick entrance thing) because it's really small and hidden in a corner so we had to circle the area a couple of times but the people that work there were so fun and lively! While this place does sound like the Illuminati, the only mystical part about it is how they made their pizza so delicious! If you're in the Chicago area and are looking for a place to experience your pizza fix, would definitely recommend checking this place out!",4,"May 25, 2024",N/A
Lou Malnati's Pizzeria,4,88,N/A,Our first stop every time we visit Chicago. Best deep dish in town. Get the buttercrust!,5,"Nov 17, 2024",N/A
Lou Malnati's Pizzeria,4,88,N/A,"Perfect deep dish, and garlic bread! We got delivery and it was super fast and good was super hot.",5,"Oct 21, 2024",N/A
Lou Malnati's Pizzeria,4,88,N/A,"Thank you for the positive feedback, Candi S! We're glad you enjoyed our deep dish pizza and garlic bread.",5,"Oct 21, 2024",N/A
Lou Malnati's Pizzeria,4,88,N/A,"Came to Chicago for the first time and was told this place was a no-brainer to visit. Their deep-dish is amazing and definitely not doughy like Giordanos or other deep dished pizza some can be. Their appetizers were amazing, too! Our favorite was their chicken wings and fried zucchini and mushrooms (definitely order their appetizer sampler). We didn't take pics of their pizza but we ordered their small pizzas to share with 3 people was fulfilling enough with only like one slice leftover! The 'Malnati Chicago Classic' and 'The Lou' pizza are a must get when you're eating here!",5,"Dec 12, 2022",N/A
Lou Malnati's Pizzeria,4,88,N/A,"The Lou Deep Dish pizza was really good lots of flavor, I also love veggies so it was perfect. Wasn't as deep as I pictured for a deep dish pizza but the great service and the flowerbeds on the outdoor patio made it worthwhile",4,"Jun 17, 2025",N/A
Lou Malnati's Pizzeria,4,88,N/A,Thank you for taking the time to share your experience with us. We truly appreciate your feedback and are glad you enjoyed your visit. Your input helps us continue improving our service and providing the best possible experience for our customers.-Lous Guest Services,4,"Jun 17, 2025",N/A
Lou Malnati's Pizzeria,4,88,N/A,"You cant go to Chicago without trying their famous deep dish pizza! I've heard from locals and tourists that this is the place to go. We tried to go (but it was so packed) before our fancy Michelin starred dinner and I'm really glad we didn't because BOY were these filling! So we came bright (11 AM) instead and had no problems finding a table. We had the Malnati Chicago Classic and added hot giardiniera. It came out pipping hot and FULL of meat. The cheese was perfect and stringy and the hot giardiniera had a perfect amount of heat. A small had 4 thicc slices so we were soooo full at the end. We also had the malnati salad which had romaine lettuce, bruschetta tomatoes, black olives, mushrooms, salami bits and gorgonzola cheese with sweet vinaigrette and romano cheese- This is one of the best salads I've had in a while We even carried 4 of these in frozen version and smuggled them across the boarder! I definitely recommend adding this to your Chicago eats!",5,"Oct 25, 2022",N/A
Lou Malnati's Pizzeria,4,88,N/A,"This was a well-known pizza place that we saw online before our trip to Chicago, and I have to say that I'm really glad I came here! Pre-covid, this place was really crowded and so we had to wait a while to be seated. The inside can fit a decent number of people, and the servers there were pretty nice and welcoming. For the food, this pizza is hands-down the best deep-dish pizza that I've had so far. The portion sizes are huge (as expected from deep-dish), with thick crust that's crispy and hot. The flavors are great, with a ton of sauce and cheese that make it an excellent pizza. It comes pretty hot so be careful to not burn your tongue, but after that the pizza is thoroughly enjoyable and one of the best overall pizzas I've had. Overall, while the wait may be long it's definitely worth it to try one of the best deep-dish places in Chicago!",5,"Dec 15, 2020",N/A
Lou Malnati's Pizzeria,4,88,N/A,Ordered the Malnati deep dish pizza and it was just ok. The sauce was extremely watery and was all over the cardboard box. The sausage on the pizza isn't crumbled but instead a thick layer of sausage on the entire pizza. Giordanos is much better and they have a meatlovers option on the menu instead of a think layer of sausage. Will not return.,3,"May 26, 2021",N/A
Lou Malnati's Pizzeria,4,88,N/A,"Hi Mag , we are sorry you had a disappointing experience with us and that your pizza wasn't our best quality. Thank you for bringing this to our attention! Please send your feedback to https://www.loumalnatis.com/contact so we can hear from you more directly. We are looking forward to hearing from you and truly appreciate your patience with us. Best, Emily Goetz Lou Malnati's Pizzeria",3,"May 26, 2021",N/A
Lou Malnati's Pizzeria,4,88,N/A,"I regrettably ordered a personal pizza, which I've read from other reviewers is a no-no if you want the traditional deep dish flavor. I left Lou Malnati's thinking maybe I just didn't like deep dish, but then had Pequod's the following day and changed my mind. While the butter crust is indeed buttery, I don't think the pizza is nearly as flavorful as it could be. I love cheese that is almost or partially burnt and a doughy bread, but if your preferences are different, Lou Malnati's could be the one for you!",4,"Aug 10, 2024",N/A
Lou Malnati's Pizzeria,4,88,N/A,"Thank you Madison, appreciate your feedback!",4,"Aug 10, 2024",N/A
Lou Malnati's Pizzeria,4,88,N/A,"So happy with my experience here! My friend and I are visiting Chicago and all of our friends recommended this place for delicious deep dish pizza. Boy did they live up to expectations! The staff was so kind and could tell it was our first time there. They guided through how to order, and even gave us tips on how to have our pizza cooked and how to get the most bang for our buck! I will totally be recommending this place to anyone I know visiting Chicago",5,"Jul 11, 2023",N/A
Lou Malnati's Pizzeria,4,88,N/A,"Dear Erin, Greetings! We are thrilled to hear that you had such a positive experience at Bucktown - Lou Malnati's Pizzeria. Thank you so much for taking the time to share your feedback with us. It's always rewarding to know that our staff made you feel welcome and provided you with helpful guidance during your visit. We pride ourselves on delivering the best deep dish pizza in Chicago, and we're glad that we lived up to your expectations. We truly appreciate your recommendation and will be more than happy to welcome anyone you know visiting Chicago. If you have any further questions or need assistance in the future, please don't hesitate to reach us at (773) 395-2400. Thank you again for your kind words, Erin! We hope to serve you some delicious pizza again soon. Best regards, Bucktown - Lou Malnati's Pizzeria",5,"Jul 11, 2023",N/A
Lou Malnati's Pizzeria,4,88,N/A,Lou's is a staple in Chicago; great convenient pizza that you can't really go wrong with. I always prefer their tavern style but always a great go to for parties. Service is quick and affordable prices.,5,"Aug 12, 2024",N/A
Lou Malnati's Pizzeria,4,88,N/A,Thank you for the 5 star review Scott! Have a great week!!,5,"Aug 12, 2024",N/A
Lou Malnati's Pizzeria,4,88,N/A,"TL;DR: This review is in regards to their frozen pizza! I really wanted to bring some good pizza back home to my friends. I've heard good things about Lou Malnati's and wanted to give this place a try. My belly was full to the brim with deep dish, so I knew I couldn't eat anymore at that very moment. We found out that this pizza shop sells frozen pizza that you can even fly back home with! SCORE! I ordered the veggie and the sausage pizza. MY GAHHHH....the pizza was sooooo darn good. I'm so happy I got to try Lou Malnati's at the comfort of my home in Los Angeles!",5,"Jul 22, 2021",N/A
Lou Malnati's Pizzeria,4,88,N/A,"Came back to Chicago after a trip to NYC and was unfortunately disappointed by the pizza representation. I ordered the ""Lou"" with a few extra toppings. I am not the big deep dish fan but had heard great things about the thin crust pizza here. Sadly it did not even get close to the bar, let alone meet it. To my dismay the pizza, a personal, was much smaller than I expected. Typically single pizzas are at least 8-10 "" diameter. I asked for the pizza to be well done for crispier edges which did help make it crunchy, but the middle of the pizza was undercooked. Somehow the entire pie was flavorless and lacked any interesting texture besides mushy. Hope to come back another time and give some of their other specialties a chance, but I definitely had heightened expectations going into it.",2,"Dec 20, 2021",N/A
Lou Malnati's Pizzeria,4,88,N/A,"Amazing! Friends kept recommending we go here while in Chicago and it did not disappoint. If travel had been easier, I would've taken a frozen one home! I liked this much better than other deep dish pizza I tried in Chicago.",5,"Jun 30, 2023",N/A
Lou Malnati's Pizzeria,4,88,N/A,"We stopped here on Wednesday, November 6, as we were heading back home to Des Moines. Plan was to pick up some pizzas to take back to Iowa to heat up at home.  We got there 5 minutes after they opened, and we were greeted by a very helpful, friendly and professional gent. I wanted to mention the date, as I didn't get his name, but he was a great representative of this Malnati's location. A tip of the hat to this guy. We took four pies to go, and just finished the last one this week.  We took sausage and cheese pizzas home with us.  They were all awesome. The dough is so beautifully delicate with the perfect amount of crunch and a slight sweetness. Great sauce and the sausage was impressive. Wish there was a Malnati's in this town! Remember, you can order Malnati's on goldbelly website. I've ordered them to be delivered to those friends who you really love.",5,"Dec 14, 2024",N/A
Lou Malnati's Pizzeria,4,88,N/A,"After being told ""Maybe I am having a bad night"" by a supervisor when waited 15 mins without anyone saying anything to me or given my change after payment...I am positive there are better places near Damen and Milwaukee to get pizza from. The pizza is a 5 star pizza but the customer service or rather lack of it this evening makes this place a ""not worth it"". Before anyone jumps on me about giving the workers a break I will say thats BS bc there were 4 employees in the front all standing around socializing, looking down, and purposely not talking to anyone in the lobby.  If the preference is curbside pick up ....as stated on their own website...then why on this evening none of the employees were going out delivering to the cars? Maybe this place is only good when delivered...as my initial review was for their delivery. Two stars .... bc while the pizza is great I have had waaaaay better interaction getting my food.",2,"Jul 4, 2021",N/A
Lou Malnati's Pizzeria,4,88,N/A,"Thank you for writing a review! I am happy to hear you had a great experience and enjoyed our pizza. We look forward to serving you again soon! Cheers, Nicole Malnati Organization, Inc.",2,"Jul 4, 2021",N/A
Lou Malnati's Pizzeria,4,88,N/A,"So good!! Ordered the bruschetta and it was still crispy when delivered!! The delivery man was on time, courteous and put pizza pie a work of art. The veggie deep dish was great! I always did love Lou's",2,"Jul 4, 2021",N/A
Lou Malnati's Pizzeria,4,88,N/A,"We've been enjoying stuffed spinach pizzas since living here for a year back in the '80's. Lou's is a good solid Chicago stuffed pizza with its own special taste and texture. Always good, always fresh. We did delivery for this one and it arrived ahead of schedule (45 minutes) and the extra marina sauce was great. A large fed 6 moderately hungry adults so made a pretty affordable dinner for travel weary folks. Even the 4-year old enjoyed a piece. In retrospect I think the Lou's Special would be preferred. But the regular spinach was hard to beat.",4,"Jun 25, 2023",N/A
Lou Malnati's Pizzeria,4,88,N/A,Good deep dish option. The sauce was ok but we got The Lou which lacked the savory flavor. Easy to order and easy to pick up at this carry out only location.,4,"Oct 11, 2021",N/A
Lou Malnati's Pizzeria,4,88,N/A,We got the Malnati Chicago Classic and Deep Dish the Lou. Both of them were so good! My only thing is that the sauce is a bit runny.,5,"May 17, 2024",N/A
Lou Malnati's Pizzeria,4,88,N/A,"I mean, between all the deep dish I've had, Lou's ain't the worst but I honestly liked Gino's east in Miracle mile better.  I hated Giordanos, and Lois is just okay... All this being said, the style of pizza is generally trash, I'm a New Yorker and you're all lesser humans for liking this casserole crap. Lol",3,"Sep 15, 2018",N/A
Lou Malnati's Pizzeria,4,88,N/A,"Pandemic precautions: Online orders only with curbside pick-up. Customer service: 3/5 Food was not ready in time. Small customized deep dish: 5/5 Very good, love pizza from lou malnati's. Always get buttercrust. Caesar salad: 5/5 Decent and basic salad, but the delicious fatty dressing is whats up.",5,"Nov 17, 2020",N/A
Lou Malnati's Pizzeria,4,88,N/A,Terribel attitude and behavior from pick up side. The guys literally creamy to customer as well as delivery drivers. Fire this guy!,1,"Nov 1, 2024",N/A
Lou Malnati's Pizzeria,4,88,N/A,We apologize for the behavior you experienced. Please contact us at (773) 395-2400 to discuss this further.,1,"Nov 1, 2024",N/A
Lou Malnati's Pizzeria,4,88,N/A,Perfect pizza and pasta right on the money. Great service definitely recommend Chicago staple.,5,"Apr 9, 2024",N/A
Lou Malnati's Pizzeria,4,88,N/A,Cleanliness: 3 Quality: 5 Service: 5 Taste: 4 All fresh ingredients. The pizza was cooked perfectly and tasted great! The sausage in the Malnati wasn't a hit with us because we aren't sausage lovers but overall a delicious tasting pizza! The Lou was a  perfect vegetable medley! The quality of ingredients here is evident in the taste and overall outcome! Loved it!,4,"Jan 8, 2019",N/A
Lou Malnati's Pizzeria,4,88,N/A,"The Netflix depiction of Lou's is right on the money! I have been  saying that since before l stop ordering from you guys.  It's just not pizza! No cheese for a deep dish! A joke!  It's Just a blob of ""cement like mass""! I never got a refund for the crappy pizzas  I received. So take it now,! Is the exact description of what you served! Sorry . I miss Lous it went to crap!",1,"Oct 8, 2020",N/A
Lou Malnati's Pizzeria,4,88,N/A,"Hi Laura, we are so sorry to see you had a disappointing experience with us and that your pizza wasn't our best quality. Please send your feedback to https://www.loumalnatis.com/contact so we can hear from you more directly right away. We truly appreciate your patience with us. Best, Michelle Martinez Lou Malnati's Pizzeria Previous Response 12/31/2018 Hi Laura, We are sorry to see you had a disappointing experience with us and our services. We would love to hear from you about this more directly. What could we have done better? Please click the link to fill out the corresponding information. We are looking forward to hearing from you. http://bit.ly/LousCrew Best, Michelle Martinez Lou Malnati's Pizzeria",1,"Oct 8, 2020",N/A
Lou Malnati's Pizzeria,4,88,N/A,"No matter what you do, the staff (on the phone) simply CANNOT follow instruccions. I ask for Jardinera peppers WITH OIL...Yes! You have it and l want it. Nope! They send the driest Fricken peppers that simply look like they been dropped on the floor.!  Not to mention FROZEN HARD tiramizu. AGAIN!!! What a fu..????? So annoyed! Why is it so hard to please paying top dollar customers??? Beliguered",1,"Oct 8, 2020",N/A
Lou Malnati's Pizzeria,4,88,N/A,"Today l had a delivery that was amazingly not the usual hour and half, (pros) however it should have been! Since the tiramizu was FROZEN like the movie! I called them to let them know that l basically received a brick to be had another day and the lady manager basically said to me that yes, since they are hand made they are frozen because ""they cant just leave them in the cooler like that"" oh... my bad... oooooh ... kay...? what am l ? 6 years old? Is that the response to a $40 dollar medium pizza and dessert order? How about "" l apologize for that, let me give you a credit for your frozen cake  for the next time you order (since is their job to foresee that they  maneuver whatever handling frozen items need to be addressed before delivery) then she can save her reindeer stories about how the tiramizu is handle. (I dont care! I just want to eat it upon delivery! Not after l defrost it!!!!  Might as well go to Caputo and stash up on frozen crap from the novelty section! who trained this people on the phone? Judas?",1,"Oct 8, 2020",N/A
Lou Malnati's Pizzeria,4,88,N/A,"This location has been constantly declining in consistency. I order a deep dish pizza with spinach Friday night and what l received was basically crust, a hint of spinach and a smear of tomato sauce. This pizza was so meager l had to grab some slices of cheese out of  my fridge and also some olive oil to give it some moisture. Since when one must order double sauce double spinach and double cheese to get a normal pizza with some ingredients?. I really think they guy making this pizza was on a budget, but he  literally went to far. I was so hungry to call right then and there and express  my dissatisfaction (As usual when one orders a pizza on a Friday night) Lu Manaties...  I am done with you. This was the last straw. : ( Any suggestions on deep dish pizza near by?",1,"Oct 8, 2020",N/A
Lou Malnati's Pizzeria,4,88,N/A,"Really enjoy their pizza and this place offers the both take out or delivery. You can customize the pizza if you call or order on their application and I have enjoyed their thin crust plus their promotions. These last times, they do curb side pick up so they do come out to know what you are picking up and they will bring it out to you. They have free parking and you may walk up to pickup.  Will come back.",4,"Mar 22, 2021",N/A
Lou Malnati's Pizzeria,4,88,N/A,"Thank you for your review, Miguel. We are happy to hear you enjoyed your pizza and had a great experience with our team while picking up your pizza. We look forward to serving you again soon!",4,"Mar 22, 2021",N/A
Lou Malnati's Pizzeria,4,88,N/A,Really enjoy their pizza and this place offers the same for take out or delivery.  You can customize their pizza and I have enjoyed their thin crust. This last time I picked up my pizza and the lady at the register was warm and friendly. They have free parking as well. Will come back.,4,"Mar 22, 2021",N/A
Lou Malnati's Pizzeria,4,88,N/A,"Ordered carryout from this location the other day. It was a quick process to order our pizza online and scheduled the pick up. We arrived a few minutes after the scheduled pick up time. This particular location has limited parking spots and the lobby was currently closed. An associate (with a mask on) walked out and asked for the name on the order.  Upon giving her the name on the order, she retrieved our order and handed it to us all while we were standing outside. We ordered a small original deep dish and it was delicious. The pizza stayed hot and the crust was still crispy when we ate it about 15 minutes after picking it up. The sauce was very flavorful and had a good depth. Although it was very filling, it didn't leave me feeling like I had eaten way too much. The small was perfect for two people to share.",4,"Jul 2, 2020",N/A
Lou Malnati's Pizzeria,4,88,N/A,"Lou Malnati's is the franchise king of deep dish pizza in Chicago. This is a take out only location. Limited time, private parking lot. Cannot walk around if you park here. Ordered over the phone. Took 20 minutes to bake. Did not want to have to sit around waiting for it to cook. They have a freezer section to buy bake at home pies. Chicago Classic, personal - $9.95 - Comes with sausage. Crust is thick, good crisp, and super buttery. Still a good size for me and the wifey to share, you get bored and full fast eating a lot of this.",4,"Aug 14, 2019",N/A
Lou Malnati's Pizzeria,4,88,N/A,Delicious. Looks like the photos. Our cheese pull was truly exciting. The roasted tomatoes tasted sweet and the cheese was baked to stringy perfection.,5,"Jul 27, 2024",N/A
Lou Malnati's Pizzeria,4,88,N/A,Love Chicago pizza when I am in town. Try a new place every time  purchased a couple to take back with me,5,"Jul 10, 2024",N/A
Lou Malnati's Pizzeria,4,88,N/A,One of my favorite pizza places in Chicago. I also love their Lou salad and dressing.,5,"Apr 12, 2023",N/A
Lou Malnati's Pizzeria,4,88,N/A,"Before my flight from LA I posted asking where the best spot in Chicago to eat were for deep dish. When I landed I saw a whole lot of responses for Lou's. Long story short we pulled up directly from the airport. Our server Frankie was so on point with the knowledge. She let us know not only the best food to try but also the history behind the place and the food. Very impressed with the food, it was so good I cried, on camera, no lie. Bruh, if you in Chicago you gotta go here.",5,"Sep 6, 2019",N/A
Lou Malnati's Pizzeria,4,88,N/A,"This is the best Lou's in the city low key. You can smell it from 3-4 blocks away. Fast, friendly and make the best wings and salads. I love you Lou!",5,"Mar 5, 2023",N/A
Lou Malnati's Pizzeria,4,88,N/A,Very family oriented I suppose. Too many meat options . Not alit of love for vegans :(,4,"May 22, 2019",N/A
Lou Malnati's Pizzeria,4,88,N/A,"I'd eat here weekly if I could. Lou's is money and this location does a great job with carry out. The pizza is fresh, buttercrust always excellent, and it always nails the signature Lou's flavor. The Lou's salad is an unsung hero of this Chicago institution as well. Huge portions, great dressing, everything you could ask for!",5,"Oct 29, 2021",N/A
Lou Malnati's Pizzeria,4,88,N/A,A Chicago classic!! One of the best deep dish options according to locals. This specific location is to-go only but food comes out quickly. Great deep dish and salads.,4,"Oct 12, 2021",N/A
Lou Malnati's Pizzeria,4,88,N/A,"The food was excellent, as always. There were lots of toppings and I felt like I got my money's worth. The woman working the counter was very kind and helpful. I loved her customer service skills, as she made me feel welcomed and comfortable while we were waiting for our food. Excellent place!",5,"May 17, 2024",N/A
Lou Malnati's Pizzeria,4,88,N/A,"Well we are visiting from Detroit. Great pizzerias there. But Chicago has a rep for pizza that sets the bar. Ordered from Lou's. About an hour to get it delivered. Expected wait time for a good pie and wings in the city. Spent all day in the car and the 4 of us were starving. Killed the chicken wings immediately. Sauce was awesome. Pizza wasn't cut. That's odd I specified for a cut since we are in an Air BNB and do not know what we have. Cut into the pizza and started to eat. It was vegetarian and had the 2 things one of my kids hate... tomatoes and mushrooms. Now don't get me wrong, the pizza was good. My wife thoroughly enjoyed it. It just wasn't my order. Thankfully I saw the name on the receipt and it wasn't me. Gave them a call and they are going to make it right in about an hour. So at least I will be able to have the pie I ordered and my kid will get to enjoy pizza. After 6 hours in the car he's a little hangry. So until I can review the pie I ordered, you get 3 stars. See you in an hour and then maybe will get more stars. Ok 30 minutes later my pizza arrived. It looks like the original order. May have intercepted the delivery driver before he dropped it off to the wrong house. I'll give you 1 more for a total of 4. Pizza was luke warm. Crust is rock hard. Had the original order number on it. I was told it would be a remake. I don't mean to be a jerk but it it what it is. For $34 I did expect more flavor. But it is a good pie. For a laugh, the driver called and o came down and her was at the house across the street. He was tying. Don't want to make me him feel bad. It made me laugh though. Mistakes happen.",4,"Jul 15, 2022",N/A
Lou Malnati's Pizzeria,4,88,N/A,The pizza is only ok. I'm taking time out to write a negative review because the delivery driver has made me very uncomfortable. He has called me multiple times on my personal number asking if I want to talk to him more. Very strange behavior.,1,"Jan 13, 2023",N/A
Lou Malnati's Pizzeria,4,88,N/A,Does not answer the phone. Complete ghost on the order. Not good enough food to deal with that,1,"Mar 31, 2024",N/A
Lou Malnati's Pizzeria,4,88,N/A,"Out-of-towners and first-timers over here so we didn't realize this was the carry out location. But the lady at the counter is super nice, we ordered the Chicago classic, per her suggestion. It was totally worth the 30 minute wait. Cheese was gooey, sausage was delicious, crust was crispy and buttery. Amazing! My only suggestion- call ahead lol",5,"Jul 23, 2018",N/A
Lou Malnati's Pizzeria,4,88,N/A,"Thank you for your review, Sarina! We are happy to hear you enjoyed your pizza and had a great experience with us. We look forward to serving you again soon!",5,"Jul 23, 2018",N/A
Lou Malnati's Pizzeria,4,88,N/A,"No, I do NOT recommend this business.  The STAFF gave me attitude and hurled false and SLANDEROUS accusations at me.  I do not need THAT.  The pizza wasn't ""burned"" so I'm giving two stars instead of ONE, which these nasty people, whom belong with other NASTY people at ""Jenny's"" ""ice cream"", DESERVE.  Do YOURSELF a favor: Get your Lou Malnatis pizza at JEWEL!",2,"Jul 27, 2022",N/A
Lou Malnati's Pizzeria,4,88,N/A,"This Lou's spot offers delivery and carry-out/takeout... and it's great! The service is always, always, always friendly. Their delivery drivers (who are actual Lou's employees!) are so nice and the COVID-19 contact-free delivery comes with a quick phone call letting you know where they put your pizza ( we come to the window to wave to them as well). And, if you have an issue or question, just give them a call and they are *happy* to help! I've only had an issue one time in about 10+ years, and they were super kind and helpful. A lot of places offer gluten free pizza, but Lou's is the one pizza place that serves gluten free pizza and I haven't ever gotten sick from their food (I know, I know... knocks on wood). I also have a child with several severe anaphylactic food allergies, and Lou's is phenomenally good with helping him eat safely, too. They go above and beyond. If you have any questions, their website is extremely helpful and transparent about what's is in your food with an allergen section and what safety precautions they take. As always, do talk to them (call or in-person) - as I said above, they are friendly and very helpful. As an aside, Lou's doesn't have any peanuts or tree nuts in their kitchens. And it's easy to eat vegan/plant-based because their regular crust is vegan naturally - just order a pizza without cheese! (Gluten free crusts contain egg, fyi). I am also a huge fan of their salads. They are super fresh and crunchy - and huge! So sometimes I get just a salad and it is fantastic. The Italian ice is amazing as well, especially during the summer for a treat!",5,"Feb 14, 2021",N/A
Lou Malnati's Pizzeria,4,88,N/A,"True authentic Chicago deep dish was the only reason why I came to Chicago. Just kidding...kinda. I heard/read the amazing reviews of Lou Malnati's pizza and I couldn't wait to try it for myself. Being my first meal in Chicago, the pizzeria really set the tone for the great food I would eat during the rest of my visit. We ordered 2 large pizzas for 6 people, which was wayyyy too much food. I think we would have been fine with 2 medium pizzas. We ordered The ""Lou"" and The Malnati Chicago Classic. The ""Lou"" was good, but was nothing compared to The Malnati Chicago Classic. The Lou is vegetarian, but every bite I took I wish there was meat. The Malnati Chicago Classic was absolutely delicious. Every bite of pizza was filled with delicious cheesiness and sausage. The sausage on this pizza wasn't just clumps of sausage, Lou Malnati uses sausage patties! I wish every pizza joint did this. The only downside that we didn't figure out until we got there was that this location is carry-out/ delivery only. Regardless, my friends and I took our pizzas and ate at Wicker Park. My only regret is that we only had Lou Malnati's pizza once while in Chicago.",5,"Apr 23, 2015",N/A
Lou Malnati's Pizzeria,4,88,N/A,I do not like deep dish pizza. What I do like is that there is lots of cheese on it. The tomato on top is a kill for me. The salads were really good The Gorgonzola dressing was excellent. The medium salad is big enough for 3 maybe 4 people. The pizza just has a really dry feel to it. Could use some sauce on the bottom. The personal size was almost inedible it was so dry. Usually adding pepperoni makes a pizza more moist this was not the case for this pizza. That was my take on it. The rest of the family says it was good but also did not like the tomatoes on the top. They would get it again while I would not. I am east coast thin crust all the way,3,"Mar 29, 2018",N/A
Lou Malnati's Pizzeria,4,88,N/A,"Horrible service . Also when I called they hang up twice. This was so unprofessional. The order was completely wrong! The guy at the front was rude! Also he charge me for dressing. No one should go there, Horrible",1,"Feb 12, 2023",N/A
Lou Malnati's Pizzeria,4,88,N/A,Delicious- did not disappoint.  The cheese and the tomato sauce on the malnati special was out of this world flavor.  Don't be fooled by the circumference of the pizza- one slice of a medium is filling and all each of us could eat.  Wish I lived closer to enjoy this more often,5,"Jun 23, 2023",N/A
Lou Malnati's Pizzeria,4,88,N/A,"Pizza by the secretive Illuminati's (as the locals say it) was rather misleading in their description of Deep Dish. I had Giordanos last time in Chicago and that was double the depth of this pie (I have pics to support)!  Locals said this was place to go, but I say nah. Was thick as normal Cleveland pizza, but less tasty.  Crust was dry & not buttery. Workers were nice, good service.",3,"Sep 13, 2018",N/A
Lou Malnati's Pizzeria,4,88,N/A,"For anyone who has not had Lou Malnati's, you must first try the deep dish with just cheese. Ask for uncut if delivery and add butter crust if you really want to do it up.  This pizza will fill you up! The tomatoes are somewhat chunky but are sweet and melt in your mouth.  They do a great job with their sauce to tone down the acidity. The cheese is amazing and melds perfectly into the fluffy crust with their unique sauce. You can expect that most guests will have two slices then tap out.  The gutsy ones will go for three but will need a long nap after.",5,"Apr 22, 2018",N/A
Lou Malnati's Pizzeria,4,88,N/A,"Thank you for your review, Brian! We are happy to hear you enjoyed your pizza and had a great experience with us. We look forward to serving you again soon!",5,"Apr 22, 2018",N/A
Lou Malnati's Pizzeria,4,88,N/A,"Just so you know I for the frozen pie shipped shipped out to the West Coast. It was expensive but I wanted to get that taste so bad I didn't care The sauce was great but the meats and crust just didn't do it for me. So it's not a knock on a fresh made pie just know if you are expecting the same thing in  getting a frozen one, well It ain't gonna happen Later",3,"Feb 5, 2021",N/A
Lou Malnati's Pizzeria,4,88,N/A,"An a-okay yum! This was my first experience with deep dish pizza, and pizza in Chicago! It was tasty, and if you like deep dish this is the place for you. Overall I enjoyed my experience, but be prepared to wait. I think in total we were there for 3 hours? Including waiting for a table/waiting for food/eating. Part of me feels like it's worth it -- a staple in Chicago food PLUS it was yummy. However, I don't know if I could do that wait a second time. Overall, good pizza. There's a reason a lot of people go here! ALSO very reasonable prices!",4,"Aug 30, 2019",N/A
Lou Malnati's Pizzeria,4,88,N/A,"My first time to Chicago so I had to try the most famous style in the world, It was amazing. The food and the service !!! Love It",5,"Nov 6, 2022",N/A
Lou Malnati's Pizzeria,4,88,N/A,"Best Pizza ever tasted and I'm not much of a pizza fan, tried the thin crust jalapeño and salad amazing!",5,"Nov 13, 2019",N/A
Lou Malnati's Pizzeria,4,88,N/A,"The pizza may be good, but after waiting 2 hours for delivery, it was limp soggy and greasy.  Original estimate was an hour to 75 minutes.  Irritating factor was watching the app say that my pizza was only a minute away for 30 minutes.  Calling the restaurant was futile.  Told to sit tight ""they were sure"" pizza would be there soon.  Pizza was so unappealing, I wound up scrambling eggs for dinner. Won't make this mistake again.",1,"Oct 7, 2022",N/A
Lou Malnati's Pizzeria,4,88,N/A,Really disappointed with the thin crust here. Asked for well done and it came super floppy and the crust was borderline undercooked. On top of that the cheese had no flavor and felt plasticy. This reminded me of a frozen home run in pizza when you pull it out 5 minutes too early. For the price very disappointing. I'd take costcos pizza over this thin crust. Maybe the deep dish is better or I just ordered on a off night,2,"Jul 29, 2023",N/A
Lou Malnati's Pizzeria,4,88,N/A,"Avoid Wicker Park location! Was very watery with no flavor. Ordered classic deep dish and the ""Lou"" deep dish. Tastes like a frozen pizza that was thrown in the oven. Crust was very mushy and I can't stress enough how it tasted just like water. Also, it's carry out only. Only go to the Michigan Ave location.",2,"Sep 4, 2023",N/A
Lou Malnati's Pizzeria,4,88,N/A,"Pros: It was edible. Sauce was unique, chunky. Cheese was tasty... there was sample pizza out to try while waiting for your takeout. Unfortunately it was not vegitarian friendly but still a nice gesture. Cons: I've had other Chicago deep dish pizzas before and I have read the other reviews about the crust here .. but it was more like a tall edge/flat/thin center crust, and it was disappointing. For the price I would have expected a pile of sauce and a ton of cheese on some fluffy crust, but I was super disappointed. I can go elsewhere and get a slice or two of actual deep dish pizza for under or about ten bucks. Also, if I wanted flat pizza, I would have ordered thin crust. Th size I ordered was a personal- which must mean child sized... I'm only 5'2"" and the pizza was smaller than my hand. Not enough food for the price and not great enough to justify said price. I had to grab food elsewhere in order to satisfy my hunger. Verdict: I won't be coming back here. 2 stars because of uniqueness that I didn't appreciate.",2,"May 5, 2019",N/A
Lou Malnati's Pizzeria,4,88,N/A,"Hi Crystal, We are sorry to see you had a disappointing experience with us and the quality of our food. We would love to hear from you about this more directly. Please click the link to fill out the corresponding information. We are looking forward to hearing from you. http://bit.ly/LousCrew Best, Michelle Martinez Lou Malnati's Pizzeria",2,"May 5, 2019",N/A
Lou Malnati's Pizzeria,4,88,N/A,Great place! Just be aware this location is take out only. Love the food but don't expect to dine-in. Go to other locations for that. They are very nice and make tasty pizza!,5,"Aug 6, 2023",N/A
Lou Malnati's Pizzeria,4,88,N/A,"Wow for deep dish Chicago pizza! Talk about a heavy meal of delicious. Lou Malnati's is not the place you hear about to go when visiting Chicago to try Chicago-style pizza, but I'm sure glad we discovered it! Great selection, great beer, and great service! I would recommend trying this place if you're new to Chicago-style pizza, or if you're wanting to try a different place. We shared a house salad between three of us with a medium Malnati Classic. We finished it, and we were happily stuffed.",5,"Jul 25, 2017",N/A
Lou Malnati's Pizzeria,4,88,N/A,"Thank you for your review, Jaime! We are happy to hear you enjoyed your deep dish pizza and had a great experience with our staff. We look forward to serving you again soon!",5,"Jul 25, 2017",N/A
Lou Malnati's Pizzeria,4,88,N/A,A true Chicago classic! It's even delicious with delivery!! The wings are on point too...definitely recommend!,5,"Jun 23, 2022",N/A
Lou Malnati's Pizzeria,4,88,N/A,Can't visit Chicago without a traditional deep dish pizza! I would have initially opted for Giordano's but was told that Lou Malnati's was the best in town. Now I know why they say so! We didn't dine in since we were challenged on time but their carry out service met my expectations. We placed an order over the phone and in 45 mins our pizza was ready. Talk about a pizza baked to perfection. I typically don't finish my entire slice but couldn't let the crust go to waste. Will certainly make this my casual places to visit every time I am in the area.,4,"Nov 21, 2018",N/A
Lou Malnati's Pizzeria,4,88,N/A,"Steve DimaSteve Dima 2 reviews 27 minutes ago Had my brother pickup 3 frozen deep dish pizzas to bring back to Belleville, Il for me. Now, I've always liked Chicago style pizza over St. Louis style, but upon opening the pizzas I found them to be nothing like in the restaurant. The pizzas were only maybe half as thick as the crust was high.  And they were not very big pizzas for the price. I've seen a Pizza Hut pizza as thick as these. It did taste good but when I think of Chicago style, I envision thick pizza as in a ""pie"". Disappointed",2,"May 25, 2020",N/A
Lou Malnati's Pizzeria,4,88,N/A,Had my first experience with Chicago Pizza here and it was outstanding. The cheese bread was a great appetizer. Our server was upbeat and attentive which made for a great experience. If you're looking for really good Chicago Pizza I'd recommend Lou Malnati's!,5,"May 15, 2022",N/A
Lou Malnati's Pizzeria,4,88,N/A,"So we're in Chicago and I'm like ""I've gotta get me some authentic deep dish""! Where to go? Lou's of course! We had the house salad with the creamy lemon dressing, garlic bread, and the Lou's classic pie (sausage). The salad was really good and the garlic bread w/marinara was a nice hold over as it takes about 45 minutes to cook the pizzas. The pizza came and it was ok. I really wanted to be blown away, but I wasn't. The crust was really crispy around the edge and I think it needed more sauce on top. Service was spot on and the prices were good, but I guess we're just not fans of the deep dish.",4,"Mar 4, 2019",N/A
Lou Malnati's Pizzeria,4,88,N/A,The buttery crust is what makes this pizza great ! A must try if you want Chicago deep dish pizza!,4,"Oct 14, 2019",N/A
Lou Malnati's Pizzeria,4,88,N/A,"This place was full of people and busy. One of the original pizza spots in Chicago. You may have to wait quite a bit for a table, but the good thing is that you can order your pizza prior to being seated. We ordered to Lou's pizza, we waited over 30mins to get seated and another 15plus mins to get our pre ordered pizza. To be honest i was expecting a WOW moment, but i was content with the pizza. I didnt like the flavorless crust, idk maybe its just a personal thing where i like flavor in my pizza crust, but this pizza was lacking flavor in the crust. I get it! Ok, its a deep dish pizza and thats the important part but again i wasn't impressed. I might give this place another try from another location to give it a second shot... but who knows.",3,"Aug 9, 2018",N/A
Lou Malnati's Pizzeria,4,88,N/A,"This location supposedly opens at 11, but we called at 10:30 am and someone picked up and said they'd have our order ready by 11:15. Since we were on a time crunch we were pretty happy. This is a carry out & delivery location only, but you can eat at the park across the street or walk a block or two or down and eat at the picnic tables outside. No gimmicks, just fresh, lean sausage, delicious sauce, great cheese, and amazing Buttercrust. Perfectly baked. As I neared the end of my slice, I was seriously sad that it was about to end. The very best deep dish in Chicago.",5,"May 14, 2011",N/A
Lou Malnati's Pizzeria,4,88,N/A,"I have to write this review relative to the pizza at Pequod's, as these are two of Chicago's favored deep dish pizza spots. My sole complaint about Pequod's was that their crust was too thick and also too yeasty. Lou Malnati's crust was thinner, crispier, and generally more flavorable. However, Pequod's toppings blew Lou Malnati's out of the water. I got the same toppings on both pizzas (pepperoni, mushrooms, and sausage), and Pequod's toppings tasted fresher and came in more abundance. The toppings at Lou Malnati's seemed to share real estate like a strip mall while the toppings at Pequod's were layered on top of each other more like an apartment complex. The Lou Malnati's sauce was better though, as it was more robust and had big chunks of solid tomato in every bite. Both are worth a stop if you're in Chicago, but my preference leans towards Pequod's due to the quality of their toppings.",4,"Aug 23, 2020",N/A
Lou Malnati's Pizzeria,4,88,N/A,"Ate here because many people recommended it. Also, when you come to Chicago, deep dish is a must I feel? The wait here was 1 hour + but they had an efficient system that allowed you to see what number in line you were & they texted you when your table was ready. So I did like their service. The food overall was not over the top amazing but it was good! I have definitely had better pizza, so the deep dish did not stand out to me but like I said if you come to Chicago, this is something that you have to do for the experience. Good service & nice people! Next time I am in Chicago, I'll probably order and pick up :)",4,"Dec 31, 2021",N/A
Lou Malnati's Pizzeria,4,88,N/A,"yes! Yes! YES! I finally got the opportunity to eat some authentic Chicago Deep Dish pizza. This location was a take out only, so I can skip a lot about the restaurant environment and get straight to the food. I am quite the pizza enthusiast, so I was curious about what actually made a Chicago deep-dish pizza so unique. Well, I purchased a Malnati Chicago Classic with ""Lou's lean sausage, some extra cheese and vine-ripened tomato sauce on Buttercrust,"" After the first bite, my taste buds were quite confused with how amazing this pizza was. Cheese upon cheese upon cheese upon cheese. I had a slice that ends up being filling due to the amount of cheese it has. The crust sold me. To begin with, I am not a fan of crusts unless they are filled with cheese/pepperoni/gold. I am that guy that leaves crusts in the pizza box. However, this crust is like none other. It's crispy and flakey and garlic and butter and and and..you get the point. Also, if you are dying to try this pizza, they do ship to their pizza in the U.S. ;) http://www.tastesofchicago.com/category/Lou_Malnatis_Pizza",5,"Mar 3, 2015",N/A
Lou Malnati's Pizzeria,4,88,N/A,"This review is for the neighborhood takeout Lou Malnati's near Wicker Park. The location is tucked into the back of a small strip mall, but still serves legit deep dish pies for takeout and frozen. There is a small amount of parking, but be careful during peak times. During the course of one night, I purchased both a frozen pie and had a fresh baked one delivered. Baking the pie in the oven was a new experience. I am used to take and bake pizzas in California, but I tried something new on my Chicago trip. If you follow the directions including oiling the pan, the results are pretty close to the original. Be warned that the frozen pies are small, so you may still have to order another one for delivery if your deep sausage butter crust desires are not met. Lou's is always awesome, and having a dedicated take out with frozen take and bake is a good option for everyone.",4,"Aug 27, 2015",N/A
Au Cheval,4.4,646,N/A,"so glad we tried this place! we actually only waited about 15 mins to get seated at the bar on a wednesday night around 7pm. we came here for my boyfriends birthday and we were so happy we chose to celebrate here. the two people that helped us was antonio and issa and they made the experience 10x better. they were very attentive and friendly and just easy to talk to. gave us good recommendations and good vibes. we both really liked our drinks and were happy with the spread the food came out. we got to eat the bone marrow first which also came with this really good sauce it was almost like a meat jam but was so good on the bread and then put some of the bone marrow on for the perfect bite. now the burger, you just have to try it because it really is that good. the sauce in it was so good and it just had a really good flavor. it was just an elevated burger. we got fries as well and we shared the burger so it we were really full after. the server brought out ice cream with a candle and some sort of chocolate sauce too which just made the overall experience. we were really happy with the service and food and it just made my bfs bday that much more special and memorable.",5,"May 14, 2026",N/A
Au Cheval,4.4,646,N/A,"Despite all the hype, it's really an average smash burger. This is a place that has capitalized on social media hype and people wanting to say they've been here and thus are cool and trendy. But it is seriously just a greasy smash burger. Their fries are good, and actually stand out more than the burger. Everything is overpriced. I don't know why people complain about the wait; do some research like a responsible adult. I never just walk into a place and expect to be immediately seated, I call first - like anyone who has some sense. If they tell you the wait is 2 hours and you have 2 hours to kill, there are a bunch of bars in the area where you can have some drinks and an appetizer (and not feel like you're stiffing Au Cheval; they're the ones with the 2 hour wait, what do they expect people to do?) Not much to say about the decor or ambience; it's a typically loud West Loop bar with mostly 20 - 30 somethings all trying to one-up each other with their trendiness that instead makes them all basically clones of each other. It is crowded, and you're a moron if you think any place like this is suitable for your 5 year old. That's not the restaurant's fault - it's not Chuck E Cheese. Often I wish Yelp offered a 1/2 star option, because there are places that are a 4.5 or a 3.5. Not in this case. 3 stars is spot-on.",3,"May 18, 2026",N/A
Au Cheval,4.4,646,N/A,I have tried a lot of burgers but nothing has topped Au Cheval. I can never quite finish one but every single bite is packed with flavor. It seriously hits every taste bud. Adding the pork belly and egg takes it to another level. The space is cozy and intimate but be prepared to wait. It can be anywhere from 30 minutes to a couple of hours. Your best bet is to put your name in and wait for the text alert. Thankfully Small Cheval spots are around when I need a quicker fix. As for parking it is a bit tight with valet street parking and nearby lots as your options.,5,"May 1, 2026",N/A
Au Cheval,4.4,646,N/A,"Great experience, food and drinks",5,"May 1, 2026",N/A
Au Cheval,4.4,646,N/A,"Went to Small Cheval and Au Cheval back to back on consecutive days. Both were fabulous. We went to Au Cheval when they opened on a Monday and only had a 15-minute wait. I don't know that I would wait 4-5 hours to eat here, yet it was delicious! We each ordered burgers, as well as shared fries and hash browns.  The hash browns were a bit too crispy for my tastes, but still good. Others in our party loved them. The burgers were cooked to perfection and the taste out of this world! As busy as they were, the food is served fast and the portions filling! Isa was a great server and made sure our drinks were always topped off.",5,"May 18, 2026",N/A
Au Cheval,4.4,646,N/A,"We were heavily recommended this place by a friend and boy it was worth it. We showed up on a Sunday around noon, only had a 45min wait, which was not bad at all compared to our original attempt on Friday night! We were seated near where I could watch the line work, which I appreciated as someone in the food industry. Our server was extremely friendly and helpful, explaining the quirks of the menu as well as his own suggestions for us to try. The burgers themselves were amazing. Easily in my top 5 favorite restaurant style burgers of all time. The tender peppered bacon is the perfect touch for these burgers. If you can withstand the wait, it's truly a wonderful time at Au Cheval.",5,"Apr 30, 2026",N/A
Au Cheval,4.4,646,N/A,"It's burger time! I was so excited to come experience the Au Cheval burger. I must tell you, I love burgers, but I love big juicy flavorful burgers. The patties here, are very thin. They put a double patty, with the delicious caramelized, bacon and egg. It makes up for the tiny little patties that you experience with your burger. The service is outstanding. I'm gonna tell you, quick and very efficient. I really wanted to like these thin, tiny patties, but I just couldn't. However... I always like me some skin on french fries.",4,"Apr 29, 2026",N/A
Au Cheval,4.4,646,N/A,"Best.Burger.Period! You need to come here as soon as they open, no reservation.. you need to get in line/waitlist.",5,"Apr 27, 2026",N/A
Au Cheval,4.4,646,N/A,"Au Cheval does not need anymore positive reviews and is a classic staple of Chicago, and one of my favorite burgers of all time. You will need to either come off hours for a shorter wait, or be prepared to wait for several hours. It's nice that you can be texted when your table is ready, because there are so many other restaurants and bars you can kill time at before coming back for your beloved burger. A warning that the standard burger already comes with two patties, so if you get an extra patty it is a total of 3. Definitely add the delicious thick cut peppered bacon to the burger (and I am not even usually a bacon person), and the egg if you want a bit of extra goo. We've also tried the fried chicken which was delicious, but if your mind is set on just burger, I'd recommend sticking to that. If you are with a small group that wants a bit of variety and is willing to share burgers, I'd recommend adding the chicken.",5,"Apr 27, 2026",N/A
Au Cheval,4.4,646,N/A,"Enjoyed lunch here when we touched down in Chicago. The restaurant was quite busy, which is always a good sign. The inside of the restaurant is a bit compact, but super friendly. Great music  was playing the entire time, which had me rocking in my seat. Our server was super nice and helpful with the menu. We went for the single cheeseburger and the bologna sandwich. Both were good, but the burger waa wAaay better in my opinion.  A must try, and you only need a single.  We added bacon, with the egg, Soo good. I took off one star because I think the burger is a bit pricey, and the bologna wasn't all that. Otherwise this place was legit and I'd definitely return.",4,"Apr 26, 2026",N/A
Au Cheval,4.4,646,N/A,"I am not by any means someone who goes out of their way for a burger, let alone craves one. I would equally be pressed to give an establishment 5 stars solely for a burger but this place defies all odds. Au Cheval was recommended to me during a work trip and I am SO glad I gave it a shot. Easily the best burger I've ever had, so much that I ordered it twice during my stay. Would highly recommend, their burgers are life changing.",5,"May 20, 2026",N/A
Au Cheval,4.4,646,N/A,"Au Cheval was solid overall. The burger absolutely lived up to the hype, and the fries and root beer were great as well. I deducted a star because of the service. Our waitress forgot to put in our appetizer order, which is understandable and mistakes happen. After we finished our burgers, she brought us our check. We kindly reminded her that we were still waiting on our chicken to come out. She apologized and said she would bring us an order of chicken to go. She comped the chicken, which I appreciated. However, as tourists, we were looking forward to enjoying the full meal in the restaurant. Since there were several open tables at the time, it felt a little strange to be encouraged toward takeout instead of being able to stay and enjoy the appetizer there. Having to walk to the hotel with the chicken also noticeably affected the quality and overall experience. Overall, the food was great, but the service experience kept it from being a five-star visit.",4,"Apr 17, 2026",N/A
Au Cheval,4.4,646,N/A,"One of my students, who was from Chicago, highly recommended Au Cheval to me. He actually recommended it for their cocktails being that it was one of the best places he's had a bourbon drink. After doing my own research I found that it was recognized as having one of the best burgers in America. For that alone I had to try the place. Au Cheval was my first stop after flying into Midway. I knew that the place didn't take reservations, so I gambled with the fact that I was dropping by on a Monday night. No way that the place would be busy. Boy, was I wrong. I arrived around 7:30pm and the place was packed. I put myself on the waitlist and thankfully they add you to an automated system where you get texted when your seat is almost ready. I went to the bar next door thinking I was going to be there for a while, but I really only waited for 15-20 minutes. When I checked in, one of the front desk hostesses kindly offered to hold my luggage for me.  They must get that a lot, because they have a whole ticketed coat check system. I had a seat at the bar where service was great and vibes were everything. I was feeling the old school hip hop instrumentals while waiting shortly for my food and drink. My server was friendly and helped to offer modifications that worked to my dietary preferences. I don't eat pork, which I understood was a very popular add-on to the burger, so he suggested I try it with foie gras as the next best thing. I got a single cheeseburger (comes with 2 patties) and added a sunny side egg and foie gras. I thought the burger was delicious. It was so flavorful and well seasoned, and the egg and foie gras gave the burger extra richness. The burger sans add-ons was $30, so it came out to ~$44 with everything. Was it really worth that price? Debatable. That said, I would still recommend this place and want to try their chilaquiles!",5,"Mar 16, 2026",N/A
Au Cheval,4.4,646,N/A,Stopped by Au Cheval in Chicago this past weekend for my birthday trip with my girls and it was honestly one of the best burgers I've had. The Single Cheeseburger comes with 2 patties with the addition of their bacon and egg. Highly recommend this spot for a quick bite! It is a small bar spot with tight seating but it really wasn't a bother.,4,"Apr 2, 2026",N/A
Au Cheval,4.4,646,N/A,"Best burger in the city (so far) - definitely recommend adding the eggs + bacon, which was the highlight of the meal. Meat was cooked perfectly. We just walked around West Loop while waiting for ~1.5 hours on a Saturday afternoon, so the time went by pretty quickly. Definitely worth the wait!",5,"May 6, 2026",N/A
Au Cheval,4.4,646,N/A,"While still a four-star burger for me, subtle changes have made it not quite the best anymore. The patties are smaller and the bun is different now. I was even there the day the bun changed and the cooks and manager were impressed I noticed--it's like McDonald's changing the Big Mac sesame seed bun! There's some things you just don't do. The bologna sandwich is very salty and garlicky, not quite as balanced as the original. On the plus side, service is still pretty good, and the fries are excellent, along with the well-made cocktails and tasty chicken. While three-hour waits will ensure a disappointing meal, I've noticed the wait has been more reasonable as the hype has died down. 3.75 stars overall",4,"Mar 8, 2026",N/A
Au Cheval,4.4,646,N/A,"Anytime a restaurant or dish achieves the distinction of being the best in the city, country or world several things will usually happen. .. One, crowds and wait times will grow exponentially. Two, service will suffer until the business adapts to new found fame. Three, sheep will rave and blindly profess their love and adoration (while affirming it's the best in the entire city despite never traveling South of Roosevelt). It may be the best, but how would you know? Lol Four, Foodies with well versed palates will mostly agree with the awesomeness bestowed, but some will reasonably disagree. Five, haters who know very little about the nuisances of delicious food and the science behind it will overdo it with unreasonable critiques. Six, every new competitor will be touted as the ""fill-in-the blank Killer"". Au Cheval has experienced each of these. Being ranked a top burger has been controversial to some, but that's one of the great things about food. We're all entitled to like or dislike whatever we choose. But. ..with that being said anyone who says this isn't a great burger is just plain wrong ;-)",4,"Mar 8, 2026",N/A
Au Cheval,4.4,646,N/A,"As everyone else has yelped the burgers are simple and once you add the thick cut bacon, a perfect balance of smoky, salty, rich and cheesy awesomeness.  Aside from the burgers, fries and drinks I can't say I particularly like or dislike anything else on the menu, but what else do you need, lol.  The Vieux Bonal is greatness in a glass. Try it.",4,"Mar 8, 2026",N/A
Au Cheval,4.4,646,N/A,Best fries and burger I've ever had. Add the egg and bacon as well- it's worth it. Expensive but worth it.,5,"May 3, 2026",N/A
Au Cheval,4.4,646,N/A,"That burger at Au Cheval is genuinely life-changing. You have to add both the bacon and the egg -- the egg is what makes it true ""au cheval"" style in classic French culinary tradition. The bun is impossibly buttery, the bacon is thick-cut and smoky, and the egg is cooked perfectly so it melts into every bite. It's served with an aggressively salty pickle that cuts through the richness in the best way possible. And don't skip the bone marrow -- it comes with thick slices of toast and a berry jam that completely makes the dish. The sweetness against the rich, savory marrow is unreal. The vibe is effortlessly cool -- low lighting, great music, and laid-back servers that make the whole experience feel relaxed and unpretentious. Tip: Make sure you put your name down a couple hours before you actually want to eat. Stop by lone wolf bar right next door for a cocktail before",5,"May 19, 2026",N/A
Au Cheval,4.4,646,N/A,This nonstop talked about burger was good but was it the greatest burger in all of Chicago and America? No. Definitely solid though just left me feeling confused as to why people are in love with it. I think it's one of those things you have to try and see for yourself. They don't take reservations so make sure you prepare and get there early to put your name in!,4,"May 17, 2026",N/A
Au Cheval,4.4,646,N/A,"Finally made it to Au Cheval and it lived up to the hype. The staff was great, and Natalia especially stood out--very polite and patient with everyone waiting to get on the waitlist, which made the whole process feel smooth even during a busy time. Started with their root beer on tap and it was excellent. My friend and I split a single cheeseburger and a double cheeseburger with egg so we could try both. After tasting both, I'd probably go with a single cheeseburger and add egg and their bacon next time--that combo seems like the sweet spot. The ambiance was great--definitely crowded, but still enough room to wiggle around and move without feeling packed in. Bathrooms were gender neutral, which was nice and convenient. Parking was easy with street parking nearby, and since I went on a Monday Randolph wasn't too hectic. Overall a solid burger spot, and I can definitely see why it consistently lands in the top 5 burger spots in the city. Now I'm curious how different Small Cheval is compared to the original.",5,"Mar 10, 2026",N/A
Au Cheval,4.4,646,N/A,"The vibes were amazing. Dim lighting, great loud music, and a fun energy without feeling chaotic. Solid 8/10 atmosphere. Service felt a little off at first, probably because our original server was about to leave, but once we switched, everything was fine. 6/10. Now the burger... it might actually be one of the best I've had. It tasted familiar, like something you could make at home, but somehow still fantastic and delicious. Adding the bacon and egg made it perfect. Everything went so well together. 9.5/10. Yes, it's around $29 which is kinda wild, but it really is that good. The roasted marrow bones were incredible. The sweet onion jam with the toast was such a good combo. 9.5/10. The cocktail was plain and felt like it was missing something but it was still delicious. 8/10. The cheeseburger is definitely worth the hype and get the bone marrow too!",4,"Mar 5, 2026",N/A
Au Cheval,4.4,646,N/A,"This venue is perfect for both elegant breakfasts and memorable parties. Breakfast is beautifully presented, fresh, and flavorful, creating a refined start to the day. For gatherings, the space is stylish and welcoming, with attention to detail that makes every event feel special. The staff is attentive and professional, ensuring that both meals and celebrations go smoothly. A wonderful choice for anyone looking to combine great food with a sophisticated atmosphere.",5,"Mar 1, 2026",N/A
Au Cheval,4.4,646,N/A,"Heard a bunch of great things about this place. Ended up waiting a bit longer than anticipated, but it was all good. The drinks were decent but not fantastic. The burger was tasty. I would go back but probably not wait over an hour to be seated.",4,"May 15, 2026",N/A
Au Cheval,4.4,646,N/A,"Au Cheval has a reputation for its delicious burgers and long lines. Luckily enough, I came right when they opened for lunch and was able to get a table immediately. Fun fact about the burgers here--a single burger has two patties, a double has three, and so on. I came hungry, so I was pleasantly surprised that my single cheeseburger has two patties in it. The burger itself was very enjoyable BUT I wouldn't say that it was mind blowing my any means. I added an egg which enhanced it, but dare I say, this burger wasn't even close to one of the best I've had. Coming from California, my husband made a comment saying that while it's good, In n Out is better (which although In N Out makes an amazing burger, it's fast food so we didn't think the two would be comparable). So while we enjoyed our meal, we were underwhelmed by the food. On the positive side, service here is extremely friendly! The vibes here are cool too because it's like a lux diner. So would I recommend this spot? Maybe if there's no line. But absolutely not if I had to wait more than 10 minutes.",3,"Jan 21, 2026",N/A
Au Cheval,4.4,646,N/A,"The staff here are so friendly. They were always laughing and smiling. They answered all our questions and was able to make recommendations based on our answers. We decided to try the famous bone marrow, a double cheese burger and classic fries. Surprisingly, a single burger is actually a double patty burger. And a triple patty is actually a triple patty. The ambiance was a relaxed chilled bar vibe. They had bar seating and booth seating.",5,"Jan 28, 2026",N/A
Au Cheval,4.4,646,N/A,"10/10 recommend! From the moment you walk in, the customer service is on point. The staff is super attentive and really knowledgeable about the most popular items. They even offered me an off-menu burger with a single patty (instead of the standard double), which I appreciated. I also loved the classic, vintage vibe of the restaurant. We sat at the bar and got to watch the chef work thanks to the open kitchen concept. And let's talk about it: the burgers and fries were amazing, and the cocktails were absolutely top-tier. If you're in the Chicago area, you have to check them out!",5,"Feb 13, 2026",N/A
Au Cheval,4.4,646,N/A,Au Cheval is one of those iconic burgers that define a city. I think this particular burger definitely needs to be topped off with a egg over easy to give all its glory with the juice and messiness. Is it a lot of money for a burger? Yes. But these are the days with a $20 burger and at least you are guaranteed a solid burger and flavors rather than something that is dry or lackluster.,4,"Apr 14, 2026",N/A
Au Cheval,4.4,646,N/A,"Root beer on draft and sitting at the bar watching all the cooking magic happen! The kale caesar salad is always good and my go to burger is the classic single cheeseburger. My husband loves to add bacon to his burger too. Service is always friendly, and we were seated right away when we walked in. Ambience is casual and cool inside.",5,"Feb 9, 2026",N/A
Au Cheval,4.4,646,N/A,"The man I have a crush on at work highly recommended Au Cheval!  He said this is the best burger he ever had!  And he was not lying!  Here is what you need to know: -No reservations accepted -They are busy all the time so expect to wait; sometimes hours (but it is sooo worth it) -When you arrive make sure to check in at the host stand and they will text you when your table is ready -There are other bars within a block that you can grab a drink or walk around -They will not seat you until your entire party has arrived -No you can't just sit at the bar area -All the wait staff were very friendly and provided great recommendations Let's get to the good part...food and drinks! -Get the burger and yea you can add tomato, lettuce, jalapeños, etc -If you're kinda bougie you can add foie gras on the side -For my bacon eaters, YES!  We wanted to try on the side, and it's tasty, fatty, thick, and seasoned -One order of fries can be shared w/ 3 people (they  weren't my fav item and to be honest you'll need the tummy room for the burger) -Lemonade is made fresh, was slightly tart but they offer simple syrup on the side to sweeten it up, loved -I took a sip of the Bloody Mary (never tried before) and it was so seasoned it almost tasted like a cold tomato soup (chef's kiss) This is 2 thumbs up, 5 stars, and very satisfied!  Do not think about it and GO!",5,"Feb 1, 2026",N/A
Au Cheval,4.4,646,N/A,Au Cheval is exactly who they think they are !!!! Yessssss! I've been wanting to go here for several years but not a fan of waiting for hours. I went very late after a play and was able to get a seat for one at the bar! It was still crowded at 10pm. The burger was juicy and flavorful. Service was quick and kind. I will be back !,5,"Apr 3, 2026",N/A
Au Cheval,4.4,646,N/A,"This place is so good, I brought my fiancé here during our layover in Chicago. I've been fortunate enough to visit Au Cheval twice now, and it seems I've tried most of the menu. My first visit was with some people who didn't particularly *need* to try more than just the burger here, so that left a lot for me to try in the future. And because my fiancé and I have no self control when it comes to wanting to try all the good food, we ordered way too much food for two people on this last visit (and now there's basically nothing left for us to try). As expected, we were quoted a possible hour and forty-five minute wait to be seated (around 2pm on a Saturday). They took my name and phone number, and we went off to get drinks next door. The text they send has a link you can follow to check your place in line, so I did that after we finished our first drinks. We were still in the 60+ minute section, so we closed out and walked to a different bar for another drink and an appetizer. The appetizer was a mistake for many reasons: 1. We ended up ordering way too much food at Au Cheval, even without having first eaten the appetizer 2. All the food at Au Cheval was exponentially more tasty and I wish I would have had more stomach space for the good food 3. We hadn't even received our appetizer when we got the text notifying us that our table was ready at Au Cheval So I guess I wrote all that to provide some tips: the portions are very fair and you probably can't eat as much as you think here; don't order food elsewhere while you wait to be seated here; the wait time they give you could change dramatically if a bunch of people waiting in line before you exit the queue. You should also know that this restaurant is kinda small. You may be seated at the bar if that's all that's available. People wait for an hour and then get seated at the bar sometimes...it happens. The best way to describe the atmosphere in this establishment is like ""moody diner""? Kinda sultry...kinda salty. The service was awesome and welcoming, and even though a couple items came out incorrect, everything was delicious and we don't regret anything. It would take me a lot to be constantly busy all day every day and still make every customer feel special, but somehow, our guy did it. Although we did order too much food (for even our small table to hold), we still thought about it all lovingly as we were horribly bloated later on. Anyway, the burger was just as good as I remembered, and my fiancé was so pleased with it. We don't often go out to try burgers from new places, but we can definitely tell a good burger from a bad one. I think the matzo ball soup was my favorite item besides the burger, and if I ever manage to come back here in the cold, I will definitely be getting that again. The ball and the broth were both so light and flavorful, and the soup sits differently in your stomach when you're also filled with a bunch of meat and bread. There's somehow more room for the soup. Best wishes to them, and to everyone interested in trying this place out. It's worth the wait. You're worth the wait.",5,"Dec 30, 2025",N/A
Au Cheval,4.4,646,N/A,"Au Cheval absolutely lives up to the hype. The space has that dark, vintage diner feel that's both cozy and full of energy from the moment you walk in. The burger is the star for a reason--insanely juicy, rich, and perfectly balanced with melty cheese, and their signature sauce. Adding bacon and an egg takes makes it extra. The fries are crispy and tasty, especially with the delicious garlic aioli. Sitting at the bar gives you the perfect view to observe how all the deliciousness happens. Service is friendly and efficient even when it's packed. Yes, there's usually a wait, but it's completely worth it for a burger this memorable.",5,"Mar 29, 2026",N/A
Au Cheval,4.4,646,N/A,"I'm on a mission.. We weren't able to make it to Au Cheval during the last Chicago visit. So, this time was a must. The burger game in NYC and Chicago has upped x10 over the last few years. Au Cheval was once listed as the top burgers in the US by many food publications. Since then and the intro to American Wagyu to the burger scene, a few other top the list. After a disappointed wait at Bavette's to try their burger, a walk in visit to Au Cheval was on the itinerary. 10:45 am on a Sunday was the entry point. They open at 11 am and there were already people inside seated and ready to order. I've heard people wait 2-3 hours to get in. So, getting in early is the secret sauce. A spot on the diner counter is a must watching the action of the burger flipping and grease flying. The inside of Au Cheval is dim lighting, dark wood, leather button seating gives off a  warm feeling. The onflow of conversations and upbeat mood makes this place a happy place. The burger here is a must. Supposedly the fried bologna sandwich is too. A single cheeseburger here is actually a double burger and a double burger is actually a triple. They tell you upfront in case you have heart problems. I guess that's their disclaimer. Adding thick cut pepper bacon is must and you'd be disappointed if you didn't coming from out of town. I didn't want a meat ache so a single it is with thick cut pepper bacon. This burger on 3 layers had juices oozing out. The slice of pickle made me feel good of at least having a veggie on the side.  Some prefer to add a fried egg and a side of fries. That's just cholesterol overload and plaque buildup. The rest of the menu here look great and on our next visit I'll have to try other items, crispy potato hash, chiliquiles, foie gras. Overall, a good burger but not sure if I'd wait more than 30 minutes for it. I have my preferences and I'd prefer the Peter Luger burger over this and a few other places in LA.  Great experience, good service and good vibes.",4,"Dec 11, 2025",N/A
Au Cheval,4.4,646,N/A,"Ok, I finally made it here and it exceeded all expectations. How could I possibly love a burger that I have to queue for 45+ minutes? Well, I did. Firstly, get the bone marrow (1/2 order if its just 2 of you). Delicious, especially paired with the jam on toast. Save a little for your burger! Fries, fresh. Not even requiring dipping sauce, though the aioli is quite good. Burger. Yes, yes, and yes. Loved the little pickle slices on it. So tasty, perfect balance of savory, umani, cooked to perfect temperature. Two of us shared the half order of marrow, 1 side of fries, and 1 double burger; it was more than enough. We took an order of chicken wings home with us too (savory, sweet, sticky, fall off the bone).",5,"Mar 3, 2026",N/A
Au Cheval,4.4,646,N/A,"Excellent. Burger amazing. Goey, tender meat melts on your mouth, dressed to perfection. Fries and aioli-excellent. Bologna sandwich is on a whole level and league on her own. Porky, tender, cheesy, with the softest toasty butter bread. It's still hard to get a seat after all these years but if you can score it in the afternoon on a weekday, you hit the jack pot.",5,"Mar 21, 2026",N/A
Au Cheval,4.4,646,N/A,"A must try burger spot in Chicago. Be prepared for a wait (usually 30min-1hour) but I promise it's worth the wait. The burgers are juicy, tender, and delicious. Don't forget to top it off with a sunny egg!",5,"Mar 21, 2026",N/A
Au Cheval,4.4,646,N/A,"Glad I got to try the amazing 'Au Cheval' while in Chicago. We arrived around 11:30am last Saturday and put our names down. Luckily, we only waited 45 minutes, as I previously heard the wait can go for hours. Our group sat in a booth and ordered a couple of things to share. We started with a few drinks. The root beer on tap was quite sweet, but well enjoyed. I really liked the Arnold Palmer, which I learned that day was iced tea and lemonade. When the cheeseburger arrived, we instantly regretted not ordering the bacon on top. We waved another server down and asked for a side of bacon. When he returned, he kindly set it on the table and said, ""On the house."" What a wonderful surprise! It was also the most delicious thick-cut bacon I have ever had, and combined with this amazing, juicy burger, I felt I had gone to heaven and back. We ordered one burger and shared it amongst 4 people, and it was perfectly fulfilling. The fried chicken was a bit too salty for me, but the sweet and spicy flavour was great. I liked that they include thighs and wings. Finally, the blueberry muffin is a seared muffin with butter, chocolate, and jam on the side. The outside of the muffin is crusted in sugar, and I found that a bit too sweet, but the inside paired well with the toppings, and I'm glad I ordered it as the sweet dish of our brunch. One of our friends is a vegan (bless her for letting us drag her here) and opted for a nice alcoholic drink. The same gentleman who brought us the bacon walked by and served her a heaping plate of pickles on the house and said, ""Everyone eats."" This was the sweetest gesture ever! The pickles also paired really well with the rest of the food. Overall, I think the food was a bit heavy for me, but the amazing service and staff definitely made up for it. I will have to return one day to try some of the other menu items!",5,"Mar 18, 2026",N/A
Au Cheval,4.4,646,N/A,"Au Cheval has long wait times and you can't place a reservation. In the end it is totally worth it to try one of their burgers. A fairly small spot but enough room to move around. Their burgers are done of the best burgers I have ever had. These burgers are massive and you can add bacon or an egg for an extra price. These burgers burger is topped with fried onions, Dijon mustard, pickles, and American cheese. Another standout was the bone marrow a great appetizer to start your meal. Fried are separate and those are delicious as well. Staff and service was great and now I know why this is one of the best burger spots in Chicago.",5,"Mar 10, 2026",N/A
Au Cheval,4.4,646,N/A,"Beef patties were a nice medium / medium rare A lot of sameness in flavour (too salty and I was craving the pepper kick) I think I'd wanna do just the egg, pickles, no mayo next time ... creaminess from both the mayo and egg yolk was a little too much",4,"Nov 26, 2025",N/A
Au Cheval,4.4,646,N/A,"After all these years, I still consider their bacon cheeseburger with an egg on top my favorite burger from anywhere in the country. The fries are great and staff is friendly.  Yes, you will have to wait for 30 minutes or so, but it is worth the wait!  Yum!",5,"May 16, 2026",N/A
Au Cheval,4.4,646,N/A,"Great to see that a few years later (visiting for work), this place is still fantastic. One of, if not the, very best burger I've ever had. The added bacon and fried egg are worth the high price. Their fries are also some of the best I've had. Service was great also.",5,"Mar 5, 2026",N/A
Au Cheval,4.4,646,N/A,"I've never spent so much money on a burger and at the same time decided it was worth it! The burger itself, given the quality, isn't so much at $15, but adding the egg ($3, worth it) and bacon ($7, worth it) bring the price up quite a bit. But it's a big burger and so very, very good. I should mention that the ""single"" is two burger patties and the ""double"" is three. I also got the fries, which were excellent, but it was so much food. Better to split an order of fries with someone. I wish I could be back in Chicago again sometime soon so I could eat here again.",5,"Mar 5, 2026",N/A
