platform,review_text,rating,review_date,source_url
yelp,"The Good: Still like what it used to taste like from what I can remember. Hits the spot every time! The Bad: Adel's is a fierce competitor a few blocks down with a long line. BUT, imho Adel's doesn't really taste as good as the original Halal Guys in terms of flavor and fragrance. The chicken from Adel's is in bigger chunks and some argue is more tender, but the flavor is definitely not close. Also, it's important that it comes with lettuce, tomatoes and a little onion to balance everything out. Finally, You must get both the spicy red and white sauce together to make it all come together! The Ugly: The smell is addictive, so if you walk by, it's hard to resist, even if you've just eaten a nice meal somewhere else. We couldn't resist. Gotta hit the gym hard for the next few days!",5,"Mar 19, 2026",https://www.yelp.com/biz/the-halal-guys-new-york-3
yelp,"Thank you for your excellent review! We are glad to hear you are having such a great experience at The Halal Guys. As always, please feel free to let us know if you have any additional feedback.",5,"Mar 19, 2026",https://www.yelp.com/biz/the-halal-guys-new-york-3
yelp,"This is a NYC staple--but on a Friday or Saturday night, the line gets insanely long. Pro tip from a New Yorker: the cart on 53rd & 7th is the exact same--same owners, same food. People skip it thinking it's not the real one, so there's usually little to no line. Even better, it's right by the Shake Shack seating area, so you can actually sit and enjoy your food. Look for the cart next to the ""HOPE"" statue.",4,"Apr 10, 2026",https://www.yelp.com/biz/the-halal-guys-new-york-3
yelp,"Thank you for the positive comments about The Halal Guys! We are lucky to have customers like you! If we can ever do anything to make your experience even better, feel free to contact us directly.",4,"Apr 10, 2026",https://www.yelp.com/biz/the-halal-guys-new-york-3
yelp,"I used to grab Halal food like once a week - mainly a chicken over rice bowl - from the various food trucks across the city, but the Halal Guys is definitely the most well known and consistent. I've been a more skeptical of food safety and hygiene so feel a bit better coming here to a place that consistently has a long line and good reputation. The line was a big confusing to figure out with the 5 or so people there the one night I was there. From previous times I've passed, Ive seen the line form in a certain direction and when I went to go to where I thought was the end of the line, I see another group go the other end, and all the other line waiters were facing in the opposite direction that I was expecting so it made me second guess my spot in line. I decided to follow the crowd and join behind the last couple I saw get on line. The staff was still preparing their next batch of food so paused on taking orders for a few min. When they restarted, they announced and motioned to all of us that the line forms ""that way"". So I was right. Wish they had clearer lines. When we all migrated, the order we were in got jumbled, which was very annoying that grown adults don't know how to wait on line and understand the concept of when a line moves, it's socially expected that you re-order yourselves in the same order you were in. Anyway, it was late at night and I didn't have much energy or patience to argue that out.  The line moves quickly anyway. So minus 1 star for general line management. I got my usual chicken over rice with all veggies and hot and white sauce. Delicious and scarfed down the whole bowl in one sitting in maybe 15 minutes.",4,"Feb 1, 2026",https://www.yelp.com/biz/the-halal-guys-new-york-3
yelp,"There are many halal guys carts and restaurants.  For some reason, this particular location just tastes better!  It's a must stop for us every time we visit New York City.  We ate it twice on this trip!  Extra hot sauces is a must!!! Love their fries too!",5,"Apr 26, 2026",https://www.yelp.com/biz/the-halal-guys-new-york-3
yelp,"Hi Edward, thanks for the 5-star review! We appreciate you taking the time out of your day to rate The Halal Guys.",5,"Apr 26, 2026",https://www.yelp.com/biz/the-halal-guys-new-york-3
yelp,"We pick up two beef and chicken combo meal at $12@ and took them home for dinner. Ended up sharing one and each of us had a full plate of beef, chicken, Spanish rice, salad and pita bread. They were delivered with their own special white sauce.",5,"Apr 20, 2026",https://www.yelp.com/biz/the-halal-guys-new-york-3
yelp,"Hi Alex, thank you for the positive comments. We are so happy you enjoyed your meal at The Halal Guys and look forward to seeing you again!",5,"Apr 20, 2026",https://www.yelp.com/biz/the-halal-guys-new-york-3
yelp,We got two combo regular platter for $13 each. Only less than 10 in line and it was served and packed very quickly. My wife and I shared one platter for dinner and they were plenty of food for two. It was tasty and a great value. Highly recommended to any NYC visitors to experience this food adventure.,5,"Apr 20, 2026",https://www.yelp.com/biz/the-halal-guys-new-york-3
yelp,The food is great and really inexpensive.  We always get at least one meal there when we stay at the Hilton.,4,"Apr 26, 2026",https://www.yelp.com/biz/the-halal-guys-new-york-3
yelp,Thank you so much for the positive review! We are happy to see you've been pleased with your meal at The Halal Guys!,4,"Apr 26, 2026",https://www.yelp.com/biz/the-halal-guys-new-york-3
yelp,"There is a reason why this place is as popular as it is. This was the first food stop I went to in NYC and I am so glad I did because this was perfect. The experience of waiting in line for a food truck in the middle of a concrete jungle is just so New York. It's a great feeling and vibe to just be part of the city's ecosystem. As for the food itself, I got the chicken gyro with one line of hot sauce and wow. This was amazing. The meat was cooked perfectly with a great seasoning and they just load it in the pita with a whole lot of sauce and toppings. Actually such a good gyro and definitely worth the wait in the line.",5,"Apr 4, 2026",https://www.yelp.com/biz/the-halal-guys-new-york-3
yelp,"Been on my list of places to try and best decision EVER! It was so delicious and tasty! We got the chicken and the gyro, the gyro was a little bit salty but overall really good. It comes with rice (the way they make their rice was really good and a hint of sweet), lettuce, vegetables and the sauces. They pack the food in there and the amount is great to share with 2 or more people. The price is not expensive at all. The service is great. They guys are really nice. They do get busy but the line does go by fast so you are never really waiting long. But it definitely worth the wait. It is a good truck and it's in New York so the ambiance is beautiful since you are eating outside and looking at the beautiful buildings.",5,"Dec 25, 2025",https://www.yelp.com/biz/the-halal-guys-new-york-3
yelp,"Hi Vesta, thank you for sharing your wonderful review about The Halal Guys! We are happy to have served you, please feel free to reach out to our team if you have any additional feedback.",5,"Dec 25, 2025",https://www.yelp.com/biz/the-halal-guys-new-york-3
yelp,"This was our first stop in New York since we got in so late and needed something hot and filling! Make sure you go to the right places there are a lot of carts that'll say ""Halal"" on it to trip you up. This was a simple, affordable and delicious meal. We got the chicken over rice and it was LOADED. The sauce that comes with it is incredible, be sure to get it. It is cash only so be sure you've got some cash on you before heading over. The line moved quickly and service was super quick as our food was ready within a couple minutes.",5,"Jan 1, 2026",https://www.yelp.com/biz/the-halal-guys-new-york-3
yelp,"This cart in Theater District is the original Halal Guys and a cool visit in NYC if you are a big fan of halal food! While busy, the wait isn't too long. Huge portions and love their combo plate.",5,"Feb 18, 2026",https://www.yelp.com/biz/the-halal-guys-new-york-3
yelp,"Hi Mia, thanks for the 5-star review! We appreciate you taking the time out of your day to rate The Halal Guys.",5,"Feb 18, 2026",https://www.yelp.com/biz/the-halal-guys-new-york-3
yelp,"When in NYC you have the try the original Halal guys. We came here around 9pm and the line wasn't too bad. The total wait time was about 25 minutes, but it didn't feel like it. I forgot how delicious the chicken and rice is here especially with the hot sauce on top. Weather was a bit cold but once you took it bite out of it you instantly felt the warmness. Cool and nice ambiance to eat outside to taste the freshness of it.",5,"Apr 9, 2026",https://www.yelp.com/biz/the-halal-guys-new-york-3
yelp,"Thank you for the 5 star review, John! We're always thrilled to see a satisfied customers share their opinion.",5,"Apr 9, 2026",https://www.yelp.com/biz/the-halal-guys-new-york-3
yelp,"I've passed this cart so many times while wandering Avenue of the Americas. We finally decided to stop here for a mid afternoon savory snack and so happy with the decision. They have a few sizes of bowls and really, I just wanted the meat and sauce and it didn't disappoint. I'm a fan of the spicy red and white sauce and it was the perfect size for $10. Cash and card!",4,"Feb 6, 2026",https://www.yelp.com/biz/the-halal-guys-new-york-3
yelp,Went late at night (we were actually trying to get Adele's but line was too long lol). I think since they've expanded the quality has been commercialized slightly- it's still very good but I've since seen other halal carts do waaaaay better. I think this is a great baseline comparison halal cart though. I don't know if I'd come back considering all their other better options available,4,"Jan 24, 2026",https://www.yelp.com/biz/the-halal-guys-new-york-3
yelp,Wanted to see what the hype is. It's a solid choice for a quick lunch. We had a good Gyro mixed chicken ann beef white sauce.,3,"Mar 1, 2026",https://www.yelp.com/biz/the-halal-guys-new-york-3
yelp,"Thank you for being a valued customer! If you have any suggestions on how we can make your experience a 5-star, please reach out and share!",3,"Mar 1, 2026",https://www.yelp.com/biz/the-halal-guys-new-york-3
yelp,"I really wanted my first Halal Guys experience to be from a cart vs a brick and mortar. So I'm glad that I happened to be seeing a show at a theatre just around the corner from this location. As many reviews mentioned, there will always be a line. When we went it was an off time on a weekday so it wasn't too long, but I had still had the foresight to order ahead via their website. Just as I was getting there, I could see one of the employees moving an order to their 2nd cart which is there for mobile pickups. I walked right up, gave them my name, and sure enough, that bag was mine and I was on my way. It couldn't have been easier. The food itself was perfect. Everything tasted fresh. The meat was hot, the veggies were cold and crispy, and the sauces were, well, amazing. The whole meal filled me up without having me feel stuffed. I really appreciated that because I feel like other places will give you the same amount of food but it will be so heavy that you just feel awful after eating it all. So, if you are in the theatre district and want a fresh, flavorful, and filling meal, Halal Guys is a great option.",4,"Sep 16, 2025",https://www.yelp.com/biz/the-halal-guys-new-york-3
yelp,"Wait approx 30 mins on a cold wintery night for Halal guys.. food prices are very reasonable for a quick meal in Manhattan 9-12$. We both ordered 2 combo platters. Hubby had the large $12 combo beef gyro and chicken platter. I had the regular $10 combo chicken falafel platter. Initially looked like it had too much white sauce smothered on top, but tuned out to be the perfect amount. The pita was so nice and soft tender from being steamed in top of the chicken on their grill. Falafel was warm and crispy. Would advise to order ahead on yelp or something if you're in a rush as the line was slow moving. Recommended!",5,"Jan 4, 2026",https://www.yelp.com/biz/the-halal-guys-new-york-3
yelp,Hi Iris M.! Thank you for taking the time to rate and review us. We are happy to hear of your love for our food and truly appreciate your support. We look forward to your next visit! The Halal Guys,5,"Jan 4, 2026",https://www.yelp.com/biz/the-halal-guys-new-york-3
yelp,The falafel bowl was overall ok. The red sauce was super spicy and was not a fan of the white sauce. Falafel was crispy but not the best. I prefer moshes falafel.,3,"Dec 2, 2025",https://www.yelp.com/biz/the-halal-guys-new-york-3
yelp,It's still very tasty after 16 years.  Got the regular but the ratio of meat is too low. Struggling to get a bite of meat with everything else Anyways worth a try if you haven't been.  But it's not the same as before.,3,"Dec 26, 2025",https://www.yelp.com/biz/the-halal-guys-new-york-3
yelp,"Thank you for taking the time to share your thoughts about The Halal Guys! We would love to have the opportunity to connect with you directly about any issues you may have during your experience. If we can connect on areas we've fallen short, we can make changes to better ourselves. Please contact us at your convenience to chat.",3,"Dec 26, 2025",https://www.yelp.com/biz/the-halal-guys-new-york-3
yelp,I live in CA.  I still think about this cart when I think about food or NY. Wish they would open ones in other states. I had the lamb plate 3 times in my 4 day stay in NYC. The real cart is open during the day on the southeast corner. At night it is on both the southwest and southeast corner. And they have one on 53rd and 7th.  across the street from the sheraton towers. The sauce is way better than any yogurt sauce I've ever had.  And the hot sauce is real tasty too.  Everything is perfect about the lamb plate and if you get the pita.  I think it is more of a flat bread because is real soft and perfect. And it so inexpensive.  And the portions are huge.  My wife and I end up just sharing one plate. The imposters are on the southwest corner during the day.  They have yellow shirts with no logo.  And they don't have the logo on their plastic bags.  They are jerks too.  Someone in their line was leaving their line and I told them the real guys are across the street.  They started going crazy and yelling at me.,3,"Dec 26, 2025",https://www.yelp.com/biz/the-halal-guys-new-york-3
yelp,"THE famous Halal Guys. I've tried it when they franchised to the West Coast. Here was my experience at the actual spot. AMBIANCE: Parking: Not really. Street parking or parking at the Hilton/Sheraton. Seating: Nothing designated but there are benches a few steps away. Vibes: Welcome to Midtown NY! Plenty of iconic spots and places, one being Halal Guys! The spot itself is pretty busy close to Times Square and many Broadway shows. It's nothing too flashy, there are actually a few other Halal Guys carts but you can tell this is the original based on the longer line or being across the Hilton. Great place for a grab and go. FOOD: Combo - Beef/Chicken/Gyro Platter (Recommend) Why not? The best of all worlds! Chicken, beef, and gyro well cooked and flavored, complemented with rice, fresh lettuce, tomatoes, and their signatures sauces. They've grown their flavors but I love the classic cool white sauce, refreshing green sauce, and fiery (really) hot sauce (packaged separately). CUSTOMER SERVICE: Great! Despite the long line they were pretty professional and composed. TL; DR OVERALL: 4.5 Stars. Good price, good selections, and a pleasant experience. This hits! I'm impressed how they still kept it affordable. It's a great bang for your buck too! Glad they franchised but if you happen to find yourself in the area, it's definitely worth a try. #RepresentASIAN TIPS: * You'll actually probably see a few other Halal Guys - the original original one is on 53 & 6 right across from Hilton near a fountain. It actually has a long line but the others are just as great!",5,"Jun 11, 2025",https://www.yelp.com/biz/the-halal-guys-new-york-3
yelp,"Hi Leland, thank you for the positive comments. We are so happy you enjoyed your meal at The Halal Guys and look forward to seeing you again!",5,"Jun 11, 2025",https://www.yelp.com/biz/the-halal-guys-new-york-3
yelp,"Yup, came back almost a year later and I still like this better compared to Adels. Affordable and simple at $12 cash for a Regular. Split it w my SO and it was a perfect amt. SO says meats slightly dry but it didn't bother me. Added a separate white sauce and it was still great. The veggie/rice ratio is perf",5,"Aug 13, 2025",https://www.yelp.com/biz/the-halal-guys-new-york-3
yelp,"Yep, I get the hype. I like the halal guys that I've had in LA but the OG stand just HITS DIFFERENT. Truly legendary. Eaten right away, or heated up  later as a drunk food, all of it is just so so good. Line around 3:40pm was like 10-15 parties deep, but it moves fast. Got our food within 15-20 minutes of waiting in line. A small platter with combo chicken and beef was $10.89. In retrospect I should've gotten a large for an extra dollar to really savor every bite even though I couldn't finish the small in one sitting. I get 3 lines of red sauce, then add another bag. Flavor blast. Burns so good. Meat's not dry. I'm still dreaming about it since ordering it 11/24/24 LOL Service is fast and friendly! The guy took our order quickly, and joked at how I got more lines of red sauce than my dude friend who got one loll",5,"Aug 13, 2025",https://www.yelp.com/biz/the-halal-guys-new-york-3
yelp,This is the OG and the food is still very good. Got a combo sandwich for $10 cash. Waited in line for about 15-20 minutes. Operations were slow at 5pm. There were only 10-15 ppl in front of me and they took their sweet ass time,4,"Aug 9, 2025",https://www.yelp.com/biz/the-halal-guys-new-york-3
yelp,"Was able to stop by and try The Halal Guys while visiting, my friends and I waited around 5-10 minutes to order and all orders are made to order - staff member was friendly and made the food quickly and added extra white sauce which we enjoyed. Food came out good, delicious - we ordered the beef and complimented with rice, tomatoes, fresh lettuce and sauce.",4,"Dec 16, 2025",https://www.yelp.com/biz/the-halal-guys-new-york-3
yelp,"Ambiance: the food truck is located at the midtown entertainment district, and there's always long waiting line from morning to midnight Service: the line moves slow, as they operate both walk-in and online orders at the same station, expect at least thirty minutes waiting time, once you get to the front line, it's pretty fast to place the order and get your food right away Food: the original and legendary food truck with their simple menu items CHICKEN & BEEF GYRO COMBO - **** the most popular item, lettuce and rice base, topped with chicken and gyro, and pita, sauces are optional, recommend serving with their white creamy sauce and red hot sauce Price: decent potions and cheap prices, less than $15 for a quick bite, it used to be cash only, but they take credit card payment now",4,"May 10, 2025",https://www.yelp.com/biz/the-halal-guys-new-york-3
yelp,"I have not tried in a couple of years. The combo is now $12. Portions are smaller, half of it was tomatoes and salad. Still a good deal for $12 but not as much food as before. Lines are also shorter.",3,"Dec 7, 2025",https://www.yelp.com/biz/the-halal-guys-new-york-3
yelp,"Price: $8 as of July 9 at this location. It use to be $7 before this month and $6 in 2013 or 2014. Price as been going up but affordable. It is cheaper than the stores locations where is is $7.99 before taxes for a small and $8.99 for a larger. Wait: There is always a wait no matter if it is lunch time, mid day, dinner time or even midnight. First because of tourists and second because it is cheap filling food after a long night of drinking. Be prepared to wait 5 to 10 minutes. Food: Food is always fresh and hot. If you get a platter, it comes with yellow rice, pita and salad. You can add chicken or gyro or both as meat. I am a frequent visitor when i am by the location. The food i got was really salty. I don't know why. I had trouble finishing it because of that. I will give it another try to see if they have changed their food. Sauce: If you get the platter to go, they are very stingy with the sauce. They charge you more if you want extra. Drinks: They sell drinks. A can of soda is $1. Overall: i would give this a try if you are in the neighborhood, hungry after a night of drinking. It is filling affordable food in NYC.",3,"Dec 7, 2025",https://www.yelp.com/biz/the-halal-guys-new-york-3
yelp,"I first tried the OG Halal Guys cart about 20 years ago, and it was one of those mind-blowing experiences you always remember. Now Halal Guys is franchised, but the franchise locations don't hold a candle to the original experience. So I was hoping to experience that original magic - but sadly the cart was just like the mass produced franchise locations.  The meat was dry, the flavor was lacking, and it was overall a disappointment. I guess it's just one of those things that changes with time!",2,"Jul 7, 2025",https://www.yelp.com/biz/the-halal-guys-new-york-3
yelp,"Hello Nadeem A., We would like to apologize for your recent experience and sorry to hear you were less than satisfied.  We pride ourselves on our service and the high-quality standards we maintain and would like to make things right.  Please reach out to us at rewards@thehalalguys.com to discuss what occurred and how we might make it up to you.",2,"Jul 7, 2025",https://www.yelp.com/biz/the-halal-guys-new-york-3
yelp,"We were introduced to Halal Guys on a previous visit, and now there are a few locations near home in Los Angeles. I tried to find the original cart but couldn't. We made an order, it was only $12 for enough food for both my wife and me! It was very delicious and very filling. The Halal Guys can always be depended on for a good meal!",5,"Oct 6, 2025",https://www.yelp.com/biz/the-halal-guys-new-york-3
yelp,"I stopped by The Halal Guys as I was around the area, since I've heard a lot about them and seen plenty of decent reviews, so I wanted to see what the hype was about. The menu is simple: protein, rice, and salad with three sauces. For protein, they offer chicken, gyro, falafel, or a mix, and you can get it either in a pita wrap or as a platter. Their sauces are white sauce, BBQ, and hot sauce. One thing I like is that they offer two platter sizes -- small for $10 and large for $12. Even though my eyes are big, my stomach is small, so I went with the small platter, and it was the perfect portion. I ordered the combo gyro and chicken and topped it with BBQ and white sauce. It comes with two pieces of pita bread and a little side salad. The meat was decent -- the chicken didn't have much flavor and was pretty bland, but the gyro had a nice texture. The rice was actually pretty good, and the white sauce mixed with the BBQ sauce made the whole dish more flavorful. Overall, I'd rate it a 3.5 out of 5",3,"Nov 23, 2025",https://www.yelp.com/biz/the-halal-guys-new-york-3
yelp,"I was so excited to finally have the Halal Guys tonight after years of MIA. But tonight was definitely a disappointment. I have been eating healthy lately and was extremely excited to finally eat a comfort meal, however the portions were unacceptable. I got the beef platter and it used to come with the perfect amount of salad on the side, but the portion of salad was atrocious. Literally, barely any meat, and the ratio was off. Why am I eating salad AGAIN!!!!???? It wasn't even busy on this rainy day. Who are they saving the meat and rice for? If you're visiting NYC, Halal Guys is definitely not representing us!",1,"May 14, 2025",https://www.yelp.com/biz/the-halal-guys-new-york-3
yelp,"Hi Shirley, We're sorry that your experience wasn't what you expected.  At The Halal Guys we strive to provide exemplary customer service to all of our guests.  We would love the opportunity to make it up to you.  Please email rewards@thehalalguysny.com so we can make it right.",1,"May 14, 2025",https://www.yelp.com/biz/the-halal-guys-new-york-3
yelp,"Have walked by and saw huge lines here before, so wanted to come back and try. When I did, there was only one couple in front of me. Service was good. Thought the food was good - not great. Would probably stop here again if the line was short.",4,"Jan 5, 2026",https://www.yelp.com/biz/the-halal-guys-new-york-3
yelp,"Customer service was abysmal. No prices listed, food was barely cooked dry and the worst part for 2 chicken over rice and a single kabob we were charged 50+ dollars. this should have been $35",1,"Jan 11, 2026",https://www.yelp.com/biz/the-halal-guys-new-york-3
yelp,"Jason P., We deeply apologize for your experience. It seems like you are disappointed, and we would love to hear more about where we fell short. Please reach out to our customer service team at your earliest convenience. We can be reached at rewards@thehalalguys.com.",1,"Jan 11, 2026",https://www.yelp.com/biz/the-halal-guys-new-york-3
yelp,One of our favorite spots in NYC. A Must for tourists and locals alike. Food is always delicious and and service is quick. You defenitely get your moneys worth.,5,"Jan 13, 2026",https://www.yelp.com/biz/the-halal-guys-new-york-3
yelp,Pretty fresh food and delicious it totally fulfilled my expectations in every aspect.,5,"Jan 10, 2026",https://www.yelp.com/biz/the-halal-guys-new-york-3
yelp,Hi Norman B.! Thank you for taking the time to rate and review us. We are happy to hear of your love for our food and truly appreciate your support. We look forward to your next visit! The Halal Guys,5,"Jan 10, 2026",https://www.yelp.com/biz/the-halal-guys-new-york-3
yelp,"I read this one is the best, so it is where I go when I am in NYC. Once we got this to go, and then went to the Plaza bar for coffee and drinks.",5,"Dec 24, 2025",https://www.yelp.com/biz/the-halal-guys-new-york-3
yelp,"Hi Ceceilia, thank you for the positive comments. We are so happy you enjoyed your meal at The Halal Guys and look forward to seeing you again!",5,"Dec 24, 2025",https://www.yelp.com/biz/the-halal-guys-new-york-3
yelp,"There was a line everyday. I finally stood in it. 10 min, back to front. The front welcomed me with engaging service. $12 FULFILLING and delicious gyro sandwich and alright $6 fries. That sandwich with that sauce...! Yum!",5,"Jun 11, 2025",https://www.yelp.com/biz/the-halal-guys-new-york-3
yelp,This place is wonderful. I got the falafel platter which was deliciously fresh and tasty. Huge portion sizes. Where else are you going to get a complete dinner in New York City for $11? They worker recommended I try the green sauce which is like the white sauce but a little more herbs. I really liked it. I forgot how good this place was.,5,"Mar 31, 2025",https://www.yelp.com/biz/the-halal-guys-new-york-3
yelp,"Hi Mike, thank you for sharing your wonderful review about The Halal Guys! We are happy to have served you, please feel free to reach out to our team if you have any additional feedback.",5,"Mar 31, 2025",https://www.yelp.com/biz/the-halal-guys-new-york-3
yelp,"You'll try to convince yourself not to do the long line, just like I did, but I caved for my next meal.  Just know that the food is great for the price ($11 for the larger platter they call the ""Regular.""  Keep in mind that the sandwiches ($9) are also larger that the picture says.  Once you get your food, you can eat it standing up, or try to get lucky and get a spot on the bench outside the building.",4,"May 26, 2025",https://www.yelp.com/biz/the-halal-guys-new-york-3
yelp,"It's a rite of passage standing in line at 4am, bleary eyed, maybe a bit drunk, waiting to chow down on some Halal Guys. While I'm waiting and pondering the universe's most mysterious questions, such as how it has taken me over three  decades on Earth to get to this location. All forms of consternation immediately vanished after one bite of my Gyro plate with extra white and red sauces (go easy on the hot sauce...I learned a bit too late that a little goes a long way!).",5,"Nov 4, 2025",https://www.yelp.com/biz/the-halal-guys-new-york-3
yelp,"At some point I think New York was mainly hot dog carts. Now, it's all halal carts. This Yellow shirt classic food stand has been there since 1990. Now this stand typically as a line. They have another stand right across the street. So the concept here is platters. As street food- you have chicken, beef, falafel as options. For my vegetarians, the falafel is made in a separate cart so it can be separated from the chicken and beef. Its made fresh so I had a wait. They came out with 12 piping hot falafels and it was worth it. For the platters you get rice, vegetables and then your protein. In my case, 6 piping hot falafels. On top of it is pita bread and then white and red sauce. The white sauce is a lovely blend of mayonnaise and yogurt. A perfect blending of Mediterranean and American cultures. The red sauce is spicy and should be taken in limited quantities. If you get this to go, they wrap it up for you and put it in a bag. We walked back to the hotel and our food had stayed warm. The rice was flavorful, and the veggies and falafel. Combined with the white and red sauce this was a perfect meal. It cost me $12 + tax. They take cash and card. This line I can be long but what I know is that it's worth it.",5,"Oct 6, 2025",https://www.yelp.com/biz/the-halal-guys-new-york-3
yelp,"Pretty high on the list of NYC legendary carts, and for good reason. I've come to this cart roughly 1-2 times per year since moving to NYC in 2016 and have no plans to stop.  If I lived any closer I'd be here a lot more often. The menu and the process are super simple - get in line no matter who you are (tourist, construction worker, finance bro, marathon runner, other), wait hopefully no more than 5-10 minutes, and then select a platter that comes with rice + meat or falafel. Tell them whether you're OK with the spicy sauce or not; as a guy that genuinely enjoys spicy food, I've screwed around and found out when it comes to their red sauce.  It's delicious but don't overdo it on your first go-round. Pay them $8-$10 for a filling, tasty meal - which in NYC (particularly in Midtown) is an absolute steal. And then enjoy your lunch/dinner/snack on a nearby bench people-watching in the area, or take it to Central Park, or wherever else you want to chow down. I'm not trying to say that this is the best food you'll ever find in New York - but it's so dang reliable in terms of cost and quality, and in one of the most scenic stops in town to boot.  Can't imagine this area without thinking of the Halal Guys cart as well.",5,"Nov 4, 2024",https://www.yelp.com/biz/the-halal-guys-new-york-3
yelp,"Hi Dumond, thanks for the 5-star review! We appreciate you taking the time out of your day to rate The Halal Guys.",5,"Nov 4, 2024",https://www.yelp.com/biz/the-halal-guys-new-york-3
yelp,The Halal guys have expanded and it's phenomenal to watch. It was a pleasure getting lunch at one of their food carts at the location where it all started. It's a great bang for your buck in the city. 11 or 12 dollars for a plate that is a decent size is a steal in the city. The spicy bbq chicken is indeed spicy so be prepared. The chicken combined with the rice and salad proved to be an satisfying lunch. Halal guys hits the spot in my opinion.,4,"Apr 11, 2025",https://www.yelp.com/biz/the-halal-guys-new-york-3
yelp,We were so excited to find THE original location of the Halal Guys. We came here on a Sat afternoon around 3pm. Short line but there was always a line! The guys were super nice and didn't rush us to order when we got to the front of the line. They even allowed us to substitute the spicy bbq chicken for the regular chicken in the combo plate. We got two combo plates and a chicken sandwich/gyro. They gave us enough silverware and napkins and extra white sauce and extra hot sauce! Everyone in my group was in agreement that the food and service was 5 stars! We are so happy we stopped by today. The chicken and beef were made to perfection with amazing spices. And the meat combined with the rice and lettuce/tomatoes = amazing! We loved the food and would definitely recommend both the combo dish and the chicken gyro!!!,5,"Oct 5, 2024",https://www.yelp.com/biz/the-halal-guys-new-york-3
yelp,"Hi Miley, thank you for the positive comments. We are so happy you enjoyed your meal at The Halal Guys and look forward to seeing you again!",5,"Oct 5, 2024",https://www.yelp.com/biz/the-halal-guys-new-york-3
yelp,"Still worth the hype! The OG Halal cart, worthy of praise. Not sure why some reviews mention them as having fallen off. Maybe there are better ones, yet the Halal Guys are just as good, generous portions, delicious white and spicy sauce (get both), and enough of a balance between the rice, meat (beef), and vegetables. The falafel was a pleasant surprise, crispy outside and chewy inside. Surprisingly no lamb option. The line can be long.",5,"Nov 30, 2025",https://www.yelp.com/biz/the-halal-guys-new-york-3
yelp,We waited in line for over 45 minutes in freezing temps and it was worth it! Chicken & rice platter and lamb & rice platters with extra white sauce were ordered and devoured in minutes. What's not to love about consistently delicious food! Tip: Ask for extra white sauce,5,"Mar 23, 2025",https://www.yelp.com/biz/the-halal-guys-new-york-3
yelp,"Visiting First time New York , everyone recommend eating at Halal Guys so we decided check out what all the hype about . Best part getting a wholesome meal at 1 AM at night was really fascinating coming from a town where everything closes at 9 pm. Long Queue at 1 am gave us assurance that food would be delicious. Queue was worth the hype and anyways the queue moved very fast due to the efficiency of the staff. Now the food, We Ordered a few chicken and Falafel Platters which came with rice, lettuce, pita pieces and chicken/Falafel , loaded with the fantastic white sauce. Everything was served super fresh and hot.  Portions were generous. We really enjoyed the food as we were very hungry after a long drive from North Carolina. Slept late with an happy belly ! The Only downside was they only accept Cash  at the food truck . Luckily we had some  it would have been very difficult to  look at cash late night.",4,"Jan 30, 2025",https://www.yelp.com/biz/the-halal-guys-new-york-3
yelp,"Grabbed the combo platter at The Halal Guys 53rd St cart post-theater--juicy chicken/gyro over perfectly seasoned rice with extra white sauce was pure bliss, pita scoopable and filling for $16. Quick despite the line, hot/fresh every time; iconic spot lives up to decades of hype. Must for visitors craving real street eats!",5,"Apr 4, 2026",https://www.yelp.com/biz/the-halal-guys-new-york-3
yelp,"Hi Nicholas, thank you for the positive comments. We are so happy you enjoyed your meal at The Halal Guys and look forward to seeing you again!",5,"Apr 4, 2026",https://www.yelp.com/biz/the-halal-guys-new-york-3
yelp,"Post MOMA yesterday, the quickest dinner to go would be the Halal Guys. Went for a Combo Platter but wanted half of the Chicken to be Spicy Chicken so I can try it. That proved to be a good move as the Spicy Chicken was literally fire, and I have such a high threshold! Combine all the white sauce and hot sauce and it was too hot but soooo good! Glad to see them still holding up. Stay consistent and clean pls! :)",4,"Jul 12, 2025",https://www.yelp.com/biz/the-halal-guys-new-york-3
yelp,Thank you for taking the time to write a review about The Halal Guys! We are happy to have you as a customer!,4,"Jul 12, 2025",https://www.yelp.com/biz/the-halal-guys-new-york-3
yelp,"Arrived on a Tuesday at 12pm. Wait was about 2-5 minutes and the service was quick. Bring cash as this place, similar to most, takes cash only. The beef gyro is preferred over the chicken and don't forget the red sauce if you're a spicy consumer. I can see the appeal for this spot. If I worked here in nyc, I'd go here often for a cheaper quality meal",5,"Aug 15, 2024",https://www.yelp.com/biz/the-halal-guys-new-york-3
yelp,"Date: Monday, May 6th, 2024 Time: around 9:45pm Party of: 5 What: Dinner or After Drinks Food? Note: Review #10,339 Combo Platter Served with a pairing of (beef gyro, chicken) as well as rice, lettuce, and tomatoes along with your choice of toppings and our famous white and hot sauce. What else can I say about Halal Guys that has not been said?! Deliciously filling cheap eats. The hubby and I shared a platter after a day of drinking and we were good. I can't remember how much it was, but I think it was like $13 or less for a plate of food. And I like how I can add as much white or hot sauce as I want. I do love my food spicy. Combo for me is the way to go since I can have both chicken and beef. I'm not much of a rice person and the hubs is not much of a lettuce person, so it was divide and conquer. We killed that platter. Tasty, affordable, and just yum! REVIEW #3414",5,"May 22, 2024",https://www.yelp.com/biz/the-halal-guys-new-york-3
yelp,"Hi Elena, thank you for sharing your wonderful review about The Halal Guys! We are happy to have served you, please feel free to reach out to our team if you have any additional feedback.",5,"May 22, 2024",https://www.yelp.com/biz/the-halal-guys-new-york-3
yelp,Some really good cheap food. A lot of it too. The wait in line was about 45 minutes so don't grab this spot if you're in a hurry. My biggest regret was not getting double white sauce.,4,"Jan 17, 2026",https://www.yelp.com/biz/the-halal-guys-new-york-3
yelp,"When in New York we always grab a bite at the Halal Guys.  Line is always long.  Food  is always consistently delicious.  If it your first time,  you wont regret waiting in that long line because this place always hits!!!! Ask for extra white sauce",5,"Jan 12, 2025",https://www.yelp.com/biz/the-halal-guys-new-york-3
yelp,Delivery was completed within the estimated time. Food condition was good and nothing was missing. Taste was average and portions were fair. Works well for a quick and simple meal.,5,"Mar 24, 2026",https://www.yelp.com/biz/the-halal-guys-new-york-3
yelp,"Always a line, but always worth it! The guys are always friendly and they pump out the food as quickly as they can. Got 4 chicken platters (for 4 people) with extra white sauce and they were all demolished on the train back north. Always love going to The Halal Guys when I'm in town.",5,"Dec 28, 2024",https://www.yelp.com/biz/the-halal-guys-new-york-3
yelp,So damn good! we grabbed a couple of bowls here late one night and it was everything you would hope for.,5,"Aug 22, 2025",https://www.yelp.com/biz/the-halal-guys-new-york-3
yelp,"Before this became a chain, the Halal Guys at this location, street side came highly recommended to me by a friend. She was right! There is something really fun and special about dining street side with food purchased from an NYC food cart. Standing there in the cold, I couldn't wait to get food into my belly. Everything was SO good. But, be warned! The hot sauce... it's HOT! Go easy and add slowly to check your spicy temperature limits. I miss NYC! This would be a definite stop if I'm in town. Although, I'm so glad it's become a chain and I'm only 10 minutes away from one of their shops! Not quite the same, charm as being street side.",5,"Nov 9, 2024",https://www.yelp.com/biz/the-halal-guys-new-york-3
yelp,"Hi Juliana, thank you for sharing your wonderful review about The Halal Guys! We are happy to have served you, please feel free to reach out to our team if you have any additional feedback.",5,"Nov 9, 2024",https://www.yelp.com/biz/the-halal-guys-new-york-3
yelp,For the most part consistent. At least the food is good and the service is polite. The area was quiet.,4,"Mar 8, 2026",https://www.yelp.com/biz/the-halal-guys-new-york-3
yelp,"What can I say about Halal Guys, they are the OG in the chicken and rice game. Pretty much my favorite meal in NY. Nothing better than soaking up the alcohol with delicious seasoned rice and flavorful meats. Just beware of the ""hot sauce"". Sometimes it's fine sometimes it will leave you crying on 6th street. Always ask for extra white sauce. Getting hungry writing this.",5,"Jun 27, 2025",https://www.yelp.com/biz/the-halal-guys-new-york-3
yelp,"Efficient with lines ( never have to wait more than 20 min for food, unlike adels where they purposely stall the lines) . Food is always amazing and a great options for both kids and adults!",5,"May 6, 2025",https://www.yelp.com/biz/the-halal-guys-new-york-3
yelp,"Thank you for the 5 star review, Zukhraf! We're always thrilled to see a satisfied customers share their opinion.",5,"May 6, 2025",https://www.yelp.com/biz/the-halal-guys-new-york-3
yelp,"Wait for about 30 minutes on a Wednesday during lunch time (got in line around 12:35 PM and had my food in hand by just after 1:05 PM). While waited in line, seems a lot of food delivery folks from Whizz service came by to pick up delivery orders. The food was good, tasty, reasonable affordable (at least less expensive than in California). However, I'm not sure I'd wait in a line to try this OG cart again. Literally tastes the same as physical store fronts, so the only difference is the experience waiting in line. Very cool first time trying it though!",4,"May 4, 2024",https://www.yelp.com/biz/the-halal-guys-new-york-3
yelp,do not buy their gift cards - a complete and total rip off - i'm out $100 on cards i purchased that never worked and the store on 14th street simply shrugged - bunch of assh###s. i'll never purchase their mediocre crap food again,1,"Feb 26, 2026",https://www.yelp.com/biz/the-halal-guys-new-york-3
yelp,"Hello Theodore L., I’m very sorry we failed to meet your expectations. I would appreciate another chance to earn your business. Please email us at rewards@thehalalguys.com.",1,"Feb 26, 2026",https://www.yelp.com/biz/the-halal-guys-new-york-3
yelp,"Ordered delivery this year. Food was good but loses a touch not eating fresh off the line. Still, feeding 4 adults to fullness for $65 w tip in NYC is a score. Arrived in 1hr via Uber eats.",4,"Apr 19, 2025",https://www.yelp.com/biz/the-halal-guys-new-york-3
yelp,"Line wasn't too bad on a Wednesday afternoon. Wait time was 10 mins. A must stop when in NYC. Unknown Michelin Starred restaurant. $12 for a filling bowl. I only had 9 meals during my time in NYC and this was one of the spots I used it on. Ambiance was great, ate right outside on the benches like a typical New Yorker.",5,"Oct 13, 2024",https://www.yelp.com/biz/the-halal-guys-new-york-3
yelp,"Hi Jeffrey, thanks for the 5-star review! We appreciate you taking the time out of your day to rate The Halal Guys.",5,"Oct 13, 2024",https://www.yelp.com/biz/the-halal-guys-new-york-3
yelp,"Absolutely love this food stand I haven't had it for years but it tasted as yummy as before. The volume and price are unbeatable. Highly recommending it for everyone, especially for tourists.",5,"Nov 26, 2024",https://www.yelp.com/biz/the-halal-guys-new-york-3
yelp,"One of the iconic food trucks in New York City! If you are visiting NYC, don't miss this one! Delicious platters of chicken/gyro/falafel with spiced rice and pita bread.",5,"Jul 5, 2025",https://www.yelp.com/biz/the-halal-guys-new-york-3
yelp,"Thank you for the 5 star review, Shiva! We're always thrilled to see a satisfied customers share their opinion.",5,"Jul 5, 2025",https://www.yelp.com/biz/the-halal-guys-new-york-3
yelp,WORTH THE WAIT!!! Them guys cooking. The food was lick the fork good. Rice tender. Perfect balance of meat n rice. white sauce good. Hotsauce a bit spicy but good spice notes. I almost wanted to grab a platter to bring home on plane. You gotta give it a try.,4,"Mar 4, 2024",https://www.yelp.com/biz/the-halal-guys-new-york-3
yelp,"The hype is real! Is it worth standing in a long line? YES! We walked to The Halal Guys and approached a long line that we began to stand in, after further investigation we learned we were in the line for Adel's. We kept walking and made it to the right long line, LOL. We probably stood in line for 35-ish minutes. FYI, it was at least 1am in the morning, if not later or earlier, depending on how you look at it. I got the chicken platter, the hubby got the combo platter which comes with chicken and beef. Both dishes were so flavorful, the rice, lettuce, chicken and other accoutrements were a medley of perfection. The pita was warm and fluffy and paired nicely with everything else. The white sauce on top tied everything together. I am SO glad we did not stay in the Adel's line, this was SO much better! Try it! Don't be intimidated by the line. Frankly, New York is a series of lines LOL!",5,"Oct 7, 2023",https://www.yelp.com/biz/the-halal-guys-new-york-3
yelp,"Thank you for the 5 star review, Alison! We're always thrilled to see a satisfied customers share their opinion.",5,"Oct 7, 2023",https://www.yelp.com/biz/the-halal-guys-new-york-3
yelp,"Finally was able to visit and try the original The Halal Guys and it did not disappoint. You won't miss the cart and you will see a long steady line all day but the guys that work here got it down as it moves fairly quickly. Menu is pretty simple. Cash only so be prepared. We ordered chicken platter and get extra white sauce,you'll thank me later. We also got  gyro beef sandwich but I personally like the platter better.If you don't eat spicy the red sauce might be too much for you so try at your own risk. We enjoyed our food somewhere near by the street to make sure we tried it hot and fresh.",5,"Oct 30, 2023",https://www.yelp.com/biz/the-halal-guys-new-york-3
yelp,"Hi Carla, thanks for the 5-star review! We appreciate you taking the time out of your day to rate The Halal Guys.",5,"Oct 30, 2023",https://www.yelp.com/biz/the-halal-guys-new-york-3
yelp,"Some people give Katz a bad rap.  I just finished a half sandwich of Pastrami on rye (seeded) and I'm here to tell ya....""to die for""!  That's coming from a ""real"" nyker....from the Bronx.  I got the lean and it was n't soggy like some claim.  Let me tell you how I prepared it.  It comes in a sealed plastic bag.  I left it that way as I placed it in a pot of boiling water for 10 minutes.  I toasted the rye bread then smeared both sides with blue cheese salad dressing (brown mustard would be too strong, the meat is flavored enough).  One of the 5 food groups.  The other 4:  Carvel soft serve ice cream, potato knish, and Original famous Ray's Pizza.  All ""to die for""!!!!!!",5,"Apr 5, 2026",https://www.yelp.com/biz/katzs-delicatessen-new-york
yelp,"Cash only and prepare for chaos. There will be a line... several.  There 's a line to get in, which is out the door. The doorman hands you a ticket. Keep it. There is a line to order, a line for just drinks, a line for pre-order pick up, and a line to pay. Legit Crazy. Finding a seat to eat is stressful.  I saw a local kick out a non-NYer for saving a table for 6, when all she needed was a table for 2 and she didn't have her food yet. It was crazy. Would I go back... YES!!  There is a line for a reason. That sandwich is amazing!!!!  It was soo huge.  I'm glad the kid and I shared.  The hubs ate the whole thing by himself and had the meat sweats.  Thankfully we walked it off :)",5,"May 5, 2026",https://www.yelp.com/biz/katzs-delicatessen-new-york
yelp,"Katz's Delicatessen was my very first stop on my first trip to NYC, and it absolutely lived up to the hype. This iconic spot has been around for generations, serving up legendary pastrami in a classic New York setting. Expect a long line, but it moves quickly. You'll receive a ticket upon entering, have your order marked, and pay on the way out. - Katz's Pastrami Sandwich (on rye) -- incredibly juicy and tender with thick, hand-cut slices piled high; on the pricier side, but worth trying at least once; it's massive and easily shareable, one of the most beautiful pastrami sandwiches I've ever seen The vibe is bustling and full of energy. The walls are lined with old photos that showcase Katz's long history, and the bright fluorescent and neon lights give it that unmistakable deli feel. Beyond pastrami, they also offer classics like corned beef, sauerkraut, and matzo ball soup -- don't forget the pickle to balance everything out. Service is efficient and friendly given the volume. I'm already craving another pastrami sandwich as I write this... Katz's is truly a must-visit NYC staple!",5,"Apr 29, 2026",https://www.yelp.com/biz/katzs-delicatessen-new-york
yelp,"I usually go with the pastrami on rye, sometimes I'll throw Swiss on it. It's stacked, juicy, and exactly what you want from a classic deli sandwich. What makes it even better is the history. Katz's has been around since 1888, and it's one of the last old-school Jewish delis still doing it at that scale in NYC. It's been in the same Lower East Side spot for well over a century, serving generations of New Yorkers, immigrants, and everyone in between. Even the interior still has that worn-in counter-service vibe that feels unchanged on purpose. Pastrami here is consistently amazing. I end up going at least once a month because nothing else really hits the same.",5,"Apr 29, 2026",https://www.yelp.com/biz/katzs-delicatessen-new-york
yelp,"Try: Corned Beef Reuben! Why: Pastrami is obviously delish here and I've had it various times but finally tried their Corned Beef Reuben and it was melt in your mouth goodness! Notes: Came with my parents for late breakfast and it was already busy. Got our tickets at entrance and I went to sandwich line immediately while my parents grabbed a table. Don't forget to tip your butcher esp if they give you a sample. If you're sharing family style, keep all your tickets even unused ones so you can give them back the tickets at exit after paying. Credit card accepted in back counter. Front counter is cash. Ordered too much food? Get it wrapped and bagged in back counter too. Def a staple NYC establishment and dining experience.",4,"Apr 29, 2026",https://www.yelp.com/biz/katzs-delicatessen-new-york
yelp,"In a word, disappointed. I've been wanting for years to go to the famous Katz Deli. Maybe I hyped it up too much. I don't know. We arrived promptly at 11 o'clock on a Saturday morning and there was almost no line. You go in the door, you get one ticket for every person and it's extremely important that you keep that ticket even if there is nothing written on it. Then you hop in the line for whatever it is that you're needing whether it would be a sandwich or hotdog a soda, etc. Then you get in that corresponding line. After you get your food you do not pay at that time. We were lucky enough to find a table right away. Now for the food. We both got corned beef with spicy mustard. The sandwiches look amazing! The meat was hot and it was thick and they had trimmed most of the fat away which I love. The problem is there's almost no taste. It's like steamed meat and the spice is a wish and a dream. A whisper of spice if you will. The pickles were terrible! If you can see my pictures, you can see that one is a dark green and one is a bright green. The dark green ones could be something that you pick off of a grocery store shelf and the bright green one tasted like you just cut up a cucumber and put it in vinegar with maybe a little salt For two sandwich sandwiches, extra pickles and two diet Pepsi's the bill came up to $63 and some change. To be honest, we have a great sandwich place back in Indianapolis, Indiana called Shapiro's and Shapiro's is by far better and at least five times better than Katz. If you don't have a deli by where you live, maybe this will be amazing because you have nothing to compare it to. I do and this was not worth it. I'm glad that I tried it though because if I didn't, I would've always wondered. You should definitely try Katz's at least once, but don't get your hopes too high. Seems more like a tourist trap.",3,"Apr 27, 2026",https://www.yelp.com/biz/katzs-delicatessen-new-york
yelp,"I got lucky and there was no line when I went. While waiting, they even gave out samples of pastrami to try--omg, it was so tender, juicy, and good. I just ordered the classic pastrami sandwich with mustard, and got their spicy sauce on the side. The sandwich was huge and packed with meat. Honestly, it was the best food I had in NYC while I was there.",5,"Apr 20, 2026",https://www.yelp.com/biz/katzs-delicatessen-new-york
yelp,"I was so excited to try THE SPOT when in NYC and was completely disappointed. The line outside moved pretty fast but it's the line inside that was so so slow. I ordered what people recommended which was the pastrami on rye with mustard and Russian dressing on the side, juicy. The meat was DRY, no fat at all. I see online afterwards that you have to tip $20 to get more and better cuts of meat. The sandwich is already $30, tipping another $20 on top of that is utterly ridiculous. I really don't get why they're so famous because the food is just blah. The Hat on the west coast is much better and the meat much juicier and they don't require a big tip to serve you good food. Hopefully this is the only tourist trap we fall for this trip.",1,"May 4, 2026",https://www.yelp.com/biz/katzs-delicatessen-new-york
yelp,"Was this a delicious sandwich? YES Did it satisfy my 2:30 AM hunger after drinking? YES Was it amazing and did it change my life? Absolutely not. I finally tried Katz's after seeing the ridiculous amount of online hype over the years of everybody raving about this place. I think this is one of those places where I had too high of expectations going into it and I was let down. This was a great sandwich, although very expensive. They definitely need to fix the bread situation. They need to get thicker or sturdier bread for the sandwiches because it falls apart completely after the first bite. Pickles were good. I honestly don't see myself ever going out of my way to come here again, but wouldn't be mad if I stopped by while in the area next time.",4,"Apr 14, 2026",https://www.yelp.com/biz/katzs-delicatessen-new-york
yelp,"Disclaimer, I am normally not a pastrami fan but I wanted to see if anything has changed. Knowing that Katz is known for their pastrami,  I hoped it would change my perception of what it could taste like or be. We ordered the pastrami sandwich and the matzo ball soup. I have mixed thoughts on the sandwich, some of it had juicy, tender bites but other bites were salty and dry. The matzo ball soup was unique and I liked it, but it was too salty for me. I was in desperate need of water after having both together. The line is long but it moves relatively quick, make sure you go in the lines that have a large tip jar. It means they are likely to move quick and get the food out faster. It was my first time and I learned that you take a ticket, order, eat, then pay. You also have to take a ticket even if you're not ordering, or else pay a lost ticket fine Overall, it was decent. I would try it because it's iconic to NY but I wouldn't go out of my way for it.",3,"Apr 10, 2026",https://www.yelp.com/biz/katzs-delicatessen-new-york
yelp,Tried Katz' Deli during our trip to NYC! Lots of other tourists were there taking photos. You go in and order at one of the counter lines. Everyone who enters gets a ticket (when you place your order they write it down on the ticket). You bring your ticket to the exit counter and pay there. My husband and I got a full pastrami sandwich and it was way too much for two people! Gigantic mega portions of pastrami meat. The pastrami meat was deliciously fatty and well seasoned but way way more ratio of meat to bread than necessary (which is probably why they are so famous). You could probably feed two people with just a half sandwich. If we had a fridge in our hotel we would've brought more of the meat home and just buy extra bread to eat it with! Tasty but also probably ridiculously fatty,4,"Apr 8, 2026",https://www.yelp.com/biz/katzs-delicatessen-new-york
yelp,"Confusing to figure out what to do. We stood outside in the long line at 3pm on a Friday. Once we got to the door we were given the choice of counter ordering or waiter service. Counter looked confusing and crowded and I was unsure of the process so we were then directed to a new line to wait for waiter service. I thought we came at the ""right"" time but when we left at about 4:30 or 5:00 the waiter service line was non existent. Overall I think we waited an hour. Food was great. All of it. Bought some merch as we left. Legendary dinner.",5,"Apr 11, 2026",https://www.yelp.com/biz/katzs-delicatessen-new-york
yelp,"We're glad you enjoyed your first visit! And though it can be challenging to predict the line, the best times to try dodging the crowds are generally during off-peak hours: breakfast, between lunch and dinner, or late nights on the weekend. We hope to get another chance to serve you up the perfect sandwich - maybe in a slower setting!",5,"Apr 11, 2026",https://www.yelp.com/biz/katzs-delicatessen-new-york
yelp,"The wait time here can be very long with wait times being more than a hour. It definitely gives the classic NY vibe with the lively and straight up atmosphere. You can even try out the meats before you decide what you want, but you should tip the worker. I got the pastrami sandwich which is definitely a must try and was worth the wait. It's definitely big enough to share between two people. The pickles went well with the meatiness of the sandwich. The meat was tender and savory. The Dr. Brown sodas were refreshing and went well with the meal. Definitely would come back again. It is definitely worth the hype.",5,"Apr 11, 2026",https://www.yelp.com/biz/katzs-delicatessen-new-york
yelp,"Food was great. Ordering process was obnoxious. When you walk in they hand each person a ticket (even if you are ordering together). In order to exit, each person must present your ticket that is marked with prices from each station you order at. Even if you don't order, you must present your blank ticket or you have to pay $50 to exit. We had to order fries at one station, drinks at another and then the soup and sandwich at a third. Once you get your trays of food you have to stalk the tables until you find people getting up. The bussers are on the ball and clear and clean tables quickly. I wish I knew before I had already ordered, but there was a section in the back for table service which I would have opted for had I known. After waiting in line to pay, the person at the register by the door was cash only. I had to return to the back of the store and push through people again to pay. It was chaos. I'm sure it works for them and they make endless money. But from the customer aspect it was not great. The pastrami reuben and motzah ball soup was yummy. The fries were good and the pickles of course were my favorite.",4,"Apr 25, 2026",https://www.yelp.com/biz/katzs-delicatessen-new-york
yelp,I had went to Katz Deli all the time way before my yelp years and it was always a vibe stroking into a Time Machine with all the old time decor and styles of the deli. I happened to be in the area and couldn't fight the craving for a nice pastrami on rye with a nice bit of mustard and those amazing pickles. It's always a vibe and the great cutters providing a great service cutting that amazing pastrami right in front of you. I could've left with the sample and called it a day. But I took my order to go and had a feast when I got home.,5,"Apr 2, 2026",https://www.yelp.com/biz/katzs-delicatessen-new-york
yelp,"There's usually a huge line but luckily around 9:30pm on a Friday the line was not out the door! Large with many cutters ready and even though the line wasn't out the door it was still incredibly busy inside and took maybe 30 minutes to get our food still Pastrami on rye with cheese and Russian - actually very good! Meat was hit and juicy and tender, cheese was pully too! Sauce was good and matched well but it was very very heavy. I think it's hard to even finish half but definitely yummy 3.5/5 Dr brown black cherry soda - basically a little bit sweeter strong cherry coke maybe mixed with Dr Pepper flavor! Was good but not too unique 3.25/5 Not a fan of the corned beef. Too dry",4,"Mar 31, 2026",https://www.yelp.com/biz/katzs-delicatessen-new-york
yelp,"While on a business trip in NY, everyone has been telling me that Katz is a MUST! There is only one location and I was shocked to see how full this restaurant is! The place was busy, but very organized. It can get noisy due to the number of people dining in at the same time. Upon entering you'll be given a ticket which will be your tab. There are several ordering lines and all turn it around very quickly. The servers give you a generous sample of Pastrami of which Katz is known for. Ordered the Pastrami Sandwiches and Matzo Ball soup. Sandwich was huge, good for 2 servings! Pickles are a must! Hands down the BEST Pastrami I have ever had! As the people next to me would say that Katz is the Church of Pastrami! Definitely will come back again. Highly recommend if ever in NY! You can't find anything close to it!",5,"Mar 31, 2026",https://www.yelp.com/biz/katzs-delicatessen-new-york
yelp,"""Ask, and ye shall receive!"" We've all known that Katz's is one of those New York City landmark that is world famous. Especially that scene in 'When Harry Met Sally' with Meg Ryan and Billy Crystal. I'll have what she's having. My best friend was in New York recently and he was texting us photos. Subsequently, he sent us photos of the sandwiches from Katz's. I jokingly replied, ""Where's mine?"" He texted back,""Brisket or Pastrami?"" And further asked what kind of cheese I wanted. I replied  that I was joking and if he was serious. To my surprise (not really), he said that he was going to get one for me prior to returning home the following day. Sheeesh. Now, I haven't been to New York and this has definitely been on my bucket list for the longest since the 80's. The anticipation of finally getting my hands on their famous Pastrami Sammich was palpable. When he finally arrived and handed me the bag, I had plenty of emotions that I couldn't describe. As I gently unwrapped the wax paper, this thing was definitely hefty. Now, it may not have been in the best shape as it just traveled 5 hours across the country, but it still looked pretty decent. I had to give it a few minutes in the air fryer before finally tasting it and it was satisfying. No, I didn't get the same reaction as Meg Ryan did, but overall, it was a solid Pastrami Sammich. Now, I'm fully aware that it would be best to consume it freshly-made, but the sandwich held up. The meat was fatty, juicy and flavorful. But what surprised me the most were the sides of pickles that came along with it. I'm not a fan of pickles, mind you. But these pickles had a nice, crisp, sharp tang to it that complimented the sandwich splendidly. I can't fully say I can cross this off my bucket list now since I know I'll have a different experience eating it there. But I was appreciative of my friend by providing me with that experience of finally having the privilege of gettin' this in mah belly. On a side note: Langer's in LA is still my best rated Pastrami Sammich to date.",4,"Mar 10, 2026",https://www.yelp.com/biz/katzs-delicatessen-new-york
yelp,Pastrami here is a must- off the bone meat so soft and tender. Tends to be long but if you go off hours (ex. later in the night) no real line but line does move during the day. Little scattered ordering process but so so good and worth- defs a must try,5,"Apr 26, 2026",https://www.yelp.com/biz/katzs-delicatessen-new-york
yelp,This place is such a classic- good quality meat and lots of food. Can be a long wait but just have to time it right. Really good sandwiches. Definitely recommend. Nice homey vibes,5,"Apr 26, 2026",https://www.yelp.com/biz/katzs-delicatessen-new-york
yelp,"I knew enough about Katz's Delicatessen to know that their sandwiches are big and it would be a good idea to head out here with a dining companion. I was right. What I didn't know was that unless you wanted to head deep in and to the right for a seat in their table service area, that it was the hunger games in here. But first, we had to wait to get in.  This was the easy part.  At 2:12pm on a weekday, we waited in a line just over 10 minutes to enter their doors. Each person received a pink ticket.  Don't lose it.  They charge a minimum if you lose one, even if it was blank.  And they count your tickets as you leave, should you have paid in the back already. With ticket in hand, this is what you should do - each person in your party should tackle one of the following, by proximity order: soup head over to the first line which is right most; sandwich with pickles, head to a cutter line, drinks and sides, that's the line left of the numerous cutter stations, for dessert, ask one of the folks on either side of the cheesecake case, who will also take your money when you are done, and if you have a spare person, they can go table hunting. My cutter line was a little slow as he got tasked with take out order prep, but he was really nice! Note: cutters have tip jars. This was my first pastrami sandwich.  The meat was hot and tender!  I let them add microwaved melted cheese (for a charge) to it along with the mustard.  There's more mustard on the table!  As well as ketchup and napkins.  The pickles were two sort, and included in the price.  Dull green were true pickles.  The ones that looked more fresh tasted like they were just soaked in water, but I ate it in conjunction with the pickled pickle to lighten things up.  My DC wanted the matzo ball soup.  It ended up hitting the spot to bring comfort to the tummy in company to the sandwich. To finish, I grabbed a slice of cheesecake when the line had died down.  No graham cracker crust here!  Just your average tasty creamy cheesecake. After tax, we two got out the door for $53.19 and our two pink tickets stapled on. (And ripped off at the door.)",4,"Mar 25, 2026",https://www.yelp.com/biz/katzs-delicatessen-new-york
yelp,"Wow. I- I didnt know pastrami could be like this. Like the dude was cutting it and I was like do they have a really good knife or am I seeing pastrami sashimi'in right in front of my eyes?? TOURIST LUCK in coming here and there was no line!! No crowd!! Yipee! First off, amazing system. I wish we had it for tacos here. Its a bit confusing if you've never been but u go in and get a ticket, line up anywhere to get your deli sandwich, they write on it what you get, and then you eat and enjoy it and pay the ticket out the door. So efficient. Inside is spacious, full of history/culture, and lots of seating. Kind of like a school lunch room and a grandpa's living room had a baby. The pastrami I was in shock when the man started cutting it, literally sliced down like butter. They give a piece to sample and are very efficient with the sandwich. I ate it and instant mind blown. Like I couldn't believe how tender it was, that pastrami could be so thick yet melt so easily. It wasnt too salty and full of flavor. But best of all, omg the pickles and cucumbers was just that craving that I can never hit in California. Not sweet, soo crunchy, perfectly sour. Taking the pieces of meat that fell out of the pile of the sandwich and wrapping it around the cucumber- absolute perfection. The sandwiches are pricy but we shared it nicely amongst 3 people and it could be stuffed amongst 2. If I were to go again, I'd ask for extra pickles.",5,"Mar 4, 2026",https://www.yelp.com/biz/katzs-delicatessen-new-york
yelp,"A trip to the city is never complete without Katz's.. It'll give you the meat sweats but it's worth it! Be patient, tip your cutter, and enjoy!",5,"Apr 24, 2026",https://www.yelp.com/biz/katzs-delicatessen-new-york
yelp,What a line to get in! We opted for table service over self service. It's bustling in there for sure. I had a half Ruben and a half side salad. I removed the bread and opted to eat it with a knife and fork because it's so large. I needed a steak knife to cut the meat but only had a butter knife. Wouldn't go again.,3,"Apr 19, 2026",https://www.yelp.com/biz/katzs-delicatessen-new-york
yelp,"What an amazing experience. The sandwiches are expensive - but are enough to feed two people. My daughter and I got a pastrami with sauerkraut and cheese, and a side of macaroni salad, with a water and a black cherry soda.  Our total was $48 before tax, and we were very full. This was our first time and ordering is a little confusing, but there direct you to one of the cutters to get started.  I was asking questions and my cutter may have been trying to be funny and witty, but since it was my first time I genuinely did not know if he was joking or not. I would have preferred a non sarcastic answer as I was new. The food was nothing short of AMAZING. The best, most creamy Mac salad I've ever had, and this was also my very first pastrami sandwich of my life.  I recommend getting the Russian sauce on the side and then you can mix between the Russian and the mustard that is sitting on the table. I equally liked them both .  I don't think I got the full experience of trying different meats because the cutter was not helping me. Don't skip this - worth the time and money, but I hope you get a more helpful cutter. (And yes, I tipped him s as suggested).",5,"Mar 12, 2026",https://www.yelp.com/biz/katzs-delicatessen-new-york
yelp,"We're so glad that you and your daughter enjoyed your first visit! And though part of our charm for many of our customers is our ""old-school New York"" attitude, it's never meant to be rude - just schtick. We’d love to have you come in and experience the food without the attitude, and hope you’ll be back for another pastrami and macaroni salad fix!",5,"Mar 12, 2026",https://www.yelp.com/biz/katzs-delicatessen-new-york
yelp,"Wow. Amazing, was so excited to try and it did not disappoint! The pastrami is the best I have ever had. Super efficient counter service with many lanes to get food made in front of you, and a very awesome vintage vibe. Only knock was they only had Pepsi products",5,"Mar 10, 2026",https://www.yelp.com/biz/katzs-delicatessen-new-york
yelp,"Very tourist spot but definitely worth trying in my opinion. Super busting they give you a ticket upon entry and you checkout using the ticket as you leave. Losing the ticket is a $50 fee lol. Pastrami is cooked incredibly well, falls apart as you bite it. Definitely an expensive sandwich but big enough to share among a couple people. Plenty of seating even though it's so crowded. I think I will be back in the future!",5,"Mar 9, 2026",https://www.yelp.com/biz/katzs-delicatessen-new-york
yelp,"We're so glad you enjoyed your first visit - we love making new fans! And though we often serve a packed house, if you ever want to try dodging the crowd, drop by at an off-peak hour: breakfast, between lunch and dinner, or late nights on the weekend. Hope to see you back again soon for round two!",5,"Mar 9, 2026",https://www.yelp.com/biz/katzs-delicatessen-new-york
yelp,Had the pleasure of having dinner at Katz with a Katz family member. Had the standard pastrami on rye. It was not overloaded because I forgot to bring cash to tip the meat cutter. The pastrami was delish with the signature Katz flavor and hand cut. My friend ordered two hot dogs and a knish. All were great including the house pickles. Is Katz that much better than all the other delis in NYC probably not but its something you must do atleast once when visiting. Its a right of passage. PS. Its always better to bring cash.,4,"Apr 14, 2026",https://www.yelp.com/biz/katzs-delicatessen-new-york
yelp,"100% best pastrami sandwich. Our 1st time in NY & we researched the best spot to try one of these sandwiches & this place was mentioned the most. TIP: the line literally wrapped around the building so we saw somebody suggest to go on Uber Eats and order through there for a pick up, which is what we did so we did not have to wait in line for half an hour or longer. There was a park nearby that we sat down at to eat it.",5,"Feb 23, 2026",https://www.yelp.com/biz/katzs-delicatessen-new-york
yelp,"So very disappointed!  The great days of Katz's Deli is definitely behind us.  The food has NO flavor and I didn't enjoy paying $30 for a corned beef sandwich that was fatty and tasteless.  The pictures speak volumes - stale french fries, limp pickles and baked beans that were inedible.  It just feels like they're resting on their history which is So sad!  My honest advice, skip the long lines and avoid this place.",1,"Apr 18, 2026",https://www.yelp.com/biz/katzs-delicatessen-new-york
yelp,"Lunch time, Yes, Yes, Yes! IYKYK. One of our friends was dying to go here as a first timer; never disappoints, it's busy as usual; I went with a half pastrami sandwich and chicken soup. Agree it was tasty, one of the the deli guys gives you a sample cut of the pastrami to enjoy while you wait for your order. Good experience. Pricey, touristy vibe, fabled setting - walls are covered with celebrities photos taken with owner and workers. Keep in mind, cash only, there is an ATM machine in the back. I would be a repeat customer. Stick with Pastrami order,  food moves, not sits.",4,"Mar 1, 2026",https://www.yelp.com/biz/katzs-delicatessen-new-york
yelp,"We're so glad to hear your friend enjoyed their first visit - there’s nothing we love more than making new fans! And though cash is the easiest way to check out, we do also accept credit cards at the back of the store near the water station. Hope to see you all back again soon for another soup and sandwich fix!",4,"Mar 1, 2026",https://www.yelp.com/biz/katzs-delicatessen-new-york
yelp,Waited around 30 minutes on Thursday evening. Pastrami sandwich was very yummy. Meat was tender and flavorful and went well with the Swiss cheese and onions. Unfortunately the bread completely fell apart so I needed to eat it with a fork. The half pickled light green pickle was absolutely disgusting I couldn't even eat it. The other pickle was good. Great old school atmosphere.,4,"Apr 10, 2026",https://www.yelp.com/biz/katzs-delicatessen-new-york
yelp,"We’re glad to hear you enjoyed your pastrami, but are sorry you were disappointed by part of your visit! Those pickles were most likely half-sours - also known as “new pickles” - which are brined for less time and therefore taste more like snappy, fresh cucumbers. That being said, we never want any customer to feel dismissed or less than thrilled by the quality of their meal - we thank you for your honest feedback and hope you’ll drop by again sometime!",4,"Apr 10, 2026",https://www.yelp.com/biz/katzs-delicatessen-new-york
yelp,"A New York classic and must stop dining option when in NYC! While the line may be long, don't let it deter you from going. The line is pretty quick and we were inside in about 30ish minutes we do opt to wait a little longer and went to the back for table service, but I was told the way to do it is order from the deli counter. Katz was able to accommodate a large party of 7 for all of us to dine together. While the table seating area is significantly smaller than the deli area, still a great option to sit, relax and grab a bite. I ordered the half pastrami sandwich and matzo ball soup. This was WAY more than I anticipated ordering for food. The half sandwich was stacked high with pastrami, and it was the best pastrami I've ever had. The matzo ball soup was piping hot and everything I needed for the cold winter day of touring. We also had a couple plates of the half and full soup pickles. Totally worth trying both. I liked the crispness of a half sour pickle but the full sour had its own kick to itself. Katz's website does have a shipping option so I might have to figure out how long shipping is to have some pastrami sent here to the west coast. I cannot wait to come back for more in the future!",5,"Feb 25, 2026",https://www.yelp.com/biz/katzs-delicatessen-new-york
yelp,"We're so glad you enjoyed your first visit! Though we do often serve a full house, if you ever want to try dodging the wait, drop by at an off-peak hour: breakfast, between lunch and dinner, or late nights on the weekend. And if you're ever craving a West Coast pastrami fix, we offer free two day shipping nationwide on all orders over $100! Hope to see you back again next time you're in town.",5,"Feb 25, 2026",https://www.yelp.com/biz/katzs-delicatessen-new-york
yelp,"Ok, I didn't have high expectations for this place because of how popular and touristy it is but damn their pastrami was good. Definitely the best pastrami I have ever had, and I love pastrami and get it often whenever I see it on the menu. Also tried the  potato knish, which was not bad either. The pickles were great too. The chocolate egg cream was alright, I enjoyed jt, just nothing too special I guess, tasted kind of like a little fuzzy cold cocoa drink. The pastrami sandwich was pretty big so I'd suggest splitting if you are not too hungry, the two of us only got one sandwich and one knish to share and it was enough food. Needless to say, definitely recommend. And get the pastrami on rye.",5,"Feb 25, 2026",https://www.yelp.com/biz/katzs-delicatessen-new-york
yelp,"Got the half sandwich with soup!! Split pea soup was nice, chicken noodle soup was typical. Wish both were hotter in temperature though. Pastrami sandwich was so delicious!! Tender, flavorful and fatty! Fries are huge and filling. Gets super packed all the time. Plenty of seats but may be hard to find. Table service is offered! Service is kind and quick.",4,"Feb 21, 2026",https://www.yelp.com/biz/katzs-delicatessen-new-york
yelp,"We're so glad you enjoyed your first visit! And though we do often serve a full house, if you ever want to try dodging the crowd, drop by at an off-peak hour: breakfast, between lunch and dinner, or late nights on the weekend tend to be less crowded. Hope to see you back again soon for another soup and sandwich fix!",4,"Feb 21, 2026",https://www.yelp.com/biz/katzs-delicatessen-new-york
yelp,"A classic and chaotic NYC establishment! Perhaps not the best pastrami I've had in my life, but a darned good one piled high and served with mustard on soft bread! The fries came recommended by the butcher but I would skip in favor of a different side! Despite a busy evening, the staff was friendly and helpful, but finding seating may be difficult! There are several lines so be sure to move in in order to keep things efficient.",5,"Feb 18, 2026",https://www.yelp.com/biz/katzs-delicatessen-new-york
yelp,"I love beef tongue but it is very hard to find sliced beef tongue in a deli. After discovering that Katz makes beef tongue sandwich, I went back. I arrived around 8 AM and it was still empty. I went to the cutter without waiting in line. It took a very delicious. It tasted s tender and not too salty. I really savor it. It's a huge sandwich for one sitting.",5,"Feb 17, 2026",https://www.yelp.com/biz/katzs-delicatessen-new-york
yelp,"We're so glad to hear you enjoyed your visit! And yes - though we often serve a full house, the best times to try dodging the crowds are definitely during off-peak hours: breakfast, between lunch and dinner, or late nights on the weekends. Hope to see you back again soon!",5,"Feb 17, 2026",https://www.yelp.com/biz/katzs-delicatessen-new-york
yelp,"I highly recommend coming here early to avoid the crowds. I got here around 7:30 AM and there were short lines at three cutter lines. Upon arriving, the guard gives you a ticket that you need to give to the cutter for your order. Do not loose it because you need it to pay and to go out. You need to give the ticket back to the guard. Prepare some cash for tipping the cutter. He will give you several pieces of the meat to taste. . You can leave the tips by Venmo by scanning the code on the tipping cup. I had the pastrami sandwich. The cutter gladly packed half of the sandwich to go because I asked for a bag . He put some pickles, mustard, wood spoon for spreading, and some napkins. The meat is soo juicy and tender. Amazing. It's expensive but you can make two sandwiches with the meat that they put. Plenty of seatings including the seats from Harry Met Sally. All around the walls you can see pictures of celebrities. Definitely an iconic establishment to visit in NYC",5,"Feb 17, 2026",https://www.yelp.com/biz/katzs-delicatessen-new-york
yelp,"It's delicious but overpriced! Enjoyed everything though - pastrami, fries, pickles -- only thing that wasn't good was hot dog. Very historic spot and ok staff - some were amazing others are very old school utilitarian.  Would recommend Langers in LA for similar price and much better!",3,"Feb 16, 2026",https://www.yelp.com/biz/katzs-delicatessen-new-york
yelp,"This was definitely an experience, and now that I've checked it off I'm not sure I need to again. Loved the deli experience and although always busy they are a well oiled ship! We shared a pastrami sandwich and it was definitely the best move due to price and size of the sandwich. Their rye bread was soft and complemented the meat well. The meat was tender and we enjoyed the mustard. If you love huge meat heavy sandwiches you'll love this spot, it just wasn't my cup of tea. I enjoyed the experience much more than the food, but the food was solid just nothing I'd go out of my way for again.",3,"Apr 10, 2026",https://www.yelp.com/biz/katzs-delicatessen-new-york
yelp,"This place is an iconic deli that can clearly get busy. I arrived on a Saturday morning, right when they opened. There was no line, but I got a sense this place is made for lines. I ordered a pastrami sandwich, extra pickles, matzo ball soup, and a root beer. The system with ordering/tickets/where to get certain items is somewhat confusing. Keep your ticket! The sandwich was good, but I wish it had more mustard. The matzo ball soup was delicious. and the pickles were fresh. Everyone had the super charming New York service (just kidding). I just wish the purchase system wasn't super confusing.",4,"Mar 31, 2026",https://www.yelp.com/biz/katzs-delicatessen-new-york
yelp,"We're so glad you enjoyed your visit! And yes, though we often serve a full house, the best times to try dodging the crowds are during off-peak hours: breakfast, between lunch and dinner, or late nights on the weekends. Now that you know the ropes, hope to see you back again for round two!",4,"Mar 31, 2026",https://www.yelp.com/biz/katzs-delicatessen-new-york
yelp,"The Pastrami on Rye lived up to every bit of the hype. It was easily one of the best sandwiches I've ever had--perfectly seasoned and packed with flavor. A few tips for your visit: - The Wait: The line is long around lunch! Bring a podcast or a friend to keep you company. - The Stations: When you get your ticket, head toward the cutting stations in the back. Most people crowd the ones near the front door, so you'll usually find a shorter line further in. - The Tip: Definitely tip your cutter! They'll often give you a slice or two to taste while they prep your sandwich. - The Seating: It's a bit hectic and first-come, first-serve 'family style.' Just grab a spot where you can find one. Overall, the atmosphere is busy and chaotic in the best way possible. Grab a pastrami on rye with mustard, some pickles, and enjoy!",4,"Jan 17, 2026",https://www.yelp.com/biz/katzs-delicatessen-new-york
yelp,"Visited New York this past weekend, and it was everything I imagined! Katz's Delicatessen was high on my list of places to try, and it did not disappoint. We took the subway there, which was an adventure in itself. When we arrived, there was a short line, but it moved quickly. While waiting, you can watch through the windows as sandwiches are made and the meats are cooked and sliced--it's truly a sight to see. Once inside, you're given a ticket and told not to lose it (seriously--don't lose it!). There are multiple lines for sandwiches, and it took us about 20 minutes to reach the front. At the counter, they give you samples of corned beef and pastrami. The pastrami completely sold me, so I ordered the Reuben--and it was incredible. Hot, flavorful, and perfectly balanced with that crunchy sauerkraut. There's a separate counter for fries and drinks, and seating is cafeteria-style. We ended up sharing a table with strangers, which felt totally normal in that environment. When you're done eating, you pay at another counter--and you must have your ticket. I saw someone lose theirs, and they were told they'd have to pay $50 to replace it. They wouldn't even give him his sandwich--definitely a tough lesson learned! The food was so good that on my way home, I ordered pastrami from their website. It arrived in three days and tasted just as amazing. Katz's is absolutely worth the hype (and the price). If you're in NYC, it's a must-visit!",5,"Apr 24, 2026",https://www.yelp.com/biz/katzs-delicatessen-new-york
yelp,"I like this place. Everything about it feels very ""New York""...from standing in line outside in the freezing cold on a January afternoon, to the employees helping you/yelling at you at the same time; what a quintessential & iconic NY experience! Obviously I came for the famous pastrami sandwich. For $29, it comes with nothing but the meat + bread ($28.95 to be exact) but you can add to it (for extra $) if you want (I added cheese). If you eat inside, a plate of sour & half sour Katz homemade pickles is served as a ""mini-appetizer"" and a bottle of Katz mustard is on every table. The pile of pastrami on this sandwich is not only HUGE, but it *IS* as delicious as the hype claims it to be! Putting the Katz mustard on it only made it better!! I think it's worth waiting in line for (it moves quicker than expected) if you're looking for a very authentic NY-style Jewish deli experience :)",5,"Feb 5, 2026",https://www.yelp.com/biz/katzs-delicatessen-new-york
yelp,"Lineup and get a ticket.  The place is packed, huge, and happy people eating pastrami sandwiches throughout the building.  We got the cheesecake and sandwich and grabbed a seat.  Checked my Harry Met Sally orgasm scene photo and even bought an apron.  Happy Yelping!",4,"Mar 23, 2026",https://www.yelp.com/biz/katzs-delicatessen-new-york
yelp,"Long line, don't worry! It's so fast! Welcome to the entry door. Where a nice 6'5 man will hand you a ticket that he urges you not to lose, or drop, to hold while in line and then use to pay. We did just that! Held on for dear life and got assigned to a line (move over and move forward). After that start enjoying just look around, take it in. Stand quietly and just watch the room move around you from the hustle and bustle of the meat guys waking back and forth, cutting pastrami, laughing with the customer in front of them and eachother. You'll catch yourself smiling among the 100 people standing inches from you! Get to the front counter and those meat men (butchers), not sure what to call them but, they are the kindest silliest people! Walk up with a smile, feed that tip jar and they will give you a nice piece of pastrami to try in line as you wait for your food! They prep everything right in front of you. Once presented with your food walk over and find a seat, DO NOT SEPARATE FROM YOUR FRIEND AND GO FIND A SEAT. Just grab your food, grab your side, grab your drink and then, go find a seat. There will be a space, just breathe. Tables are wiped down and reset seconds after someone stands up. If you don't like people bumping you, don't go here. If you love NYC , pastrami, pickles, and nostalgia, GO HERE . Pickles 1000/10 Pastrami 10/10 French fries 10/10",5,"Feb 1, 2026",https://www.yelp.com/biz/katzs-delicatessen-new-york
yelp,"My family was in town and consequently I had been wanting to go back to Katz's for awhile... perfect timing! I strolled over around 11:15am, Thursday in January and almost walked right by it because there was nobody on line, which is what I was expecting to see to mark my arrival. We decided on table service (order by waiter instead of counter. You still get a ticket, don't lose it!). Within about 30 minutes the restaurant was  full. There is something so special about the thick carved juicy pastrami, with just the best amount of fatty bits of meat, on rye bread with mustard... enjoying the buzz of the restaurant and examining the fabulous photos of celebrities on the wall. I couldn't believe that we were sitting next to a photo with Rob Reiner! $28.95 plus tax for pastrami sandwich. Fries or knishes or any other sides extra, go for it!",5,"Jan 17, 2026",https://www.yelp.com/biz/katzs-delicatessen-new-york
yelp,"Hard to believe that I've lived in NYC for over 20 years and I finally ate my first pastrami sandwich from Katz!  No real excuse for this late experience, especially since I head down to the Lower East Side/ East Village frequently... maybe it's the long lines or the other amazing food options available downtown that delayed my purchase? While I don't eat pastrami or corned beef often, I have Second Avenue Deli and Sarge's as closer options to me when I have a craving. With a little extra pandemic time on my hands, I strolled down to East Houston with Katz's being my planned destination... midweek, around 3:45pm, of course there was still a line, but not that bad. I had the nicest guy carve my sandwich... he had just started his shift about an hour earlier so his carving arm was fresh and not over worked yet... we joked about the first timers who wait on line for a hamburger or cheese sandwich... or ask for ketchup on their corned beef.  But I guess that's not completely fair, because you also go to Katz's for the tradition and old world charm. Lean pastrami on rye, mustard on the side and sour pickles. I had each half wrapped separately and grabbed a table to eat half there. $27.16 including tax. Juicy aka standard pastrami which has more fat is $2 less.",5,"Jan 17, 2026",https://www.yelp.com/biz/katzs-delicatessen-new-york
yelp,"WHEN HARRY MET SALLY - Katz's took off!  Although it's been around since 1888. Over many years going back to childhood I can remember my dad bringing us here.  We would always order the iconic Pastrami on Rye with mustard. Nothing else for me. The sandwich has enough meat packed into it, that it can last me 3-4 meals. Maybe two meals for you guys. My dad liked their Matzo Ball soup and hot dogs too. Lately there are lines going outside the block, so be patient. The pastrami sammie now costs $31.00. Yes, it is pricey. I remember when it was an even $20.  No worries, we only visit once in a blue moon.  Tourist attraction as we New Yorkers know, Katz's is Iconic. Wishing you all a Healthy Happy Peaceful New Year 2026! Thank you Rob Reiner - Rest in Heavenly Peace",5,"Dec 29, 2025",https://www.yelp.com/biz/katzs-delicatessen-new-york
yelp,"Lunch with the team at the legendary Katz's Delicatessen... and suddenly we weren't coworkers anymore -- we were gladiators fighting for pastrami. Since 1888, this place has been slicing meat by hand, and you can hear it the second you walk in -- knives thwacking, neon glowing, people yelling orders like it's Wall Street but with mustard. Chaos? Yes. Beautiful? Also yes. Pro move: tip the cutter a couple bucks... and suddenly you're getting bonus pastrami like you just unlocked a secret level. The team went all in: * Hand-carved Pastrami on Rye (mandatory NYC citizenship test) * Brisket + American Cheese on Italian bread (built like a linebacker) * Turkey Lettuce Tomato w/ mayo (for the guy pretending to be healthy) * Half-sour & Full-sour pickles (garlic bombs of happiness ) And yes... we found the famous table from When Harry Met Sally -- but nobody recreated the scene... because our mouths were too full. Also survived the legendary ticket system. Didn't lose it. Felt like I completed a New York survival course. Katz's isn't just lunch... It's a rite of passage. It's history. It's meat stacked higher than your Monday stress. Real New Yorkers don't count calories... We count layers of pastrami.",5,"Apr 2, 2026",https://www.yelp.com/biz/katzs-delicatessen-new-york
yelp,We're so glad that you and your coworkers enjoyed your visit - sounds like you held your own in the pastrami arena! Hope to see you back again soon for round two.,5,"Apr 2, 2026",https://www.yelp.com/biz/katzs-delicatessen-new-york
yelp,"C'mon it's Katz! Worth the hype, worth the wait! I get pastrami on rye with Swiss cheese and dressing on the side. Also the fries and potato knishes are Service is excellent and organized. Plan for the experience to be a bit chaotic, but that's what makes it fun!",5,"Jan 7, 2026",https://www.yelp.com/biz/katzs-delicatessen-new-york
yelp,"Katz's is the famous ""Harry Met Sally"" place but it is even more justifiably famous for its awesome sandwiches. We came here for the classic Pastrami on rye. It is awesome and big and easily enough for two normal eaters. Of course, if you're a football player or teenage boy you may want a whole one to yourself. We got two of these bad boys for the four of us as well as some Cole slaw and a bunch of pickles. Set us back over $70, including tax, etc. Cash preferred (they can do CC but it's more of a PIA and I think it costs more). All said, great food - I like it better than my former fave (Schwartz's) - pics say it all.",5,"Jan 24, 2026",https://www.yelp.com/biz/katzs-delicatessen-new-york
yelp,"""I came here wanting to see if the hype was real, and honestly? Believe the hype. I'm probably biased because When Harry Met Sally... is my favorite movie, but even setting the movie magic aside, this place is legendary for a reason. The sandwiches are truly to die for. The pastrami is tender, piled mile-high, and absolutely worth every penny. It's everything you want in a classic New York deli experience. Go for the food, stay for the history and the atmosphere, you won't be disappointed!",5,"Dec 29, 2025",https://www.yelp.com/biz/katzs-delicatessen-new-york
yelp,We're so glad to hear you enjoyed your first visit - hope to see you back again soon for round two!,5,"Dec 29, 2025",https://www.yelp.com/biz/katzs-delicatessen-new-york
yelp,"So good! Upon entering, it can be a bit disorienting where to go. The deli place reminds me of that scene in New Girl where the MC is trying to order a sandwich and its all chaos. There are two lines: one for sandwiches and one for sides and drinks. My partner and I decided to divide and conquer. We got their popular pastrami sandwich, and it was melt-in-your-mouth delicious! The sandwiches are huge, so do share. Was so crestfallen to see the two persons sitting near us leave their unfinished sandwiches behind. What a waste! The sandwiches come with some cucumbers/pickles, which was the perfect palate refresher after all that fatty goodness. In addition to the sandwiches, we also ordered some potato latkes and the matzo ball soup. Complete satisfaction. Definitely a taste of local flavor and a must stop if you're in New York.",5,"Dec 28, 2025",https://www.yelp.com/biz/katzs-delicatessen-new-york
yelp,"Glad to hear you had a great visit! And though we definitely enjoy a little chaos, if you want to try dodging the crowds for your next pastrami fix, drop by at an off-peak hour: breakfast, between lunch and dinner, or late nights on the weekend. Hope to see you back again soon!",5,"Dec 28, 2025",https://www.yelp.com/biz/katzs-delicatessen-new-york
yelp,A tourist destination that lives up to the hype! Yes it is expensive but you pay for the experience and history. Plus the pastrami sandwich is actually really really good! Actually avoided the line by going in right when they opened. Nothing wrong with pastrami for breakfast! The meat was so tender and not overly salty. Definitely worth it for a one and done experience.,4,"Mar 29, 2026",https://www.yelp.com/biz/katzs-delicatessen-new-york
yelp,"We're so glad you enjoyed your visit - we love making new fans! And yes, though we often serve a full house, the best times to drop by are definitely during off-peak hours: breakfast, between lunch and dinner, or late nights on the weekend. Hope to see you back again soon!",4,"Mar 29, 2026",https://www.yelp.com/biz/katzs-delicatessen-new-york
yelp,"Come hungry.....really hungry. Katz's doesn't do subtle, and neither should you. Ordering at the counter is part of the deal, grab your ticket, don't lose it and step up with confidence. This is New York, after all.  Don't forget to tip your carver! Katz is one of those places you can't get out of my head. Hubby and I did it the only right way: split the corned beef and pastrami Reuben of course with melty cheese, sauerkraut and Russian dressing along with half-sour and half-full pickles and a plate of latkes that were crispy, hot, and straight-up perfect. This is bold, no-nonsense, legendary deli food that doesn't apologize for itself. Big flavors, massive portions and zero pretension. It was the perfect pre-show dinner which made our bellies full and hearts happy.",5,"Jan 8, 2026",https://www.yelp.com/biz/katzs-delicatessen-new-york
yelp,"The best pastrami I've ever had! If I can give this place 10 stars I would! Yes, it is that superb!  The price matches the amount of meat they put in. So thick, juicy, flavorful and tender! We got lucky as we arrived there around 12:20ish and there were about 5 people ahead of us from the outside. Once inside, they give you tickets to take with you in order to place your order at the counters. There are 8 cutter counters that you can order from so be sure to explore shorter counter lines. They will give you samples for the meat if you want to try. Staff are very friendly! They will ask you if you want some fat on your meat, if not they can take it off. The sandwich comes with your choice of sour or non sour pickles. This is the thickest most delicious pastrami sandwich I've ever had. The sandwich is big enough for 2 people. I would be back for sure!",5,"May 1, 2026",https://www.yelp.com/biz/katzs-delicatessen-new-york
yelp,"The famous and storied Katz's Deli is exactly the kind of place they advertise. Straight out of the movies, the restaurant is always buzzing with customers, meat cutters and the gentle dance of bus boys cleaning tables the second people get up to make room for more. It really is a surreal experience when you're inside, no directions but you are expected to go up to one of the cutters to get your food and if you want drinks and sides there are other stations for it. Each step the server scribbles a new price on the ticket they give you when entering so that you can pay your bill on the way out. Finding a table, especially for a large group is true adventure. But don't worry you'll find one. As for the food itself, it's large, it's tasty, and it's extremely overpriced. Here you're paying a premium to sit amongst all the photos of the celebrities while you chow down on a sandwich that's really just a bunch of meat on a plate. Come hungry but don't expect to leave completely satisfied because within the glamour there is a small feeling that the magic was mostly for the show and not for the genuine nyc it used to be.",4,"Jan 16, 2026",https://www.yelp.com/biz/katzs-delicatessen-new-york
yelp,"Katz Deli deserves an updated review. I'm giving them Four Stars for delicious homemade style soups, knish, bread, bagels and turkey. Thanks to my Jewish Spiritual Sister and Best Friend for well over 45 years, Shirley. She sent the wellness package for my cancer recovery and birthday in February. My daughter is finally going to help me eat a bagel and some turkey today for lunch. I've been enjoying everything all along as you can see by my photos. The soups are not overly seasoned or salty. They're tasty but very plain. It's great enjoying warm soup in winter. I'm not fond of meat but the turkey is my favorite. I found the carrots under cooked for my liking. If you enjoy going in to the restaurant good for you. Unless it's changed, I hated the set up. I'll just have mine delivered and eat in the comfort of my home. BUT for now, with more bagels in the freezer to eat, I've had enough of Katz eats to last me a YEAR! I'm hankering southern soul cooking!",4,"Mar 1, 2026",https://www.yelp.com/biz/katzs-delicatessen-new-york
yelp,"I don't really see what all the hype is about Katz Deli. We got there early. We didn't wait long to be seated. I just didn't realize it is communal style seating! Our table was against the wall. The table next to us was practically connected to ours. No space in between. They had four guests we were two. It was a mess when we finished our small meal first and needed to get out. It was hard to get the waiters attention. They had to stop eating, get up and move all the chairs to let us pass! I guess since they give you huge portions people think its a great deal. We were hard pressed to find a small version of something. We didn't want to spend so much for food we didn't want to carry home with us. I think we ended up with hot dogs! I was disappointed. I've found Ben's Kosher Deli and Barney Greengrass the Sturgeon King more to my liking. I'll go there instead. If you need to go to say you've been, have fun! That's about all I wanted to do. I think it's noted for being in When Harry Met Sally or some other movie.",4,"Mar 1, 2026",https://www.yelp.com/biz/katzs-delicatessen-new-york
yelp,"Katz is obviously a touristy restaurant, but it lives up to the hype! The line is long but moves relatively fast. Their sandwiches are massive, so either come hungry or with a partner. I've had both their corned beef and pastrami sandwiches before and they were excellent. I ordered the brisket sandwich today and was a little underwhelmed. But I also got the matzo ball soup which was super yummy!! Bring cash if you're in a hurry because the cash line towards the door is usually much short than the card line towards the back of the restaurant. Definitely a good sandwich stop if you have the appetite and extra time!",4,"Jan 13, 2026",https://www.yelp.com/biz/katzs-delicatessen-new-york
yelp,"We're so glad you enjoyed your visit! And though we often serve a full house, if you ever want to try dodging the crowd, drop by at an off-peak hour: breakfast, between lunch and dinner, or late nights on the weekend. Hope to see you back again soon!",4,"Jan 13, 2026",https://www.yelp.com/biz/katzs-delicatessen-new-york
yelp,"WHEN: Wed @7pm Really glad there was no line out there door, but there IS a line at the deli counter inside. They really have a system here: - Every person receives a ticket whether you order or not.  DO NOT LOSE THIS TICKET.  You'll have to surrender it upon exiting. - There are 2 different kinds of counter to order from:  Food (several) and Beverages (one) - If you tip the food counter they will give you a sample to snack on while they make you your sandwich/order. -  After ordering from the food counter, go to the beverage counter if you also want a drink. - Find a place to sit.  It gets so busy you may need to share a table. - Once you are done, you go to another counter to PAY. - Upon exiting, each person is to surrender thier tickets whether they ordered or not, and the receipt (s). I think this is how they make such a high traffic popular place efficient.  Between my partner and I, we ordered: PASTRAMI SANDWICH ON RYE - $28.95 This sandwich came with 2 kinds of pickles and its so fun!  The sandwich itself is so hefty we shared half.  It was rich, flavorful and amazing for something that appears so simple.  It's meat, bread and mustard!  I see the hype there. Yummy! CELERY SODA - $3.95 I don't drink soda.  But I was so curious since I had never come across soda was celery flavored, and it was surprisingly tasty!  It's so subtle, kind of like ordering a cream soda.  It's sweet, it's fizzy, ya can't go wrong! What a lively place this was.  You can easily meet new people here when sharing tables, and they are more than likely to be in a good mood since they are about to have such a yummy sandwich!",5,"Dec 16, 2025",https://www.yelp.com/biz/katzs-delicatessen-new-york
yelp,"Line goes quick to enter the restaurant. System they have is good. Got here around almost 12pm, waiting in line for about five minutes to go in and order. You get a ticket and choose a cutter line to order your sandwich. Ordered the Reuben which is a corned beef pastrami type. It has thousand island dressing on rye and sauerkraut in melted cheese. Look for a seat, ordered the drinks and fries at the other counter. It's crowded but everyone inside is nice knows you just need to be patient. First bite and this is the best. I am not a pastrami type of person but with reviews and everyone saying this place is the best, their logo speaks to itself. It's a big restaurant to accommodate all the customers that come in to try this place. It's a must try and I totally recommend to try if you're NYC.",5,"Jan 10, 2026",https://www.yelp.com/biz/katzs-delicatessen-new-york
yelp,"We're so glad you enjoyed your first visit! And though we do try to keep things moving quickly, if you ever want to try dodging the crowd, drop by at an off-peak hour: breakfast, between lunch and dinner, or late nights on the weekend. Hope to see you back again soon!",5,"Jan 10, 2026",https://www.yelp.com/biz/katzs-delicatessen-new-york
yelp,"First things first: get ready to wait. When we arrived, the line was out the door, down the street, and around the corner. You'll want to make friends with the people around you because you're going to be there a while. Once you finally reach the door, there's a guy controlling the flow, letting in about 30 people at a time. Inside? Absolute chaos--in the best way. You have options: * Stand in line at one of the many counter stations (the counter is long, but there are multiple lines so it moves faster). * Or go to the back and wait again for table service. We chose table service because we were with an elderly uncle who preferred it. From the moment we got in line outside to sitting at a table, it was about 75 minutes. Whew. That's a lot of waiting before even talking about the food. But wow--the food. We all ordered the same thing: the classic pastrami sandwich on rye. We knew it would be massive, so we skipped sides. The matzo ball soup looked incredible, especially since it was freezing outside--next time for sure. We also tried Dr. Brown's cream soda, and they bring a plate of pickles to the table, which pair perfectly with the pastrami. And yes... it really is that good. The pastrami absolutely melts in your mouth. There's a reason this place has lines, and it's not just hype. When you're done, you pay (cash or card) and have to show proof of payment before leaving--which makes total sense given the controlled chaos inside. If you order from the counter, you'll find your own seat. The restaurant is full of large communal tables, so expect to sit with strangers. Honestly, it's part of the experience--get to know your neighbors. Bottom line: it's crowded, loud, and a bit overwhelming, but also iconic, delicious, and genuinely fun. Katz's lives up to the reputation.",5,"Jan 10, 2026",https://www.yelp.com/biz/katzs-delicatessen-new-york
yelp,"Katz's is the most famous restaurant in America. It's been in business for 137 years. Let that sink in for a moment. They've barely changed a thing here. The antiquated ordering system frustrates some people, I find it charming. It's really not that complicated. Find a cutter, stand in line, and order to your heart's content. They give you a sample of pastrami, you watch your creation all carved to order. Pro tip, have a cash tip at the ready for your cutter. I've been eating Katz's for years, as my family always made it a point to visit when we were in New York. And to me, it hasn't lost the excitement. Sure, it's busy. Sometimes there's a line. But there's no pastrami in America that tastes better than Katz's. NONE. If you don't agree, you're simply a curmudgeon. Each sandwich comes with a plethora of pickles. They will cleanse your palette from the rich, fatty, and salty meat. It comes with mustard, but I prefer to douse mine with extra mustard. And a Dr. Brown's cream soda is the icing on the cake. Katz's pastrami sandwich is piled high like no other. If you eat the whole thing you won't be eating for an entire month. You can easily split it with someone, and all of a sudden it's an affordable meal. Legendary. Iconic. An institution. Start spreading the news...Katz's IS New York City. It's ""known as the best"" for very very good reason. I'm a Katz's lifer. I dream about the pastrami. And I'm counting down the seconds until my next visit!",5,"Dec 12, 2025",https://www.yelp.com/biz/katzs-delicatessen-new-york
yelp,"We came on a Friday before 12 pm and the line moved quick.  By the time we left, the line was tot the end of the block to CVS!  We tried both the Reuben and Pastrami.  We love the Reuben since it had all the dressing.  The celery side tasted similar to ginger ale.  It was a good spot if the line was short.  Not sure if I would wait for 1 hr for it though.",4,"Mar 20, 2026",https://www.yelp.com/biz/katzs-delicatessen-new-york
yelp,"We're so glad you enjoyed your first visit - though we're sorry to hear you were frustrated by the wait! Though we do our best to keep the line moving quickly, if you ever want to try dodging the crowd, drop by at an off-peak hour: breakfast, between lunch and dinner, or late nights on the weekends. Hope to see you back again soon for another Reuben and Cel-Ray fix!",4,"Mar 20, 2026",https://www.yelp.com/biz/katzs-delicatessen-new-york
yelp,My husband and I came here for the famous sandwich. So good! So much meat. You order at the counter and then pay before you leave. Absolutely crowded inside with a bunch of tables and we went at 11AM on a Sunday.,5,"Mar 3, 2026",https://www.yelp.com/biz/katzs-delicatessen-new-york
yelp,"You can't say you've ""done"" New York until you've stood in line at Katz's Delicatessen. It's a rite of passage, and even at $40 for a sandwich and tip, it's worth every single penny for the quality and the history. The Main Event: Pastrami on Rye I kept it classic: Pastrami on Rye. No cheese (trust me, you don't need it), just a generous swipe of mustard. * The Meat: Hand-carved, juicy, and melts in your mouth. * The Pairing: The mustard cuts through the richness of the fat perfectly, especially when you alternate bites with their iconic pickles and cucumbers. It's the holy trinity of deli flavors. The Strategy: The ""Cutter"" Secret Here's an Elite tip for the rookies: If you've been watching their videos on social media and have a favorite cutter, look for their station! You can actually choose which line to stand in. It might sound extra, but the way different cutters slice and portion the meat does make a difference in the texture of the sandwich. The Vibe & Timing I was surprised to find out they are open late--actually 24/7 on weekends. I rolled in around 11:00 PM on a Friday. Even though it didn't look ""overly crowded,"" I still waited about 40 minutes. * Pro Tip: Don't lose your ticket! They give it to you when you walk in, and you must hand it back when you leave, even if it's blank. The Bottom Line: Is it expensive? Yes. Is there a wait? Always. But for the best pastrami on the planet and that chaotic, authentic NYC energy, I'd do it all over again.",5,"Mar 15, 2026",https://www.yelp.com/biz/katzs-delicatessen-new-york
yelp,"Katz's is and will always be a NYC staple! Worth the line that wraps around the block and moves pretty quickly. You receive a ticket upon entering that is used to document what you order. Make sure to hold onto that ticket as that is the only way that the check out employee knows what you ordered. And they can unfortunately fine you for losing it--so guard it carefully. Well, after that stress is over enjoy waiting in line for a little bit as these amazing people gove out fresh roast beef, turkey, pastrami, and other delicious meats. They are generous with their portions and even give you some samples as you wait. They will ask you if you want pickles, take the pickles, and they will ask you what you want on your sandwich--mustard is a must! If you do not get enough mustard they have some on the tables. Now the tables, you have to fight for one, but wait patiently as someone will eventually get up and that is when you swoop in, sit down, and hopefully enjoy your sandwich. All around you are people eating, talking, and enjoying themselves. It is such a good vibe and my mom and I really enjoyed ourselves! Make sure to check out the free water and counters in the back where you can order bagles, bread, potato pancakes, and so many other delicious items!! Do not sleep on Katz and do not let the line stop you. Minus one star as they need to announce that they now take cards and they could have a smoother system for placing orders--especially with our technology!! Thank you Katz for keeping it amazing all these years!",4,"Dec 15, 2025",https://www.yelp.com/biz/katzs-delicatessen-new-york
yelp,"waited for 1 hour to finally get my sandwich. Got the pastrami w cheese and mustard. The whole experience is a true NY experience and would definitely recommend if it's your first time in NY. The sandwich cost 30 dollars and with a beer i spent about 45 dollars total. Honestly it was one of the best sandwiches i've ever had. Perfectly soft rue bread, extremely flavorful pastrami. It wasnt difficult to find a seat even though its packed",5,"Apr 26, 2026",https://www.yelp.com/biz/katzs-delicatessen-new-york
yelp,Such a good experience! This was some of the best food I had in New York. Their pastrami sandwich was incredible- very tender and seasoned well. My wife and I shared one and it filled us both up. It was $30 but you have to try it at least once.,5,"Mar 1, 2026",https://www.yelp.com/biz/katzs-delicatessen-new-york
yelp,Quite simply on its own the best pastrami of all time. Pastrami for Pastrami it's the best I have had hands down. The main weakness of Katz is the bread. Although you will be full and have more than enough pastrami for later.,4,"Mar 13, 2026",https://www.yelp.com/biz/katzs-delicatessen-new-york
yelp,"Finally trying out this place after being discouraged by the thousands of people lining up every single day. IT'S OKAY. Nothing special. The best thing here is the MEATS. Tender and absolutely tasty. And they give out LARGE portions on every sandwich. It is the real deal, and no complaints. I have issues with their bread. The rye bread they have break easily and sloppy. Get it with the club bread instead. Also order the combo: pastrami and corn beef. The Reuben is actually good too. THE SAD PART and why it's 3 star rating. The place itself has a very chaotic system of ordering and paying. Note, most of these people are tourists, so they don't know where to start, or where to go when they come in. First, the staff are a little snobbish and sometimes not helpful. When you enter, you get a ticket. Then you go wait for another line for the ordering. There's a different counter for the ordering. And the paying. The paying is on the middle counter. They need a more systematic way of things. This place is loaded with money for every single person that comes in. TOURISTY and PACKED, and chaotic. So prepare yourselves and be kind to yourselves and to other folks. Don't be itchy and unruly while waiting.",3,"Dec 28, 2025",https://www.yelp.com/biz/katzs-delicatessen-new-york
yelp,"We're glad you enjoyed your meal, but so sorry to hear that you had a negative service experience - we never want any of our customers to feel exasperated by the ticket process! Though part of our charm for many of our customers is our ""old-school New York"" attitude, including our system of payment, we understand that the atmosphere is not for everybody. It's never meant to be rude, just schtick - that being said, the treatment that you received should never be the case. We will take your experience to heart - please feel free to call and speak to a manager anytime!",3,"Dec 28, 2025",https://www.yelp.com/biz/katzs-delicatessen-new-york
yelp,"We were in NYC for a holiday weekend between Hanukkah, Christmas and New Years. Our son required us to go to Katz's Deli for an authentic Jewish deli experience and food! It was  an incredible experience dining at the spectacular & iconic Katz's Delicatessen @katzsdeli in New York City to celebrate the start of a New Year of 2026. Founded in 1888 this historic deli is 2nd to none! From its wait team including our kind, funny and dry humor Ismael who was excellent taking our order, service and a few items ""to go"" including a loaf of Jewish rye bread, huge beef salami, bagels, babka, a Katz's Deli cap and T-shirt. We order the latkes, with apple sauce a d sour cream, pastrami on rye, a turkey Ruben and soup and sandwich combo. It was our selections were ALL huge and delicious and was beyond expectations for our son and worth the 30 minutes wait in the 30 degrees. The restaurant is 1940's retro which seems to be a ""time capsule"" for mid century as well the movie scene from director Rob Reiner's classic Rom Com ""When Harry Met Sally""  staring Meg Ryan and Bill Crystal from 1989. The famous lines Meg orgasmic screamed and Reiner's own mother stated ""I'll Have Whats She's Having!"" Will forever live in these walls. Hundreds of ""Wall of Stars"" as on the restaurant including Danny DeVito, Tom Selleck, Serene Williams, Mike Myers (Austin Powers) and some many more. Thanks Ismael for making our son Jacob's first visit to Katz's Deli memorable and special! It's an experience & meal we will cherish for its uniqueness, freshness & quality of food, prompt & excellent service, kind hospitality and its authenticity. Bravo! Encore! #katzsdeli #jewishdeli #nyc #minionhousesf",5,"Dec 28, 2025",https://www.yelp.com/biz/katzs-delicatessen-new-york
yelp,"Best pastrami in the world, period. Service is excellent, meat is carved in front of your eyes and you get to taste the meat before receiving your sandwich. Plenty of seating inside with clean restrooms, fun to see all the memorabilia on the walls that have accumulated over the last few decades.",5,"Mar 9, 2026",https://www.yelp.com/biz/katzs-delicatessen-new-york
yelp,"A very popular tourist stop, Katz's deli is worth the visit for both the food and the experience. This location, on Houston St, is not next to any other tourist attraction so if you're coming out this way, you're going to Katz's. There sometimes is a line to get in that stretches down the block but it moves pretty quickly. Once in the door, you'll receive a ticket and head to the counter. There are multiple stations at the counter; head towards any of the meat slicer guys and order what you want. Drinks are another line and credit card pay is at the very end. Your ticket will get marked with what you ordered and you pay on the eay out. Find seating where you can. OR, if you head towards the red door on the back wall and take a right, you'll be at the waiting area for the table service section, waiter and all. The pastrami is the obvious standout and it delivers. Flavorful, soft, and plentiful. The pastrami sandwich should be shared and is huge. Add a side of fries, matzo ball soup, or pickles and you'll be set.",4,"Dec 23, 2025",https://www.yelp.com/biz/katzs-delicatessen-new-york
yelp,"We're so glad to hear you enjoyed your visit! And yes - though we do often serve a full house, we try to keep things moving quickly. If you ever want to try dodging the crowds though, drop by at an off-peak hour: breakfast, between lunch and dinner, or late nights on the weekends. Hope to see you back again soon for another pastrami fix!",4,"Dec 23, 2025",https://www.yelp.com/biz/katzs-delicatessen-new-york
yelp,ONE MUST GO HERE IF IN NY! You're cheating yourself out of a culinary explosion  if not! BEST PASTRAMI I've ever had.  And I've had enough to say I'm almost an expert  it's tender juicy and they load up the sandwich on a really mild rye (I typically don't favor rye) you can add cheese etc but I would suggest you keep it simple with a little mustard and savor the flavor! I'm sure it's more mild on weekdays but we went on a Saturday and the line was around the corner but better than I thought we had made it inside in about 40 mins or so - they have a system - you either get in the line to place your order and grab a table where found or they have table service and since we were party of two we only had about 10-15 mins before seated.   They use a ticket system - you pay after eating - if paying cash up front paying with card at the back and you have to keep the receipt to exit the store! It's a typical Jewish Deli - loud but welcoming and seems like total confusion but their system works. The latkes are the bomb.com also - huge and very flavorful with lots of potatoes n onions and nicely seasoned served with traditional sour cream and applesauce! The cukes are good too - one is more like a cucumber with a slight garlic nod and the other is the traditional deli super sour n garlicky pickle! They ship so I might order some pastrami and have it at home It was fun looking at all the pics of local and national celebrities that have visited.,5,"Dec 14, 2025",https://www.yelp.com/biz/katzs-delicatessen-new-york
yelp,"First time back in almost a decade, and tasted even better than before! Got the Reuben with pastrami and potato salad. 10/10 for both. Great acidity on the potatoes, the sandwich is fantastic. Tried the regular pastrami last time with just mustard and that was good, you get sauerkraut and melted cheese on the Reuben.",5,"Mar 2, 2026",https://www.yelp.com/biz/katzs-delicatessen-new-york
yelp,Classics stay classic for a reason. So glad you enjoyed your return visit - hopefully round three comes a little sooner!,5,"Mar 2, 2026",https://www.yelp.com/biz/katzs-delicatessen-new-york
yelp,"A tourist trap restaurant for sure, but when asking locals if there is a better option than Katz for Deli sandwiches as good as Katz, I didn't get an answer . Until I find that restaurant for cheaper, Katz gets a 5/5. Also, the sandwich was so so good ‍. I will say when I went on a Monday night, it was not busy. Of course, make sure to bring cash and tip for samples.",5,"Dec 11, 2025",https://www.yelp.com/biz/katzs-delicatessen-new-york
yelp,"I could do not in this place was so good and worth the wait even if it was a long... this is also the spot where they filmed Billy Crystal and Meg Ryan movie directed by Rob Reiner (rest in peace), When Harry Met Sally. We waited a bit to get an order in but worth the wait. The beef is so tender and you don't need a lot of condiments on the sandwich just a little bit of mustard and what not and a side of pickle and you're good to go. That thing was flavored up and the pickles were a little salted, but that's also well balanced for when you're switching between the sandwich and the matzo soup. Tastes like chicken noodle soup you keep forgetting you're eating bread ball though. I would love to try the other dishes. They have there as there's more options than just the sandwich. Gotta make my way from Portland again to come here.",5,"Feb 27, 2026",https://www.yelp.com/biz/katzs-delicatessen-new-york
yelp,"A NY classic establishment that is exactly what you'd expect it to be if you're expecting large portions, delicious food, quick service and a lot of other patrons. I came by for an early lunch around 11a on a Monday--I'd encourage you to do the same to avoid the 12p lunch lines which were out the door. You can grab a random seat/table or wait for a server in the back. I went with the former option which I think works well for parties of 1-4 people. I split the traditional pastrami, latkes and knish and had waaaaay too much food for two. Looking back, I'd skip the latkes next time (but that's just because my stomach was full). Get yourself to this classic spot!",5,"Dec 9, 2025",https://www.yelp.com/biz/katzs-delicatessen-new-york
yelp,"Shake Shack is a NY staple, so of course you'll find it at the Citifield Stadium. This is also one of the largest vendors for food here as there are 3 sets of lines to order from. They have all the burgers lined up in the kitchen, so it makes it quick and easy to grab and go once you order. We got our food within a few minutes of paying and back to our seats. We ordered the Shack Stack ($14.59), Chicken Stack ($10.19), Double Shackburger ($11.49), Hot Dog ($5.19), and Cheese Fries ($7.49). Note the prices are slightly higher than outside the stadium, but that's how baseball games are. The Shack Stack is tasty and I also love the cheesiness from the fried shroom. I'd pass on the chicken stack though, as their burgers are the best items here. The quality is the same and great to enjoy while watching the game.",4,"Jul 2, 2024",https://www.yelp.com/biz/shake-shack-new-york-7
yelp,"I was pleasantly surprised by the stadium food. The shake shack here had multiple lines and I would say they moved pretty fast. The staff was friendly and fast, which I wasn't expecting since the stadium was packed. I got the fries and a chicken burger. I did think $9 for a small side of fries was ridiculous, but needless to say, they were not greasy at all and perfectly crispy so I was happy. My change chicken burger was decent. The flavor was good as was the aiole on it, but I found myself having to take pieces of the breading of the chicken out of my mouth because there were pieces that were too hard that I couldn't chew. Nonetheless, pretty good for stadium good.",4,"Jun 5, 2025",https://www.yelp.com/biz/shake-shack-new-york-7
yelp,"I can't believe I am writing this, but I have come to appreciate the consistency of this Shake Shack. It does what it does and it don't what it don't.  Ball park prices aside, consistency has it's merits.",4,"Mar 2, 2025",https://www.yelp.com/biz/shake-shack-new-york-7
yelp,"My recent visit to Shake Shack was filled with both delightful surprises and ordinary experiences. The cornerstone of any burger joint, the burger itself, was undeniably fantastic. It truly lived up to Shake Shack's reputation. The beef patty was cooked to perfection: juicy, flavorful, and with just the right amount of char. It was complemented well by the fresh lettuce, tomato, and a bun that held its own without stealing the show. As for the fries, they were fair but lacked that unique ""wow"" factor. They were crisp and decently seasoned, yet they didn't quite match the excellence of the burger. If they upped their fries game to match their burgers, Shake Shack could truly become an unbeatable combination. Overall, I'd recommend Shake Shack for their burgers anytime. It's a four-star experience that could easily become five with just a little more attention to the side dishes. Can't wait to return and see what other burger magic they have in store! Service was great! Really nice workers",4,"Jul 9, 2023",https://www.yelp.com/biz/shake-shack-new-york-7
yelp,"I like shake shack, we recently got one in Oregon! We ate at the one at Citi Field and it was good and service great. Loved the area it was in too, we did a pregame tour and had a good amount of time to kill before the game so we were able to come here and eat and then go shop at the team store. Shake shack was great and I learned that the original started in Central Park as a food cart and now they are clear in Oregon and delicious! I love the burgers and fries.",4,"Aug 11, 2023",https://www.yelp.com/biz/shake-shack-new-york-7
yelp,extremely disappointed by the expensive burgers I got yesterday At  Citifield.  I was embarrassed I bought my granddaughter there for burgers.  i neglected to look at them and went back to our seats.  The burgers were burnt and my granddaughter did not eat hers. I broke off the outside of the burnt burger and ate it because it was expensive and it was far from our seats to go back.  So disappointed in the condition of the burgers they SHOULD NOT HAVE BEEN SERVED to anyone that burnt.  check out your food before you leave here.,1,"Aug 31, 2025",https://www.yelp.com/biz/shake-shack-new-york-7
yelp,"Ordered a milkshake at shake shack, cashier proceeded to get pissed at me and served me a shake that was not spun at all and was full of ice chunks and the ice cream was stuck to the bottom. Total rip off especially after paying the stadium up charge.",1,"Jun 1, 2025",https://www.yelp.com/biz/shake-shack-new-york-7
yelp,"Not too crazy, it was actually pretty quick to come in and order a shake, beer, rosé wine and of course their burgers. They even have a breakfast menu here that looks appealing with coffees.  There's some seating and everything looks bright, new and clean.",4,"May 17, 2022",https://www.yelp.com/biz/shake-shack-new-york-7
yelp,"One of the best food options in Citi Field. If you're jonesing for an amazing burger, stay far away from the regular ball park burgers and get Shake Shack. The quality is vastly different. Same goes for the fries.",5,"Jun 1, 2022",https://www.yelp.com/biz/shake-shack-new-york-7
yelp,"The line is always so extremely long that I miss multiple innings because of it, but I decided to take a chance during a recent Mets game. Only missed 2 innings at the beginning of the game, but it was definitely worth it. There's something about eating Shake Shack at the best baseball stadium (long-suffering Mets fan here) and enjoying a beautiful night of baseball (despite another Mets loss). Overall, this Shake Shack didn't disappoint -- just be prepared to wait on line for a long time. As long as you have good company and pay attention to the game on the TV while waiting, you should be good to go!",4,"Sep 4, 2019",https://www.yelp.com/biz/shake-shack-new-york-7
yelp,"While the burger and fries are what you expect from Shake Shack(decent fast food), this Citi Field location was overpriced with less than stellar customer service. In addition to our food we had ordered two sodas and and Smartwater for later. When we got the Smartwater, they had taken the cap off of the drink as per ""policy"". So now we had to carry it back to our seets, spilling half on the way. Later, we discovered that other food outlets were selling water with the caps on. This was annoying. Also, the guy who rang us up had his mask pulled down over his chin and he spit when he talked. Gross. Luckily, he wasn't assembling our order. In summary, go to one of the other food outlets if you're at Citi Field. You can always hit up Shake Shack at another location.",2,"Aug 22, 2021",https://www.yelp.com/biz/shake-shack-new-york-7
yelp,"Hi Shane, Thank you for your feedback. It's disappointing to read that your experience at the Shack wasn't up to our standards. It sounds like we dropped the ball at several points during your visit. We can do better than what you experienced, so we'd love to invite you back to the Shack. Could you message me with your email so that we can grab your details? Thank you again, Jake",2,"Aug 22, 2021",https://www.yelp.com/biz/shake-shack-new-york-7
yelp,"Shake shack in name only....watered down lemonade, crappy burger ,no pickles, no chicken tenders, and folks have an attitude......shame, was here before pandemic and recollect it being good....do yourself a favor, just get a hot dog....Go Mets.",1,"Sep 4, 2022",https://www.yelp.com/biz/shake-shack-new-york-7
yelp,"I FORGOT HOW GOOD SHAKE SHACK'S SALTY FRIES ARE!! i'm so glad i had them to keep me company through this met's game!! not to mention I also tried their BLACK & WHITE SHAKE.. mMMmm not too thick or sweet!! the fries & shakes trump California's In n Out, but In n Out's still got the upper hand on standard burgers unfortunately they don't offer the ""shack stack"" at this location so i skipped on the burgers! NOTE: baseball stadium food is usually way over priced BUT i felt like shake shack kept their prices within an reasonable range! the line can be ridiculous, but if you go on an off day like i did.. NO WAIT",4,"Nov 3, 2011",https://www.yelp.com/biz/shake-shack-new-york-7
yelp,"Always good food! I normally always end up here if I am at a Mets game! The food is good and the line usually moves quick. The burgers are juicy and cooked well. The shroom burger is also really good! I ordered it by accident once but I ended up really enjoying it! The fries are tasty. Great food for a baseball game! My favorites: Single ShackBurger with cheese, 'Shroom Burger and Fries",4,"Jul 3, 2018",https://www.yelp.com/biz/shake-shack-new-york-7
yelp,"OMG...  Please don't tell mew that you have never had a Shake Shack burger...   Please!  This incredibly tasty piece of meat with cheese on their signature bun is nothing less than awesome. It's all about the taste, and a Shake Shack burger comes with plenty of it.  Even they're ""shroom' burger was a tasty fried breaded mushroom with cheese on the same signature bun, or as their menu says: Crisp-fried portobello mushroom filled with melted muenster and cheddar cheeses, topped with lettuce, tomato, ShackSauce™.""  It was awesome. Don't let the crazy long line at Citi Field deter you.  Every time I have been on it I have moved quickly through the maze to the counter.  The team members are always smiling and friendly and I can not imagine the pressure that they go through. I one mouth a burger at the 8th inning simply because there were only three people on line and did not want to pass on the opportunity.  We tried something new this time...  ""The Concrete.""  This vanilla custard in a cup is made with chocolate sprinkles and a cone all blended together, a new level of good!",4,"Aug 31, 2016",https://www.yelp.com/biz/shake-shack-new-york-7
yelp,"Food: As usual, the best burger in NYC with the longest line ever. I would suggest if you are willing to wait on this line order more then you want so you have no regrets when the burger is all gone in your tummy lol. I recommend to go for the shake burger double and one of their flat top hot dogs. This will get your through the game with no regrets. Brew: There's not much of a selection here since it's a ball park but they do have something very special to pick over your water down lite garbage beer, Goose Island IPA. It's $10.50 for a 16 oz can but its delicious, cold, and the best beer pick to enjoy your time there.",3,"Jul 17, 2015",https://www.yelp.com/biz/shake-shack-new-york-7
yelp,"My first Mets game and being hungover as all get out of town, I decided to opt for having Shake Shack. Something I don't normally splurge on. Others went for fish and chips. Yeah. . . . if I'm forking over $10-15 on stadium food, you may as well go big or go home. By the sixth inning the line wasn't too horrible. It moved pretty fast. The prices are a bit skewed from the normal locations in the city. Normally a single burger is like $5-6, here it was about $7.50. Normally a double is roughly $8, here it was about $10.50. After deliberating some time I finally decided since I never had it, I wanted to try the shroom burger, but I also didn't want to be healthy and opted for the Shack Stack: A shroom burger on top of a regular burger. Was it worth it? Yes, hell yes. The shroom burger may bizarrely actually taste better to me than the regular. The regular I feel like you can slide american cheese on it from anywhere and have it taste like any generic fast food cheeseburger. This heaping breaded sucker was oozing with both muenster and cheddar cheese and quite flavorful. The special shack sauce (some ketchup mayo hybrid innovation of shear delight) sealed the deal and that extra kick of bovine on the end - perfection. This was actually worth $10.50. The concrete thing . . . . I've never had one and I have heard so many raving comments and reviews on their frozen custard. . . . so boring and disappointing. A waste of precious calories. The Mets stadium has a special called 'The Strike Cone': Vanilla frozen custard, blended with chocolate truffle cookie dough, shattered sugar cone, and chocolate sprinkles. I'm betting that Shake Shack unfortunately ran out of nearly all of their ingredients though because the only thing in this was chocolate sprinkles. A huge disappointment leading to children everywhere sobbing into their frozen custards over the lack-thereof of cookie dough and anything truffle. My first time was tarnished, but it doesn't mean I won't ever go to a Shake Shack again. I will just be more apprehensive on my order.",3,"Jul 6, 2016",https://www.yelp.com/biz/shake-shack-new-york-7
yelp,"I missed two innings of the Mets vs. Twins game on June 25th as I stood in line for my S-squared fix. Ladies and gentlemen, it was well worth it. I haven't had Shake Shack since last summer at their Madison Park location, so I was due for a single shack burger and its accompanying sauce of excellence. Oh yes, and a side of frozen custard to boot. The line coils around like a slithery snake, but it moves at a tolerable pace so you don't get too impatient and/or anxious. The mega-screen of the live game provides reasonable justification to wait in line as your seat gets cold. My burger was warm and juicy, and nicely charred and that shack sauce should definitely be bottled and sold. The frozen custard is devilishly good as well, reminiscent of Mister Softee ice cream, albeit a bit thicker in texture. To be honest, I may have been more stoked over Shake Shack than seeing my beloved Mets play in their new (gorgeous and fan-friendly) stadium. That being said, Let's Go Mets! We beat the Twins 5-2 that night. Holler!!",4,"Jun 30, 2010",https://www.yelp.com/biz/shake-shack-new-york-7
yelp,"No... Just... No. What are you people thinking?  Just because you may like one Shake Shack burger does not mean you must love them all!  A grease pocket with overcooked flavorless beef. If the original Shake is as bad as this, I am not surprised to see it tumble down the list of 'top burgers' in the city.  Small, no ability to vary, no pickles even! Thank heavens I had just had a very good burger at Bonfire Grill in Forest Hills a day or so before, or I would be even sadder at this culinary fiasco. And having just eaten at The Modern last week -  I think Mr Meyer really needs to REthink his investment or attention to Shake Shack.  Burger fans deserve better, Danny boy!",1,"May 8, 2009",https://www.yelp.com/biz/shake-shack-new-york-7
yelp,"I truly dont get the Shake Shack obsession, I think it just shows how the media can sway peoples opinions because I honestly think Shake Shack is awful. Not just this one but all of them. Burger is greasy,sauce is cloying and roll is nothing special. The burgers are so bad they nearly killed Met first basemen  Lucas Duda and Phillies manager Ryne Sandberg. What causes my insane hatred for this particular outlet is that people buy tickets for a baseball game and then spend 2-3 inning waiting on a line for an over hyped burger when they can get a burger at Pat lafriedas or Keiths Grill. Better yet get some BBQ from Blue Smoke (I dont have a Danny Meyer hate just a Shake Shack hate) if you just want to eat Shake Shack go to one of the many other ones! Ok my rant is over.",1,"May 15, 2014",https://www.yelp.com/biz/shake-shack-new-york-7
yelp,What used to be good fast food is now crappy fast food. The burgers and hot dogs are small and the fries are really bland. And the line is really long; not worth the wait.,1,"Aug 11, 2022",https://www.yelp.com/biz/shake-shack-new-york-7
yelp,You can't go wrong! I guess since the shacks are limited in locations this one BOOMs. People that get to the games 2 hours early get the cream of the crop. Everyone else can stand in line for two hours for a try. The burgers are tasty and made well done no matter what. Everything is a la carte so you have to order sides. The milk shakes are thick and delicious. Deff a good try if you get there early!,5,"May 29, 2016",https://www.yelp.com/biz/shake-shack-new-york-7
yelp,"Standing on the ""Green Roof"" of CitiField, after a long and somewhat boring CLE course, I looked down at the Shake Shack line and thought to myself, ""look at all those assholes standing there for burgers.""  An hour later, I added myself to that list; waiting in line from the bottom of the first until the end of the third inning...the whole time, sweating like a whore in church! The Shake Shack burgers and fries are just as good as they are at Madison Square Park, the only difference is I paid a $50 buck surcharge for this one.  I'm a Yankee fan anyway, but I suppose if I went to another Mets game, I'd probably wait on that long ass line again.",4,"Aug 19, 2009",https://www.yelp.com/biz/shake-shack-new-york-7
yelp,"This location is inside of Citi Field, and I love the decor of it.  The line gets really LOONNNNGGGGG though, but it is well worth the wait.  Just know what you're going to order when you get up there and everything will be OK.  Also, not sure if it's just me but the prices seem higher here.  Moving on ... I haven't gotten anything from Shake Shack that I didn't love, which leads me to believe that you just can't go wrong here.  I love their Shake Stack, cheese fries, with a strawberry shake ... but since I'm not always that hungry I'll switch around my order a bit.  But I will always get an extra side or two of their shake sauce ... Yumm!! If Shake Shack is ever an option ... then that will always be my first choice -- just in case you haven't noticed that by now ;).",4,"Dec 11, 2010",https://www.yelp.com/biz/shake-shack-new-york-7
yelp,"Citi Field Shake Shack is just as good as any other Shake Shack in New York City. I got a single shack, French fries, and vanilla shake. The burger was cooked perfectly just the way I like it. The cheese was just oozing when you bite into it. I was in heaven. Best burger in the world. My French fries just perfect. Shake shack fries are always cooked to perfection. It wasn't soggy at all. Yummy!!! My vanilla shake was amazing. Right off the blender. Score!!! I would suggest getting shake shack before the game when the lines are not crazy. During the game the lines will get insanely crazy. You may be online for quite a while, so you have been warned. The person who took my order, Brian C. Was really quick with orders and really friendly. Its located behind center field on the field level. Its the only Shake Shack stand in the stadium. Citi Field Shake Shack is one the best foods to eat in citi field.",5,"Aug 3, 2013",https://www.yelp.com/biz/shake-shack-new-york-7
yelp,"The Mets game is the price you pay to gain admission to the glory that is Shake Shack. It's technically the Shake Shack in the city with the most seating. You have more than half a stadium of seats to choose from (since no one cares where you sit anymore). I suggest buying more than what you think you can eat to last you the whole depressing game. *Also, please note that there's an evil exhaust vent that blows the smell of onions and meaty goodness all over the stadium throughout the game. So if you're all out of Shack by then, you'll want to murder someone because you were dumb enough to buy only one burger, and have to either brave the Shack line again, or sit through the remainder of the game being assaulted by the smell of heavenly grease. (in a good way)",5,"Nov 8, 2012",https://www.yelp.com/biz/shake-shack-new-york-7
yelp,First time in Citifield yesterday and I had a chance to get some Shake Shack.  What more can you ask for in a Mets game?  Well it would have been nice if they won.  But I also went on free t-shirt day so I guess that balances it out.  :p FYI the fry stand across from Shake Shack has pretty good fries with some interesting sauces.  I said interesting I didn't say amazing.,5,"Sep 9, 2011",https://www.yelp.com/biz/shake-shack-new-york-7
yelp,"This is a review for the food.   Since I had $30 in Citi Field credit to use, I decided to blow ALL of it or at least most of it at the Shake Shack.  I was at Citi Field the previous night for a game and the line during the game was too long.  So my strategy was to wait and use all my credit and get to the park early to avoid the line.  I ended up getting the double Shackburger, the High Heat Cheese Dog, and the Meet the Pretz concrete shake.  Total: over 2200 calories in one meal and $25 of my credits. The burger was just okay.  It was cooked well and the meat was juicy but it just tasted so...unhealthy.  You might be saying...duh...you're eating a burger.  Perhaps it's my In N Out burger biased but I think whatever oil they used to cook the burgers with was way greasier than I preferred.  The hot dog was pretty decent.  It came with a cheese sauce and moderately spicy cherry peppers on top.  I ate that roughly midway through the game as the burger really did a number on me.  Lastly, I slowly sipped the chocolate covered pretzel shake with black and white custard inside.  This whole meal was challenging that I was going between diabetic coma from the concrete versus almost heart attack inducing greasy meal from the burger and hot dog.  BUT, I made it through and I can now honestly say that I truly had a taste of the Shake Shack during my stay in NY. I think the concrete and the hot dog that I got was only available at the Citi Field Shake Shack which is awesome.  I definitely want to try something else at another more standardized Shake Shack location.",3,"Oct 4, 2013",https://www.yelp.com/biz/shake-shack-new-york-7
yelp,Hey! It's just like an actual Shake Shack but with longer lines and a staff that isn't as well trained! I waited half an inning for my burger while I just stood at the line looking like I was the counter's high school buddy who wanted to chat. I don't know why it took so long for my single to cook up but it did and got no apology or explanation.,1,"May 13, 2015",https://www.yelp.com/biz/shake-shack-new-york-7
yelp,"HOLY SHNIKIES!!! I think I died and went to heaven. Visiting Shake Shack was on the list of things to do while in NY, and I'm sure glad I did. I am an In-N-Out lover but this place sure does give it a run for it's money. Ordered two double cheeseburgers, order of fries with cheese sauce to share, and a small soda. Everything was delicious. The burgers are simple; topped with lettuce, tomato and shake sauce. Yum. Too bad there isn't one closer to me. Watched a little of the game and went back to try the frozen custard in a cup with strawberries. It was great. Only downside, everything is pretty expensive and they don't offer any type of combo meals.",5,"May 19, 2014",https://www.yelp.com/biz/shake-shack-new-york-7
yelp,"Tried Shake Shack for the first time after all the hype, and their burger was perfect. Man if the line wasn't as long I would have gone back for seconds or thirds. Missed a lot of the Mets game because of waiting on line for 45 minutes, but it was damn well worth it!",5,"Sep 5, 2009",https://www.yelp.com/biz/shake-shack-new-york-7
yelp,"Pros: Compared to everything else at Citi Field, Shake Shack is the same price, if not cheaper. beer served at SS counter Cons: Price may be the same, but lines are longer burger doesn't taste like a SS burger, but decent burger: $6.25 hot Dog: $5.75 large beer: $7.50 cheese Fries: $6",3,"Aug 3, 2011",https://www.yelp.com/biz/shake-shack-new-york-7
yelp,"Worth the wait? Yes. Worth the price? No. Would we go again? Probably, because the food and shakes are really good. Probably the best food stand at the stadium.",3,"Jul 16, 2012",https://www.yelp.com/biz/shake-shack-new-york-7
yelp,"Truly one of the best locations you can place a cult-like following chain fast food restaurant. Shake Shack serves one of the best burgers you will ever taste from a fast food joint! On just about all occasions before and during the game, the line is usually redunkalous and can range from anywhere from 30-45 minutes! With all that said, the burgers are well worth it! The recommended burger of choice is undoubtedly the Shack Stack! It's a cheeseburger and shroom burger topped with lettuce, tomato and Shacksauce. Did I mention it's huge!? Although not the equivalent to the Animal Style burgers at In N Out, it more than holds its own for the east coast. The crinkle fries are decent, however not the best I've ever tasted. I do recommend getting the cheese fries though if you are going to get the fries. My beverage of choice is usually the Strawberry shake which alot of people rave about. I actually don't think it's that great of a shake for $5. I think that McD's shakes are actually better! Yes I said it! Also, I've gone to other restaurants and burger restaurants which serve much better shakes. In closing, it's worth the money, but maybe not worth the wait at times due to all the options at Citi Field. There's plenty of other Shake Shacks in NYC that you can go to another time, but if you feel the need for your Shake Shack fix then you gotta go get it hereI guess :)",4,"Jul 23, 2012",https://www.yelp.com/biz/shake-shack-new-york-7
yelp,"I'm not ashamed to admit that I was looking forward to Shake Shack more than the Mets vs. Padres game.  This has to be the most popular vendor at the game, nestled towards the back of the stadium (behind the scoreboard), with two separate long lines to order your burger, fries, hot dog, or shake. We opted for the single burger, which was on the smaller side but quite flavorful.  The fries more than enough to share. There's not much more to say other than what's already been said -- the meat is incredibly fresh; the fries were nothing special. Of the top burger places in the nation, this is how I'd rank them: 1. In-N-Out Burger 2. Shake Shack 3. Five Guys If you're heading to the beautiful Citi Field, definitely grab a bite at Shake Shack.  It's pricey, but what isn't in a ballpark?",4,"Jun 11, 2010",https://www.yelp.com/biz/shake-shack-new-york-7
yelp,If you can stand waiting in line for almost 3 innings of the game you will be rewarded with some of the best food around. The burger is perfectly cooked and juicy the way ti should be. The cheese fries are absolute perfection. A single shack burger with cheese fries and a aquafina water will set you back $17 but it's well worth it,5,"Sep 18, 2010",https://www.yelp.com/biz/shake-shack-new-york-7
yelp,"Worst Nightmare: went there during the game on 7/7/22 against the Marlins. Stood on line for literally a half an hour just to place an order. The cashiers were slow and had their backs turned to chat with other staff members. After placing our orders, we waited again for over a half an hour just to get our food and it was wrong. We asked for 2 hamburgers with no cheese and not sauce, the first time they made it with no cheese but heavy on the sauce, then they made it again with no sauce but had cheese on it. How incompetent can they be? We missed 3 innings of the game thanks so such ignorance and incompetence. The entire staff needs to be fired immediately!",1,"Jul 9, 2022",https://www.yelp.com/biz/shake-shack-new-york-7
yelp,"A delightful treat  upon the pallet, but seriously if you haven't tried shake whack you're just wasting your time. Add bacons, double the patties and skip the tomato.",5,"Apr 22, 2017",https://www.yelp.com/biz/shake-shack-new-york-7
yelp,"Went to the one in Manhattan about three years ago, and I wanted to try it again. Wanted a good burger, and was told that Shake Shack was the way to go. I walked out to left field, and this is the most popular concession stand at Citi Field. I must have waited a good 10 minutes in line, but the line was moving. Once you got up there, I had the Shake Stack and Cheese Fries and it was really good, the burger and the portobello mushroom together with the sauce was great. Also ordered cheese fries and they were really good.",4,"Jun 7, 2019",https://www.yelp.com/biz/shake-shack-new-york-7
yelp,"Hamburgers. The cornerstone to any nutritious breakfast. And it was my breakfast when we saw the SF Giants play the Brooklyn Cyclones....err, I mean the NY Mets last Sunday. Lining up, for a second I thought I was at Madison Square Park because the line was about 40 people deep. But then I looked around, saw all the signs for Budweiser, EA Sports, Blue Smoke and no NY Mets pictures whatsoever, and I knew I was at CitiField. The good thing is that the line moves pretty fast, so we were on line for about 15 minutes. Of course I had to get a Double Shack burger and fries. But because of a minor physical defect, I couldn't get a black & white shake and had to settle for a Mountain Dew, which  hit the spot anyway. The burger was just as good as the burger at Madison Square Park, even if it was already made. That's the thing I like about this Shake Shack: you will get your food within a minute or two of ordering. Unlike Madison Square Park, where you have to wait almost as long as you did before you ordered. Only bad thing: the Mets won on a walk-off single in the bottom of the ninth.",4,"Aug 20, 2009",https://www.yelp.com/biz/shake-shack-new-york-7
yelp,One of the great staples of citi field.  Line could get long.. but that doesn't matter because no one goes to Mets games anymore lol,5,"Sep 24, 2017",https://www.yelp.com/biz/shake-shack-new-york-7
yelp,"If you're inside CitiField, definitely head over to the Shake Shack for some burgers and fries. I was willing to wait, in the rain, for fifteen minutes, for: 4 single shack burgers 1 Shackago dog 2 large Pepsi's 1 black and white frozen custard 2 fries No, I'm not that much of a pig. This was for me and my family. How long did it take to get all of them? Five minutes. I'm in awe. As always, their shackburgers were great, and their French fries are excellent. I usually like to slather on ketchup or hot sauce with my fries, but these actually tasted better without them. The Shackago dog was forgettable. Sadly, I have to drop one star because my beloved 'shroom burger is alas, not present (understandably so, but still!). All in all, a great place to get food. The line is not as epically slow as the one in Madison Sq. Park, they're faster (even if pre-made, but beggars can't be choosers), and you get to watch a Mets game. Plus, the prices are actually not exorbitant, which is... a plus.",4,"Aug 1, 2009",https://www.yelp.com/biz/shake-shack-new-york-7
yelp,"I have to admit, going to Shake Shack was our top priority of our Mets game experience.  Definitely not the BEST but pretty damn good burgers, great fries and AWESOME shakes.  It's sad the I worked across from the Shake Shake in Madison Square Park for 9 months and this is the first time I had em.  It did NOT disappoint!  I guess we were lucky, we got through the line in about 10 minutes! We got burgers, fries (nice and crispy) and a vanilla shake.  I was definitely between a 3-4 starts but that shake gave this place a solid 4!",3,"Jul 11, 2010",https://www.yelp.com/biz/shake-shack-new-york-7
yelp,"I can't believe that my first visit ever to a Shake Shack was at Citi Field...and didn't suck!! Yes, it was even worth waiting on that crazy long line for TWO INNINGS!! How fresh could a shake, burger and fries be at a sporting event? SO FRESH..that's why you're waiting forever for it! I actually saw them making the shakes the old fashioned way behind the counter...really pleased to see this! The burger was delicious..definitely not wimpy. I was worried that the fries would be a disaster but they were crispy and addictive! I'm a fan!",4,"Jun 26, 2015",https://www.yelp.com/biz/shake-shack-new-york-7
yelp,"Its a Shake Shack at Citi field what could go wrong? Well other then the insane lines not much. Its the same great Shake Shack. The prices aren't even that bad for ballpark food, such a nice change to paying $8 for a crappy burger at Shea. Pro Tip: If you think waiting in the long lines will save you from watching the Mets loose your out of luck, they have some nice big screens you can watch the game on while waiting in line.",4,"Jan 2, 2011",https://www.yelp.com/biz/shake-shack-new-york-7
yelp,"I have been told for years to try Shake Shack. Only problem was, originally there was just the one down in Madison Square Park, an area I rarely end up in.  Then one opened on 77th & Columbus, just after I left my voice teacher, who lives on that block .... so that wasn't an option either. Enter my friend Richard, a dedicated Mets fan, who has tried to get me to a Mets game for some years now.  He finally succeeded, and I am really happy I went - it was a great evening, even if the team lost. However, we started the evening off with burgers from the Shake Shack there.  Good thing we got to the stadium EARLY.  Later on the lines were pretty scary!!  These burgers truly are some of the best I've tried (although Nolita House still holds top spot for now).  I found myself taking tiny bites to make it last longer.  The B&W shake was quite good as well....but we opted for fries across the way (which I was not so impressed with). If you're headed to a Mets game, do NOT miss those burgers!!",4,"Sep 21, 2009",https://www.yelp.com/biz/shake-shack-new-york-7
yelp,"It was a semi-rainy weeknight and towards the end of the regular season. You would think that there's no line for this place. NOT! When we walked by to head to our seats, there was no line. But when my friend went to get our burgers, he said there was a wait. =! The single shack burger was perfect. Indeed, it isn't a very big burger but juicy it was and it hit the spot. The fries were ok. The shake, now, that was good! Went with the strawberry shake and yep, it was worth losing that calorie counter gadget for this one night.  Definitely a notch up compared to the other fast food burger joints.",4,"Sep 14, 2010",https://www.yelp.com/biz/shake-shack-new-york-7
yelp,"I had a fantastic time seeing the Mets beat the Marlins this past week. Citi Field was fairly clean and very accommodating with food and drink selection. The prices of nearly everything seemed absolutely insane, but the Shake Shack was much more reasonable, as was the pizza spot. The pizza was pretty solid, sporting a fantastic sauce and good cheese. The crust, however, was burned to a crisp in most spots which really killed the flavor towards the end. The smoke shack burger from Shake Shack was absolutely fantastic. Fresh ingredients and a great combination of spice and cheese really made the burger stand out.  The french fries were also pleasantly crispy and delicious. The vanilla milkshake was high quality with a great frothy consistency and a rich creamy vanilla taste.",5,"May 9, 2017",https://www.yelp.com/biz/shake-shack-new-york-7
yelp,I'm so sorry but i have been to a few shake shacks and they all have been great but this shake shack let me down so bad . bad enough the wait was super long and you missed a few innings at the game my burger was super salty and so flat and so burnt it was not a shake shack burger to me. i don't think i be hitting up shake shack at citified in a long time i was SO disappointed . maybe next time i  will have a better experience,1,"Apr 23, 2012",https://www.yelp.com/biz/shake-shack-new-york-7
yelp,"Being a diehard, loyal Mets fan since I could remember, it pains me to say that the best part of watching a game at Citi Field during this lost season was visiting the popular restaurant beyond the seats in left-center field: Shake Shack. I know this isn't a sports review site, but lemme just say that the Mets really let me down this year. *Sigh* Ok, now that I wiped those tears away, I feel better now. Anyways, I can't state anything here that hasn't been said before. So let me just reiterate all the ""yummy goodness"" that my wife experienced when she ate here for the first time. My wife is a food-fanatic, an undercover food critic herself when we eat out at a new place. So I hope I can accurately recall all the details she mumbled that day with her mouth full after each bite of food, and slurp of drink. ""The burger meat here is so tender and juicy, almost like they marinated it in butter when they cooked it! The hamburger bun is just the perfect size, and doesn't take away from the taste of what's inside. I love the Shack Sauce on it, whatever that is. Heck, the smell of the burger alone makes it better than other burgers!"" Yes, it is a lil pricey, but that didn't stop us from eating two double-burgers each!! We tried the Shack-Cago Hotdog also, but it wasn't worth the money. To us, it's just your garden-variety hotdog. We've never been to the other Shake Shack spots, but we can definitely say the burgers we ate were delicioso. We give the burgers a rating of 7... on a 1-5 scale! Whaaat!! So do yourselves a favor, and try the burgers. You can thank us later. And tell 'em Marcus (and wife) sent ya... ;p",4,"Oct 2, 2010",https://www.yelp.com/biz/shake-shack-new-york-7
yelp,"Pricey but delicious! I've been to Citi Field numerous of times but only tried Shake Shack twice because the line always looks so long. Although the line may be long, it moves rather fast. We only missed half of an inning waiting which isn't too bad. I ordered two single Shack Burgers, fries, and a black & white shake. Thee shack sauce in the Shack burger was friggin good! Served on a soft warm bun with gooey melted cheese along with a juicy beef patty. Pretty tasty for a burger priced at $7.50. It's a bit small but this is by far the best thing I've eaten so  far at a ballpark. The wavy fries are nice and crispy. No sogginess whatsoever. The shake was great! You can taste bits and chunks of ice cream. Verdict - I could see why the line is always so long now. It's just that darn good. There's never a line at Blue Smoke or the Pizza joint. When you're looking for something to eat at Citi Field, you're gonna wanna come to Shake Shack!",4,"Apr 22, 2015",https://www.yelp.com/biz/shake-shack-new-york-7
yelp,"One of the good things about Citi Field is the great concessions they have.. and Shake Shack is prob their best! Yes, the lines are long and you sometimes have to wait 2-3 innings but c'mon, it's Shake Shack.. lines are always long! The menu at their Citi Field location is less varied and the custard flavors are more limited than their other locations but the quality and consistency of the food is the same. Prices are a tad higher but are pretty reasonable considering you expect to pay ballpark prices.. $6.25 for a single and $9.25 for a double vs $5.75 and $8.75 at their other locations. Tips: -Get on line as soon as you get to the ballpark. -There are 2 lines; the one on the right moves quicker since it is serviced by 1 extra register.",4,"Sep 9, 2012",https://www.yelp.com/biz/shake-shack-new-york-7
yelp,"You know I used to love shake shack ever since they opened, but I feel like their meat quality has gone down. Last time I came here with my parents the meat tasted completely different and I didn't even finish my burger. Fries are really good, but burger, i dont know it has changed. Not a fan anymore, I rather get chick fil-a.",3,"Jul 23, 2019",https://www.yelp.com/biz/shake-shack-new-york-7
yelp,"Hi Andrea, Thank you for your feedback. It's disappointing to read that your meal wasn't up to our standards, since we pride ourselves on the quality of our food. We can do better than what you've experienced, so we'd love to invite you back to the Shack. Could you message me with your email so that we can grab more details? Thank you again, Jake",3,"Jul 23, 2019",https://www.yelp.com/biz/shake-shack-new-york-7
yelp,"I must admit that I don't hit burger joints real frequently.  Most common is the staple run through In-N-Out in AZ.  Grabbed Shake Shack at recommendation of our hosts in NY and was STUNNED.  No need to compare the two.  If you've lived in NY all your life and never experienced In-N-Out....you ain't missing anything. I love In-N-Out but Shake Shack dominates in 3 rather key areas (Burgers, Shakes and Fries).  Outstanding.  We are heading back tomorrow and although I want to try the Pulled Pork at Blue Smoke I don't know that I will forgive myself for skipping out on these burgers.  Huge fans.  Can't wait till the game tomorrow......",5,"May 7, 2011",https://www.yelp.com/biz/shake-shack-new-york-7
yelp,"Danny Meyer truly brings his food to the masses at Citi Field! The menu is a little more expensive and more limited (more limited on the shakes, drinks, no chicken brats and none of the veggie burgers that even carnivores crave), but I think they've done a good job of maintaining the quality of the food here. The line can be daunting, especially before the game, but I found that they move it along well. During the middle innings, the wait was about 15-20 minutes, about double what you'd normally wait at the ballpark, but not that bad overall, especially considering that the wait in Madison Square Park can be epic. A definite must if you have outfield seats.",4,"May 12, 2009",https://www.yelp.com/biz/shake-shack-new-york-7
yelp,"Color me impressed. I didn't have high expectations for a limited-menu satellite location of Shake Shack in a ball field, but these guys do deliver. We waited in line for about an inning and a half (or two), but when we got our meal it was fresh and delicious. Not world changing, but up there with Five Guys or Elevation Burger - aka the best fast food burgers you can get, IMHO. The shakes and fries are also delicious too, I was surprised to see them scooping ice cream into metal shake containers and running them in a old diner-style blender at with the huge lines they serve, but I guess that's how they maintain quality. Cheese fries were delicious and SUPER filling, too. I'd go again. The shack stack was pretty cool too, I liked not having to decide which of their burgers to get, haha.",4,"Jun 18, 2015",https://www.yelp.com/biz/shake-shack-new-york-7
yelp,"Let me begin by saying I... am a hardcore Yankee fan! Now that that's out there, I was recently given tickets for the Delta Club at Citi Field. The seats were great. Fourth row, center field. As good as it gets. But the best part of this entire experience was...... THE SHAKE SHACK  BURGER! WHOA, it blew my mind. SOOOOO much more than I ever expected. The sauces, and meat.. everything. I had never had the patience to actually go to a shake shack but since they had the wait staff I figured why not. and BOY oh BOYYYY am I glad I did! DEF A MUST!",5,"May 15, 2011",https://www.yelp.com/biz/shake-shack-new-york-7
yelp,"The thing that I never liked about Shea was the lack of food I'd actually want to eat in my regular, non-baseball-game-attending life.  In that vein: WOO HOO! Shake Shack at CitiField is awesome.  The wait is short and worth it, the Shack-cago dog is fabulous and your food is ready practically the minute the order comes out of your mouth.  Goodbye mystery meat hot dogs, hello (and thank you) Danny Meyer!",5,"Aug 6, 2009",https://www.yelp.com/biz/shake-shack-new-york-7
yelp,"""Reminds me of Elementary School"" For all of you who have NEVER had In and Out or Five Guys... ...I'm sorry. Rarely am I so regretfully compelled to write a review. So I came to NY for the very first time and heard so many great things about Shake Shack...in addition, hundreds of glowing reviews on Yelp for several locations can't be wrong. Or so I assumed. Disappointment. If you've never had In and Out and Five Guys...this place must be good. Traversing NY City, it's hard to find comparable competition to Shake Shack in the (late night) ""fast food"" category. $10 for one cheeseburger, crinkle cut fries and a tiny soda. The quality is not there to justify it....even in NY. Shakes aside, the tiny, bland burgers and crinkle cut fries remind me of elementary school and the side container of cheese representing an upgrade to ""cheese fries"" is a joke. Animal style fries nor Cajun fries involve a pricey, yet tiny side container. TOURISTS (hailing from anywhere with an In and Out and/or Five Guys)...AVOID this place at all cost. Try the pizza, bagels and delis, etc that are the true gems of NY. Similarly if everywhere else had a Lombardi's/Grimaldi's quality pizza, people could properly recalibrate what they think is ""good pizza"".",1,"Dec 20, 2010",https://www.yelp.com/biz/shake-shack-new-york-7
yelp,"First thing's first: If you're looking to try this place out, go before the game even starts as the line can be fairly long and you may find yourself standing on line for a couple innings. So by this day and age, everyone knows what Shake Shack is all about. Is it all hyped up as it is supposed to be? Of course, all in relation to the original Shake Shack in Madison Square Park. To the virgin who's never experienced Shake Shack, it's a pretty darn good burger, tender, moist, full of flavor and yummy shack sauce. The fries are crisp and moist on the inside, though the melted nacho-like Velvetta-imitation cheese on top is a bit lacking and unimpressive. I'd probably recommend just getting the fries without the cheese, and save yourself the $1.50 or so on what I consider 2-3 tablespoons of cheese. For some, this might be their best burger and fry experience yet, but to the true Shake Shack aficionado, it is overpriced and slightly subpar to its original counterpart (aka The Shake Shack at Madison Square Park). I haven't been to the original location for quite a while, so I will argue that The Shake Shack has chosen to expand as rapidly as possible (Upper West Side, Upper East Side, Theater District, CitiField and now Miami and Sarasota Springs?). Of course with rapid expansion, comes a standardized almost assembly line way of making their shack burgers at the cost of quality and what I would consider what was one  rather exceptionally made burger. Maybe I'm being too much of a critic, maybe I'm just jealous of their success, but I thought and still do think Shake Shack @ CitiField makes one delicious burger. But something just didn't seem to be right. It seemed to lost some of its glamour. Shake Shack, please don't become another McDonald's, Burger King, or most recently Five Guys. I love Shake Shack and still stand by my word that is probably one of the best burgers in the city (not considering $20+ Kobe beef burgers, etc.).",4,"Sep 24, 2010",https://www.yelp.com/biz/shake-shack-new-york-7
yelp,"This review is for Shake Shack in ""Times Square"" (Really it's just 8th Avenue) My biggest shock surprise was the short line when we got there.  I ordered my usual 'Shroom burger and beer and was please as usual and happy as a clam.  By the time we walked out, the line was half way down the block.  Guess we came at the right time. Great place for a burger and a beer after a movie/show!  Cheap and good eats. Enjoy!",4,"Sep 14, 2010",https://www.yelp.com/biz/shake-shack-new-york-7
yelp,"My co-worker who never leaves Westchester County ventured to Queens to watch the Mets and to try this famous burger he's heard so much about. It was a Wednesday night game against Oakland, so the wait wasn't too long. Unfortunately, I saw why when I got to the front of the line - they had precooked the burgers and I was handed a lukewarm one as soon as I placed my order. He said it wasn't too bad and I told him that he didn't know what he was missing, by not trying it FRESH. Ah well, it's still better than anything else at the stadium.",3,"Jun 25, 2011",https://www.yelp.com/biz/shake-shack-new-york-7
yelp,Burger was fine. Fries were cold and rubbery. Shake was frozen solid. Must have been left in freezer. Will never order from my seat again because I don't believe they would have had the audacity to serve me in that fashion had I been at their storefront in the right field area.,1,"Jul 15, 2017",https://www.yelp.com/biz/shake-shack-new-york-7
yelp,"I went with my boyfriend to see the Mets v. Cubs and he is the Cubs fan while I barely care about baseball in general so long story short, I volunteered to wait in this obscene line.  It really is crowded.  Sheesh.  Their options are limited but effective.  I got us Shack Burgers, one order of regular fries, one order of cheese fries (way too much cheese!) and a large soda.  That came to something around $33 I believe.  The cashier was confused when I handed him cash.  Apparently they don't see much of that (his words). Shake Shack is expensive in general so while it is marked up a bit for being in the stadium, I didn't feel ripped off when comparing this location to Madison Square Park.  I don't know why someone would get a hotdog from here but they also seemed popular. If you have never had Shake Shack and this is your one opportunity, just do it.  Then you can say you have had it.  But if you live near another location in the city, then don't waste the time it takes to stand on the line and just get food elsewhere.",4,"Oct 14, 2011",https://www.yelp.com/biz/shake-shack-new-york-7
yelp,"Maybe it's the location but this was the worst Shake Shack burger I've had. Not that I am a huge fan of their burgers to begin with but quite honestly, a Big Mac would have probably tasted better than the one I had last night at the stadium. It was lacking the 'burger grill' flavor and the patty was thin. Cheese fries were an even more of disappointment. Soggy to the core.  What I don't understand is how is it possible that the line is still the longest of all concession stands.",2,"Aug 21, 2012",https://www.yelp.com/biz/shake-shack-new-york-7
yelp,I did wait on that line again since I was with someone who had never been there. It was my 3rd time and the special order was a LOT faster this time. My companion enjoyed the fries a LOT..said they were probably better than Nathans fries which is huge. Anyway..next season I'll go back again. :),4,"Sep 23, 2009",https://www.yelp.com/biz/shake-shack-new-york-7
yelp,Decided to jump on the long line at Citi Field yesterday. I thought the line would move slowly but it went at a brisk pace. Anyway.. I had a special order (no cheese/sauce) so I had to wait a little longer but it was worth the wait. The burger was great! The fries were average. Along with the drink it was $14 which isn't bad considering Ball Park food prices. I'd wait on that line again. :),4,"Sep 23, 2009",https://www.yelp.com/biz/shake-shack-new-york-7
yelp,This is a limited menu of the original Shake Shack but delicious! I would suggest going early and getting your meals right away. The lines are long during game play and the eating area is limited. The Shack-Cago Dog blows the Nathan's Dog out of the ballpark.  Shake Shack is a homerun!,4,"Apr 6, 2009",https://www.yelp.com/biz/shake-shack-new-york-7
yelp,"I love Shroom Burger and French fries here. The burger was cooked perfectly, it melted into my mouth, the fries were crunchy and not too salty. However, you have to be a bit patient, because the lines are always long.",4,"Aug 4, 2013",https://www.yelp.com/biz/shake-shack-new-york-7
yelp,Hey Jake..  thanks for replying to my shake shack horrendous post. Is there a way I can give you my email etc privately? Thanks,1,"Jun 8, 2019",https://www.yelp.com/biz/shake-shack-new-york-7
yelp,"Hi Rod, Thanks so much for your feedback. I'm so sorry about your experience at Shake Shack. It sounds like we really dropped the ball this time, as you certainly shouldn't have to wait that long to order your food. We can do better than what you experienced, so we'd love to invite you back to the Shack if you're willing. What's your email address, so we can grab your details? Thank you again, Jake",1,"Jun 8, 2019",https://www.yelp.com/biz/shake-shack-new-york-7
yelp,"Service is HORRENDOUS!  Whoever is in charge of staffing should be fired. I know it's huge customer base at a ballgame but with proper staffing shouldn't be more than 45 mins EVER.  90 MINUTES and missed 4 innings of game. 1 cashier, waaay too few staff to handle customers.",1,"Jun 8, 2019",https://www.yelp.com/biz/shake-shack-new-york-7
yelp,"I'm not sure what's worse. The fact that a simple burger, fries and a large soda cost $17 (THAT'S SEVENTEEN DOLLARS. SEVEN-TEEN. ONE-SEVEN. TWENTY MINUS THREE. TEN PLUS SEVEN. 17.), or the fact that I not only willingly and knowingly paid it, but did so at a game where the Mets lost to the Diamondbacks 14-1!!! Wow. I mean wow. I really thought that the Shake Shacks in the city were expensive at $11-12 for the same order. It shocks and disturbs me that they get away with this. Now, I know that people have somewhat of a choice (aka don't buy it...), but STILL!!! If it weren't were the fact that I had free tickets to that lousy game, I most certainly would have kept walking past this place. Being Shake Shack, the food was definitely tasty, though nowhere damn near it's price tag. Amusement parks and sports arenas are known for their outrageously priced concessions. I get this. However, the home team should at least be WORTH it if their stadium's pricing is going to steal my wallet's innocence... With a 14-1 loss, I went home broke and disappointed. Ugh. Next time I'm at a Mets' game, I will be sure to eat beforehand. No way will I ever pay that much for fast food again!",1,"Aug 1, 2010",https://www.yelp.com/biz/shake-shack-new-york-7
yelp,"I dont know what they do to cook that burger to be so juicy and delicious, but it's better than the other Shake Shacks I've had in the city. The first location in Queens and the second it's in Terminal 4 at JFK Airport.  Many compare the Shack burger to In-N-Out burger and I have to say that Shake Shack is wayyyy better than In-N-Out. It was worth the wait, only waited the first inning, good thing for the large screen to catch the first pitch and the game.",5,"May 19, 2015",https://www.yelp.com/biz/shake-shack-new-york-7
yelp,"Saw the Mets play against the Angels (A loss, unfortunately) and braved the long lines for some Shake Shack. I normally don't have the patience to wait for it and just get a hotdog instead, but the game was basically over in the first inning anyway. Let me tell you, Shake Shack is worth the wait. The shakes are addictive and delicious. We got a 'Shroom burger and a SmokeShack burger. Something about the shack sauce really makes these burgers perfect. The SmokeShack comes with a substantial amount of bacon and a nice handful of cherry peppers that add the right amount of kick.",5,"May 24, 2017",https://www.yelp.com/biz/shake-shack-new-york-7
yelp,"The line here at Citi Field's Shake Shack  is ridiculous. I think it took us 3 full innings to finally get to the front of the line to take our order. The food is good, but it is overpriced compared to the ones in Manhattan. Ordered the Single Shake, Cheese Fries and the Black/White frozen custard. The burger was smaller than expected, but the meat patty was delicious. It was a tad over seasoned, but still yummy. The cheese fries were drizzled with a liquidfied cheese and the frozen custard was drinkable with a single straw - meaning its not very thick (which is a good thing). I like Shake Shack since its comparable to In-n-Out on the west coast. If it came to the west coast, I would be torn and wouldnt know which one would be better, so its best that these two are on the opposite sides of the country. My advice, if you are touring NYC, dont get Shake Shack at here, go to the other locations in Manhattan. on a side note, I came on 6.8.10 - Mets v Padres and I have to say (for this game - GO METS). It was 1-0. Mets =)",3,"Jul 5, 2010",https://www.yelp.com/biz/shake-shack-new-york-7
yelp,"The line is out of control... that said, I stand on it every time I come to Citi Field. The burgers are very tasty, but I have been told not as good as the location in Manhattan. The real reason I wait on line is the Milkshake. Even if I eat somewhere else in the park, I find myself on line that huge snaking line just for a thick, rich shake. What makes them stand out is the custard base, delicious. A great way to wash down the bad taste the Mets leave in your mouth.",4,"Feb 25, 2011",https://www.yelp.com/biz/shake-shack-new-york-7
yelp,"Shack-ago dog, fries and shake hit the spot. Was it better than a Chicago dog...no, but I was in NY and it wasn't bad. Fries and shake were filling. Price, steep for the three at $18, but eh, its NY. Line was 25 minutes. Last game of the season and it was fun to be there and try this place I heard about.",3,"Oct 6, 2010",https://www.yelp.com/biz/shake-shack-new-york-7
yelp,"I finally braved the line at Shake Shack at Citi Field, having avoided it every other time I've been there. I figured Shake Shack was the best bet, since I had to eat anyway, and I had money to burn. There are TWO lines to stand on, both going to different sides of the Shack -- right and left. Choose wisely! The line I went on moved rather quickly, all things considered. I definitely had my food within a half hour, and was able to watch the game on the screen behind me. I got on line before the game began, and had my food by the second inning or so. I ordered my usual -- the Shack burger -- but went a little different fries-wise and got the Frisky Fries, which I don't think I've seen at any other location. These fries are cheese fries with a spicy tomato sauce AKA a big ol' mess in a cardboard box. The fries proved to be way too sloppy and icky, and not all that flavorful, so I would certainly NOT get those again. However, the burger tasted about the same as other shack burgers I've gotten in NYC, so that was a plus. I also got the Goose Island Honkers Ale, which was their ""premium"" beer on tap. I do believe you get slightly more beer here for the buck, but it could just be an illusion. I returned to the Shack after the 8th inning to brave the line once again, this time for a shake (I had digested the burger, fries, and beer since the 3rd inning or so). I ordered the black and white shake, and I assume that they must shut down the shake machines at a certain time, because in less than a minute, the guy put the shake in front of me, all smiles. Clearly, it was a pre-made shake. Wasn't too happy about that, because it still cost me $6.25, and it had probably melted a bit at that point. The worst part is, it tasted like a straight-up chocolate shake. It was really thick, and was no where near the black and white shake I had gotten at the Times Square location. Hey, bozo, I asked for a black and white! The least they can do is clearly state that by a certain time, the shakes are pre-made and served that way, in order to allow the machines to be cleaned and shut down by the game's end. Shake Shack is a solid choice at Citi Field, but only if you have the patience, time, and moolah to acquire a meal here. Otherwise, there are numerous eateries surrounding you that all want your dollar.",3,"Aug 23, 2012",https://www.yelp.com/biz/shake-shack-new-york-7
yelp,A good ball game burger. I highly recommend arriving early because the line for Shake Shack during the game is very long.,3,"Jul 22, 2013",https://www.yelp.com/biz/shake-shack-new-york-7
yelp,"I have waited on the line in Madison Square Park for a delicious order of shake shack, but sitting on a comparable line for something that just says shake shack was less than worth it. It may have the name but it does not have the product as I was deeply disappointed in this facade. The burgers were way over cooked and tasted like fast food with the amount of salt and pepper drenched on my burger. My black and white shake tasted like it had been pre made and been sitting in a container for about a month. I need to go back to the city to remember what a real shake shack burger and shake tastes like.",2,"Jul 6, 2011",https://www.yelp.com/biz/shake-shack-new-york-7
yelp,"Came to see the Mets do their thing with a group of work friends and we all voted on getting Shake Shack. The line wasn't too bad--I'd say we waited about 10 to 12 minutes to order, and then our food came out pretty fast. To those complaining about the line: I'm sure you've waited longer for Shake Shack in Madison Sq Park, because I know I have. My burger tasted just like any other Shake Shack burger, but I think these are pre-made and left out to sit. Also the prices were higher than normal, but you always end up paying more at a stadium. Pro-tip: get two beers when you order so you don't have to head back down during the game, at least that's what I did!",3,"Jul 31, 2013",https://www.yelp.com/biz/shake-shack-new-york-7
yelp,"The shake shack lines at citi field... Always long The food... Always amazing I often hear people ask ""is it worth waiting on this line"" and my response is an automatic and emphatic ""yes!"" Citi Field has better food options than most ballparks and sure you can skip the line and get stuff elsewhere, but this is an absolute must if you're headed to the ballpark (especially those doing ballpark tours, etc.) Leave yourself extra time as you may miss the first pitch if you head in too close to game time. Grab a double burger with fries, find your seats and make sure to shout LET'S GO METS between bites of the deliciousness that is Shake Shack",4,"Oct 19, 2015",https://www.yelp.com/biz/shake-shack-new-york-7
yelp,Burgers are just as good as a regular location. Line is always long but does seem to move. I don't feel like standing in line for 30+ mins. Baseball & burgers how can you go wrong!!,4,"Aug 18, 2016",https://www.yelp.com/biz/shake-shack-new-york-7
yelp,"So was it worth the 20 min wait in line?  Only if the Mets are losing 14 to 1 in the 8th inning and you have nothing better to do, as in my situation. The Shack burger was okay, not the best I've had but being from Texas, I am quite picky with my beef.  The bread is amazing!  The texture pairs well with the well seasoned lean beef.  The patty is thin enough to absorb the seasonings and the edges are crispy for the added crunch on the first  bite. We got 2 shakes, the black and white shake (basically chocolate) and Vanilla shake.  These are very custardy and sweet, not the best shakes to go with burgers but amazing by themselves or with frites. The price is outrageous, as stated by some of the other reviewers, but with a 20 min line, who's gonna change their mind? Overall, not bad, but don't know what the rave is all about.",3,"Aug 12, 2010",https://www.yelp.com/biz/shake-shack-new-york-7
yelp,"Really?  This is what all the fuss is about.  Maybe this one isn't that good cause it's at Shea, I mean citi field, but really. Burgers are ok, probably better than the other food stands for sure. The hot dog thing was okay (chicago style dog) The shakes were good. The fries though were GREAT! Everything is totally over prices of course.",2,"Sep 14, 2010",https://www.yelp.com/biz/shake-shack-new-york-7
yelp,"Everyone loves Shake Shack, who doesn't? You will have to wait for at least 20-30 minutes once the game starts, so my recommendation will be get in line before 6 or 6:30 to avoid the crazy line!",5,"Jan 8, 2013",https://www.yelp.com/biz/shake-shack-new-york-7
yelp,"For a fast food burger - the gold standard.  Incredibly juicy and flavorful, very fresh, wonderful brioche bun.  Expensive, yes, but everything is at CitiField.  Their vanilla shake is to die for, as is the frozen custard (SOOO much better than Carvels').  Fries are ok - but I actually prefer Nathan's.  Lines are ridiculous - as others have said, get there way early before the game, or accept it that you'll miss a couple innings (watch them on the projection screen behind the scoreboard while you're waiting). Skip the Shackago Dog - this is NYC, we don't need all that crap on a frank, certainly not celery salt (what the...!!!).  Go directly to the burger and a shake, and you'll be a very, very happy camper! Now, they really REALLY need to open a second location at the ballpark, as they wisely did with Blue Smoke - what on earth is wrong with the facility and restaurant management, can't they SEE that?  Lines are insane, which is the only reason we don't eat here more often when we come to Mets games.  A second location at the Promenade food court, please, guys, come ON!!!",5,"Aug 31, 2010",https://www.yelp.com/biz/shake-shack-new-york-7
yelp,"Shake Shake rules in the burger and dog category.  The Chicago dog was sooo tasty! Never had one before, can't wait to have another, so tasty, crunchy and spicy in all the right ways, love it!  The fries with cheese and spiced onions were magical , couldn't figure out why they serve these with one of those little pitchforks, they should have given me a little shovel because that's what I wanted to do with those fries...shovel them in!!!!!",4,"Sep 11, 2012",https://www.yelp.com/biz/shake-shack-new-york-7
yelp,"Scored the chocolate cookies n cream special shake here, which was a surprise because they reportedly accept no vouchers, no GCs, and participate in no promos.",4,"Aug 22, 2016",https://www.yelp.com/biz/shake-shack-new-york-7
yelp,"did you know if youre in the lower seats, the waiters will get you a shack burger for only 6 bucks!! THE BURGERS ARE ACTUALLY  cheaper in the lower sections 100-200",3,"May 31, 2011",https://www.yelp.com/biz/shake-shack-new-york-7
yelp,"this place sucks, the line takes forever and took 3 innings of waiting and when you finally get on line it takes like 2 seconds to get the food.  the prices are ripoff for such a small ass burger.  the burger is the size of mcdonalds cheeseburgers, but they are really really good. the shakes are okay, nothing spectacular. the fries are actually really good, my favoritepart. and dont get the shack dog or shacago dog, whatever hot dog thats called cuz they put so much crap on it that it all falls off when you bite it. if you are getting it in the city i would recommend it, but not at citifield, get food at the regular stands and enjoy the game. :)",3,"May 31, 2011",https://www.yelp.com/biz/shake-shack-new-york-7
yelp,"My boyfriend and I thought we would stick it out on the horrendous line but it actually moved pretty fast.  The burgers were great, and the black & white shake was delicious. I would recommend getting there really early, before the game even starts.",4,"Aug 7, 2011",https://www.yelp.com/biz/shake-shack-new-york-7
yelp,"Damn fine little burger.  Apparently, from a local, I just had to have one of these because they're the bom-dot-com-bomb-diggity.  Super small, and a little greasy quite frankly.  But the special ""shake"" sauce and potato bun make it worthwhile.  I didn't think my black and white/can't we all just get along/unity milkshake was all that. This park has nothing on my San Francisco Giants AT&T Park food fare, though.  Not even close, nosirreebob.  That said, walking away for only $12.50 at Citi Field puts Willie's field to shame.",3,"Jul 7, 2012",https://www.yelp.com/biz/shake-shack-new-york-7
yelp,"I love Shake Shack because they have the best burger and fries I have ever eaten in my life. All the burgers and fries are made fresh and are not processed. Their handspun milkshakes are also the best. This really adds to the CitiField experience of watching a Mets game. The major drawback is waiting at least an hour, about 1 or 2 innings to finally get your food. Hopefully, they can implement a system to make the lines go quicker. I also wish they had more locations in Queens.",4,"Mar 20, 2015",https://www.yelp.com/biz/shake-shack-new-york-7
yelp,"I like to have a burger from Shake Shack every once in a while, and if the Mets happen to be playing a home game when I get a craving, then I'll head here to Citi Field and try to get some cheap promenade tickets last minute so I can enter the stadium to get in line for some Shake Shack!! Sometimes this is more convenient than going to Manhattan or Long Island for another Shake Shack location, or cheaper than going to the other Queens Shake Shack (since that one is in JFK and you'd have to buy a plane ticket). They've got TVs everywhere so you can watch the Mets play an inning or two (or three) while you wait in line to order your burger. It's a bit pricier here, and occasionally the burger patty has been greasier than normal, but the staff is trying to get you your burger fast so you can go watch the baseball game you paid to see, right?",4,"May 31, 2015",https://www.yelp.com/biz/shake-shack-new-york-7
yelp,"Worth the wait, especially if you have an iPhone handy to distract you.  They have a big TV screen in the area and a live audio feed of the game, which should be enough for all but the most die hard fans as long as it's not a big spot. There are two lines--it seemed like maybe the rightmost one was a little shorter and maybe even moved a little faster when I was there. The food is the same quality as the Madison Square Park Shake Shack, though the presentation is a lot more rushed and there's a decent chance it sat under a heat lamp for a minute or two.  The cheeseburgers are amazing, and for me the real draw.  The fries are run-of-the-mill.  The black and white milkshake I had was good, but between that and two cheeseburgers it was all so filling I couldn't finish. The Mets version also sells Pepsi fountain sodas.",4,"Jul 16, 2009",https://www.yelp.com/biz/shake-shack-new-york-7
yelp,"Was in town recently, and I decided to go to a Mets game with some friends. We waited over 45 minutes in line for Shake Shack, after hearing that this was the In N Out of the East Coast. The line moved briskly, and sure enough I finally got my double shack with fries and a chocolate shake. The fries were very salty and served Nathan's style, but nonetheless tasty. They were good, but I would not order them again. As for the main event, the burger, it was dry, overcooked, and the cheese did not blend well with the meat at all. I've had better at my local Burger King. It was bland, at best, as the meat was so dry and overcooked. It just tasted like it was missing something. And finally, the shake, very rich and distinct flavor. It wasn't bad, but it was not great either. It was way too sweet and rich (chocolate) to be considered great. I'd get the Chocolate-Vanilla mix if I returned here again, probably not as strong in flavor. Overall, it was not at all worth the 45 minute wait. Lots of hype, to no avail. Dry, overcooked burgers, salty fries, and very rich shakes. You'll find me at Blue Smoke next time. -Joe",2,"Aug 1, 2009",https://www.yelp.com/biz/shake-shack-new-york-7
yelp,"This was such an authentic-feeling experience. The food was completely new to me (I hadn't had much exposure to Jewish food prior to this) and it was really cool to try something different and rooted in tradition. The decor is so fascinating and perfectly on theme, which adds a lot to the experience. Service was good. Overall it just felt like such a special, classic NYC spot. I'm really glad I came here; it was very cool experience all around!",5,"Feb 8, 2026",https://www.yelp.com/biz/russ-and-daughters-cafe-new-york
yelp,"Did you know that Russ and Daughters was the FIRST business to add ""& Daughters"" to their name, and at the time it was considered to be highlu controversial? Lox: 10/5 Bialy/onion/tomato/cream cheese: 3/5- not enough schmear, tomato looked beautiful but was mealy, my server refused my request for the bialy to be cut in half (having dental work) Service: 1/5: server was honestly, awful. Extremely preoccupied chatting with his coworker. I requested scallion creamcheese and for my bilay to be cut vertically due to some dental work. He said ""not possible"" on the cutting but confirmed the scallion cream cheese. I was brought regular cc. After reviewing the menu, not even sure the R+D cafe has more than one cream cheese flavor but surely he could have informed me of that when I ordered? I did try to flag him down, verballu and eventually w a raised hand, he was again, too preoccupied chatting a few feet away to look in my direction. He finally came over when I had ONE BITE left, attempting to pour coffee into my non existent coffee mug and asked ""food taste good?"" After said last bite was already in my mouth. I am hopeful it was just poor service/ they dont have their ""A team"" on a slow week day. Regardless, the host was professional and greeted me warmly, the food was decent, I would come again if I was in the area. Otherwise I would suggest the other Russ and Daughter's locations. Barney Greengrass (if you know, you know), still takes the cake for me. Ambiance + decor : 5/5- beautiful, accesible, comfortable restaurant, clean and good lighting, can sit and stay a while Entrance and restaraunt are accesible for individuals with mobility barriers",4,"Mar 3, 2026",https://www.yelp.com/biz/russ-and-daughters-cafe-new-york
yelp,"Had an amazing time at the restaurant despite the 20 minute wait! Our waiter was so nice and helpful, and even slipped us a few extra bagels, yum! My friend and I were extremely hungry, so we decided to go for the 4 person platter between the two of us, and it was a great decision! The various smoked salmon was so delicious and went down smooth with the variety of cream cheeses and bagels. The place gets very busy around brunch hours on weekends, but you can pit your name down and go grab a coffee!",5,"Jan 5, 2026",https://www.yelp.com/biz/russ-and-daughters-cafe-new-york
yelp,Very solid brunch place- we all got the lox bagel plate with greens and a pickle. The vibe is amazing and so is the service. They have amazing quality fish and amazing bagels.,5,"Apr 14, 2026",https://www.yelp.com/biz/russ-and-daughters-cafe-new-york
yelp,"An iconic deli counter and restaurant, this was worth seeking out in NY. It gets busy and they don't do reservations but it moved fast. We got a seat at the counter and service was excellent. The food was outstanding - we tried the smoked salmon, chopped liver, and knishes. Everything was that throwback old school vibe and I loved it. Will return when I'm back in NYC!",5,"Apr 11, 2026",https://www.yelp.com/biz/russ-and-daughters-cafe-new-york
yelp,"Over the river from Jersey City and through the concrete jungle of New York, I walked 3 miles to get to Russ & Daughters. I know what you're asking yourself, and yes, it was worth it. We were fully expecting a wait upon arrival because it was prime time for brunch at 12 sharp. I gotta say I was impressed they were able to accommodate us at all (especially in NYC) because we were rolling 8 deep. After about an hour we were seated. We passed the time at a conveniently located bar next door called Lucky Jack's. Once we were seated we were ready to nosh hard. Our table was right across from where all the meats are prepared and cut, so it was fun to watch as we waited. We ordered two plates of potato latkes and pickles from the barrel from the appropriately titled Noshes section of the menu. The latkes were beautifully golden brown and crisped to perfection. The pickles added a nice acidity to cut the grease from the latkes. I also enjoyed a dill bloody mary, which was much better than the bloody mary I had next door. For my entree I ordered the Bagel and Lox as my best friend who's Jewish has taught me this is the elite combination. I chose the Pastrami-Cured Salmon for my lox option. They lay all the components out on a board, so you can dictate the amount of toppings on your bagel which I enjoyed. The cream cheese was plentiful and tomatoes, red onion, and dill were all very fresh. It all came together and sang on a bagel with a beautifully soft crumb. My cousin also taught me about egg creams during this visit. Based on the name, it isn't something that sounds very appealing to me but boy was I wrong. Come to find out it contains neither eggs nor cream. It's basically like a healthier milkshake, and I am a newfound fan! Thank you, Russ and Daughter for the classic Jewish comfort food experience!",5,"Dec 6, 2025",https://www.yelp.com/biz/russ-and-daughters-cafe-new-york
yelp,"If you like pickled or smoked fish, you'll be in heaven here. In fact, everything on the menu is wonderful. But it's really popular these days, so you'll probably have to wait for a bit before you can get in. Even still, once you're inside, everyone is so friendly. I've done the pickled herring selection before and the salmon board. One of the things that I love about this place is the quality of the bagels and bialys that they give you. Definitely come with a few friends, so you can share the big platters.",5,"Dec 6, 2025",https://www.yelp.com/biz/russ-and-daughters-cafe-new-york
yelp,"I've heard of Russ & Daughters for a while, but never had the chance to make it out. When I finally got the opportunity, I was all in. This is located in LES, and they don't take reservations. However, I arrived around 1:30pm and there was no wait at all! As a party of two, we were prompty seated. I wanted a try a little bit of everything so I decided to go with the Lower Sunny Side, which included eggs, lox and latkes. While the meal was solid, for the price, I can't say I was blown away. There was nothing wrong per say, it just wasn't memorable to me. However, I do know they are famous for their bagels, and this is someting I didn't have a chance to try, so I would like to give it another shot!",4,"Oct 30, 2025",https://www.yelp.com/biz/russ-and-daughters-cafe-new-york
yelp,"A NYC staple, I was looking forward to eating at this restaurant. The service was fine friendly enough, probably something to get accustomed to in NYC. The food was a little pricey but fresh. I like the liver and the smoked fish. The Latkes and the bagels were ok and maybe just an off day for them. Overall, I'd go just to say I've tried it and I'd recommend the place to tourists as well.",3,"Oct 5, 2025",https://www.yelp.com/biz/russ-and-daughters-cafe-new-york
yelp,"I was intending to go to Russ and Daughter's shop, but ended up at their cafe instead.  Which was fine.  They don't offer bagels or bialys to go -- this is a strictly sit-down diner.  They said the wait would be 40min and then seated me 3 min later lol. The decor is retro and kitschy in a good way.  I sat at the bar and the staff were joyful and welcoming.  Reverence and appreciation for the New York Jewish deli heritage pervaded.  That was nice to see, as many of the old deli institutions are now gone. My entire purpose in visiting was to have a Russ and Daughters bialy, as they are one of the few bakeries that still makes a good bialy.  Interestingly, it was only just ok in the cafe, toasted with butter.  It is much better when I make it at home, as the bialy taste comes alive with darker toasting.  Recommend to toast it more for better flavor. I had the bialy with smoked fish chowder, which was excellent but super rich, and a hot coffee.",4,"Oct 31, 2025",https://www.yelp.com/biz/russ-and-daughters-cafe-new-york
yelp,Russ and daughters are the gold standard for bagels and lox. I have had it shipped across country and loved it. Having it in the city was a wonderful treat The staff was helpful and there really isn't anything like a perfect bagel and lox to start the day!,5,"Sep 21, 2025",https://www.yelp.com/biz/russ-and-daughters-cafe-new-york
yelp,"When you walk into this place, you feel the history they are trying to capture. It has a diner feel with quality, service, and ambiance of finer dining. Ultimate Jewish deli comfort food served with high quality picked and smoked seafood ingredients. Nice because the OG Russ and daughters is take out only. Sometimes you just want to bagel and chill and not be stuck in your apartment. The latkes are life changing. The bagel and shmear tastes exactly like so many bagel shops in NYC try to capture and emulate, with little success. It's always a long wait but if they say 45 minutes, it'll probably be closer to a 20-30 min wait unless you have a huge party of more than 4.",5,"Dec 3, 2025",https://www.yelp.com/biz/russ-and-daughters-cafe-new-york
yelp,the food is excellent. I ordered the bialy sandwich with pastrami-smoked salmon. they come deconstructed. the fresh dill really kicked this up a notch. I also had the latkes which were delicious. the service was very quick and friendly. knocking off a star because the bar seating is VERY tight. as a plus size gal I wasn't comfy at all and just barely fit. I figured a reservation wouldn't be that important for one person at 11am on a Monday but boy was I wrong. there were many people waiting for their tables and I had to wait a few mins for a bar seat. even when I left around 11:45 this was still the case. I'd recommend a reservation if you can.,4,"Nov 10, 2025",https://www.yelp.com/biz/russ-and-daughters-cafe-new-york
yelp,Best bagel and lox I've had! We went at around 3pm on a Monday and got super fast and great service. Both our sandwiches were delicious!,5,"Feb 17, 2026",https://www.yelp.com/biz/russ-and-daughters-cafe-new-york
yelp,Don't know WTF the hype is all about! Absolutely nothing special! Prices require a second mortgage!,2,"Apr 10, 2026",https://www.yelp.com/biz/russ-and-daughters-cafe-new-york
yelp,"I've been wanting to try Russ & Daughters Cafe for a while now so when my friend suggested it, I was really pumped. We ordered the smoked white fish with toasted bialy and smoked salmon with pumpernickel bread.  My friend enjoyed the white fish very much and I enjoyed my smoked salmon immensely. Service was terrific, extraordinarily on point and kind without being intrusive and the place was immaculate. If I had one wish it would be that the portions were a bit bigger as I found myself getting hungry very shortly after we ate.  All in all, it was a wonderful dining experience.",4,"Aug 31, 2025",https://www.yelp.com/biz/russ-and-daughters-cafe-new-york
yelp,"Came here for brunch. Seated within 10 minutes. Service was professional and pleasant. We ordered 1) fresh squeezed orange juice ($7) 2)Deviled Eggs with smoked trout 3) Lower Sunnyside-smoked salmon, sunny side up eggs, and potato latkes 4) Babka French Toast(chocolate and sour cream) Fresh squeeze Orange juice was so refreshing in the morning. Deviled eggs with smoked trout may be my favorite deviled eggs that I have ever tried. Highly recommend! Might try to make it at home. Ordered lower sunnyside to get a sampler of everything popular here. Smoked salmon was solid, potato latkes were good, basically fat hashbrowns. Babke french toast(chocolate and sour cream) tasted sweet and tangy. Solid. Overall, I think I could see this place as our go-to restaurant. Very solid food here and would definitely come back as a regular.",5,"May 21, 2025",https://www.yelp.com/biz/russ-and-daughters-cafe-new-york
yelp,Bagel & Lox ($24) - I found my new favorite bagel. Their pastrami-cured salmon was the best smoked salmon I've ever had because of its freshness and flavor. Their everything bagel was perfectly seasoned as it wasn't too overpowering. Even the cream cheese and tomato were high quality. It's worth trying!,5,"Nov 11, 2025",https://www.yelp.com/biz/russ-and-daughters-cafe-new-york
yelp,"Came in for breakfast, super packed ! Wait was about a hour , welllll worth it !!! Has like an old school diner feel at first , bar seating and small tables on the side .Pretty good variety of options to choose from, but looks like most based around fresh salmon and caviar that they have displayed in a case . We order the lox plate , and a omelette, I think had mushrooms and spinach and some really good feta !!! Definitely a must try spot !!",5,"Oct 21, 2025",https://www.yelp.com/biz/russ-and-daughters-cafe-new-york
yelp,Simply amazing the atmosphere the food quality and service. I got an chocolate egg cream. The chopped liver sub glutenfree everything bagel and lox GF everything bagel chive cream cheese and acutremonts. Its Simply thr best GF bagel I've ever had i asked the waitstaff mutiiple times to verify. This is a must when in NYC  an institution that  my family alwase told me about.,5,"Oct 18, 2025",https://www.yelp.com/biz/russ-and-daughters-cafe-new-york
yelp,"A NY Staple that you should experience. At least that is what they say.  If I was rating just the bagel, it would be maybe 2-3 stars. However, I am rating the experience.  From the decor when you walk into the service attire, I felt special being there.  The coffee was hot and good.  We opted for a platter with smoked whitefish and smoked nova.  It came with the tomato and capers and onions.  Presentation was a 10 star for me.  It looked delightful.  The bagels just fell a little flat to me. Nothing stood out.  The ET seasoning was scattered and not consuming the outside of the bagel. I also felt a little rushed, but I do understand that they have a lot of people wanting to experience this like I did. Do I need to go back-no. Am I glad that I went-absolutley!",4,"Oct 16, 2025",https://www.yelp.com/biz/russ-and-daughters-cafe-new-york
yelp,"I love it here! I was told it would be a 30 minute wait and it ended up being a 6 minute wait so don't venture too far and don't hesitate to put your name on the list then bop around the neighborhood. From the hotel I was staying in, I walked past the R&D deli location en route to the cafe. The deli is your best bet for grab and go and a solid option for bagel sams eaten on the sidewalk. Besties, if you're looking for a more robust sit-down experience, ya gotta come here instead. I love the special touches and the iconic New York experience-ness of it all. The drawings on the walls, the menu setup, all of it! None of that compares to the thinly slices, perfectly smoked lox. I also enjoyed the matzoh ball soup, chowder (sooo good), and a mimosa. This spot has booze! The classic board is a MUST and something I would order again and again. Skip the cold and somewhat dense deviled eggs, otherwise have fun! Our server was fabulous and food comes out at a quick clip. If you're lucky, you'll get seated next to the magic (kitchen) and watch it all happen.",5,"Dec 10, 2024",https://www.yelp.com/biz/russ-and-daughters-cafe-new-york
yelp,"Cruised down to the LES to get some Jewish deliciousness and R&D did not fail. It is super clean, no mental visual of large rats running around the kitchen (IYKYK) and the food did not disappoint. I would order a little differently--would not have the horseradish cream cheese on the lox bagel--it added nothing, the soup was perfection, and I think next time I'll get the creme fraiche caviar topping on the latkes. Services was spectacular, but I have to admit that the server calling us ""my friend"" 50 times grew tiresome. But oy! There's no complaints here. As MOT's we left happy. And that, my friends, is no small feat.",5,"Jan 15, 2026",https://www.yelp.com/biz/russ-and-daughters-cafe-new-york
yelp,Friendly server. Classic bagel really hit the spot. Traditional diner look with things done simply but well.,5,"Jul 27, 2025",https://www.yelp.com/biz/russ-and-daughters-cafe-new-york
yelp,"The highly raved place for brunch, so I finally decided to go with couple friends. We ordered a variety of dishes to share. An unanimous favorite was the smoked herring appetizer, it wasn't overly salty or slimy. The smoke salmon was delicious, but it' wasn't a particularly exceptional smoke salmon that we haven't had anywhere else. Felt it was a bit overpriced for smoke salmon with cream cheese.",4,"Jul 24, 2025",https://www.yelp.com/biz/russ-and-daughters-cafe-new-york
yelp,Overall (A+) This place is really good and provide excellent service. Food (A+) Got the bagel and lox's and bagel and cream cheese. Both were excellent. The food quality is excellent. Value (A-) You pay a slight premium for the brand but it is not too bad Service (A+) Excellent caring customer service. Can't beat it. Try it out if you are in the neighborhood try it out.i will get from here everytime I am in town,5,"Jul 23, 2025",https://www.yelp.com/biz/russ-and-daughters-cafe-new-york
yelp,"Amazing breakfast spot - stopped here before our tour at the Tenement Museum. Delicious, and super fresh foods - would definitely recommend everything that we got: the cinnamon babka French toast, the  farm egg omelet, the potato latkes, the bagel & bread basket, and the coffee!! Service was as great as the food - but you might have a wait during peak times and this is a hot spot in the neighborhood.",5,"Mar 15, 2026",https://www.yelp.com/biz/russ-and-daughters-cafe-new-york
yelp,"I know there's a ton of hype around this place, and everyone has an argument for the best bagel in NY, and the truth is NYC is full of amazing bagels. But I'm glad I trekked to Russ & Daughters because the hype was real. The Tuna Salad here is to die for. TO DIE FOR. I've always liked tuna salad, but I've never had one that I would trek for, travel for, take 5 different trains for. I would for this. This tuna, plus their signature scallion cream cheese equals heaven. In my saddest moments, I think about this bagel to lift my spirits.",5,"Jul 7, 2025",https://www.yelp.com/biz/russ-and-daughters-cafe-new-york
yelp,"My husband was raving about this place having the best Bloody Marys he's ever had in the whole country! So of course we had to try this during our visit to new york. It didn't make reservations so it was about 30 minute wait before we were able to be seated, considering it was a Saturday morning I think I was pretty reasonable. We ordered a number of dishes to Sharon including the double eggs, soft scramble caviar and matzo ball soup. Each order the classic bagel and lots which was amazing.. we also got the ride putting for dessert. The Bloody Marys blew my mind, they were even better than my husband described! This place was amazing and exceeded my expectations. Highly recommend!",5,"Jul 3, 2025",https://www.yelp.com/biz/russ-and-daughters-cafe-new-york
yelp,"This was one of my favorite brunch spots in New York. You can't skip out on the latkes and finishing with a sweet French toast was the perfect combination. The applesauce and sour cream really put it together. Their Scottish smoked locks was really good, but have to come back and try the pastrami smoked lox. The blueberry soda was refreshing! The service was really good, our waiter gave us some notes and recommendations of other places. Their boo seating is large and comfortable.",5,"Jul 2, 2025",https://www.yelp.com/biz/russ-and-daughters-cafe-new-york
yelp,"This has been one of my favorite restaurants on earth and it's my first stop in NYC. That said, removing my beloved belly lox from the menu is a sin and crime against appetizing. Omg! Omg! Omg! Omg! Omg! Omg!",5,"Jul 6, 2025",https://www.yelp.com/biz/russ-and-daughters-cafe-new-york
yelp,"Russ and Daughters feels a bit like a time capsule when you walk in. The staff is friendly and efficient. Everything we ordered was delicious. The smoked salmon is top notch. If I were to go back I would order The Classic again. It was the perfect balance of smokey, fresh, and briney. So yummy! The orange juice is fresh squeezed and the coffee was good.",5,"Dec 16, 2024",https://www.yelp.com/biz/russ-and-daughters-cafe-new-york
yelp,"PLEASE don't get discouraged by the wait time.  Waited an hour,  but took this opportunity to walk around and explore! Food was absolutely perfect.  We ordered a little bit of everything.  Appetizer,  bagel board, mushroom omelet,  and French toast- cinnamon with two cocktails- Miriam s cup and break-fast martini.  FABULOUS! SERVICE WAS GREAT AND QUICK! Ambiance- great music,  great food,  ambiance was just right. Definitely will be returning next year!",5,"Nov 23, 2024",https://www.yelp.com/biz/russ-and-daughters-cafe-new-york
yelp,"I've never been a fan of bagels, but I changed my mind after eating here. My friend recommended Russ & Daughters for their lox and bagels, and I was pleasantly surprised by how high quality they were! The fluffy cream cheese was rich yet light, and paired well with the various toppings that came with it. I also ordered the potato latkes, bursting with flavor and texture! Our waiter was very personable and attentive, checking if we needed water refills frequently. The cafe itself is cozy yet elegantly decorated- I enjoyed peering through the glass to explore the various bagels and fillings they offered!",5,"May 22, 2025",https://www.yelp.com/biz/russ-and-daughters-cafe-new-york
yelp,We had such a great time. TJ was our server and he was PHENOMENAL. He had the best vibe and all of his recommendations hit the spot! So happy we went there:))),5,"Mar 3, 2026",https://www.yelp.com/biz/russ-and-daughters-cafe-new-york
yelp,"This place is amazing, I've been to their store on Houston but first time in the cafe. Exceptional food and impeccable service. The best part was when one of the owner ( also one of the daughters as in Russ & Daughters) came by to see how our lunch was. It was the highlight of our meal.",5,"May 9, 2025",https://www.yelp.com/biz/russ-and-daughters-cafe-new-york
yelp,"After visiting Russ & Daughters, we met a friend at the Russ & Daughters Café. It was worth it, but be prepared for a bit of a wait. The café isn't large, but it's light, bright, and tidy. I ordered The Classic: Gaspe Nova smoked salmon with cream cheese, red onion, capers, and tomatoes. They also ask for your choice of bagel--I had a plain one toasted. It was delicious and really hit the spot. My husband ordered the Matzo Ball Soup, which was flavorful, with chicken and matzo balls--a comforting dish. He also had the pickled herring filet with pumpernickel, which he enjoyed (though it's not my favorite). My friend had the Potato Latkes with wild salmon roe and crème fraîche, and she was also able to get applesauce and sour cream on the side, for a bit of both. They were delicious. We ordered chocolate egg creams, and my husband had a house-made grape soda. If you're looking for Coke or Pepsi, they don't offer those, but I appreciated the unique house-made drinks. Service was friendly and helpful. It wasn't an inexpensive lunch, but it was worth it for the food and quality time with a dear friend. It was nice to be able to sit down comfortably and enjoy our meal. The café is about a five-minute walk down Orchard Street from the original location. Cheers!",4,"Nov 9, 2024",https://www.yelp.com/biz/russ-and-daughters-cafe-new-york
yelp,Went in during the lunch rush and got some matzo ball soup which rocked my world. The staff was awesome and attentive. Brought home a bagel with lox for my spouse at home and it was perfection (got the goat cream cheese which was great). FYI at this spot they don't do 'take out' per se so they'll bring you the food to pack up yourself to take home as leftovers. I don't mind that but just a heads up.,5,"Feb 7, 2026",https://www.yelp.com/biz/russ-and-daughters-cafe-new-york
yelp,"While visiting NY we had to go to Russ & Daughters Cafe! We went on a Tuesday mid-day. It was busy but we only had to wait about 10 min and got a booth. The host was very friendly and our server was awesome (sorry, we forgot his name. He's tall, thin build with a mustache). I had the Classic board with an everything bagel and the smoked whitefish chowder was amazing! It was so delicious, I wish I could have packed it up and brought it home! It was a great meal and great visit!",5,"Apr 17, 2025",https://www.yelp.com/biz/russ-and-daughters-cafe-new-york
yelp,"My first upscale Jewish Diner experience and egg creme and shrub drink! Russ & Daugther now has several locations in NYC, and this one is lower east side, very close to the Russ & Daugther store and takeaway. This is sit down, and no reservations taken, we walked in and waited a 20 minutes before we sat down (we got a coffee at a different location to wait). The restaurant is immaculate with a super welcoming bar area and booths with tons of smoked fish, cured fish on the menu. The upscaleness comes from the caviar they sell. At Russ & Daughters with my Jewish friend, I got to try egg creme - which unlike it's name does not have egg or cream, it's a light chocolate milkshake think nesquick with soda water and it's delightful. I'd seen it a lot in the movies from the soda shop days and I've always wanted to try it. I also got a beet shrub: a drink made with a fruit-infused vinegar syrup and sparkling water. I'm a sucker for any beet juice drink. The food was lovely, very good Jewish deli food elevated - the portion sizes are controlled here, not like the old school delis where you meats are the size of your head. I rate this place 5 stars bc I think about that shrub. We did have a small tin of caviar, and it was a delightful experience. Would for sure come back and recommend to people who enjoy an upscale diner experience.",5,"Jul 25, 2024",https://www.yelp.com/biz/russ-and-daughters-cafe-new-york
yelp,Who knew I needed caviar on my bagel. Well new bar has been set on extravagant eating. Coffee selection is just drip but there's an espresso place really close if you are like me and need that. Service is great as you grab a number on way in and order when called. Highly recommend this place and can't wait to visit again,5,"Sep 23, 2024",https://www.yelp.com/biz/russ-and-daughters-cafe-new-york
yelp,The host was very rude and unaccommodating to me and my family of 5. We offered to split up to get tables quicker but he totally brushed us aside.,1,"Apr 6, 2026",https://www.yelp.com/biz/russ-and-daughters-cafe-new-york
yelp,Going to RUSS and Daughter IS like being back to my childhood in Brooklyn. The smells of the smoke fish is elegant and brings back memories of a kinder gentle time with my family on SUNDAY MORNING. It's a cultural experience I wish everyone can experience. Your readers must take the time to have this opportunity they earn the 5 stars. Irwin Z,5,"Sep 28, 2025",https://www.yelp.com/biz/russ-and-daughters-cafe-new-york
yelp,"Every restaurant article points to Russ & Daughters - a must try. They did not disappoint! The latkes were my favorite!! They come with a few different toppings - roe and cream, apple sauce and sour cream.  Both are such good options. The apple sauce and sour cream are actually better than you would think. Nice surprise actually. I also really loved the babka French toast, perfect texture. We sat at the bar/counter. The waiter/bartender was super friendly and helpful. We had a great conversation with him! Really nice experience here and we will definitely come back!",5,"Aug 28, 2024",https://www.yelp.com/biz/russ-and-daughters-cafe-new-york
yelp,The lox bagel was good but the service was horrible. Ignore the entire time not even ask if I need anything else or offer more coffee. Plus attitude when asked ONE question when ordering. My server was Cory at the bar,1,"Feb 3, 2026",https://www.yelp.com/biz/russ-and-daughters-cafe-new-york
yelp,When in the city I try to taste all of the best NYC has to offer.  And this is no exception. Service is on point. Latke is the best I have EVER had. Famous for the pickled Herring so I had to try it. It did not disappoint.  Amazing! I will be back to explore more of the menu.,5,"Mar 22, 2025",https://www.yelp.com/biz/russ-and-daughters-cafe-new-york
yelp,Nice sit down restaurant. Definitely worth the waiting time and being sat at the counter.,5,"Jan 8, 2026",https://www.yelp.com/biz/russ-and-daughters-cafe-new-york
yelp,"This place is one of my neighborhood favorites for brunch. It is quite popular for brunch so it takes some planning, but inside feels spacious when seated. The staff are pleasant and considerate. I liked when my waiter brought over my drink with 2 straws without me asking when he knew that I was going to share with my partner. One of my favorite dishes is probably the Lower Sunny Side. The Halva Ice Cream is good too. I would recommend this place for brunch in the LES.",5,"Mar 29, 2025",https://www.yelp.com/biz/russ-and-daughters-cafe-new-york
yelp,"I'm not lucky enough to live in NYC.  (I make do, here on the Third Coast.)  However, I've now ordered four times from R&D (once for myself, thrice as gifts to loved ones).  We've all been delighted. I'd never heard of them until I listened to a great NPR story* about this ""appetizers"" outlet and its history.  I was already sold by the name alone (""and daughters""), but hearing how the lox is sliced was the clincher. Well, the service and attention to detail are amazing.  The lox really is ""Oh my God"" good . . . and, as an unexpected bonus, turns out they have a delicacy that's been impossible to find here:  pickled green tomatoes.  Even their merchandise is top notch (e.g., a lovely and well-made spreader; a nifty, very cool mug). R&D seems to be going great guns, but I've been happy to be able to do my part to support them. _________________________________________ * ( https://www.npr.org/2025/09/06/nx-s1-5382315/russ-daughters-niki-russ-federman-josh-russ-tupper)",5,"Oct 24, 2025",https://www.yelp.com/biz/russ-and-daughters-cafe-new-york
yelp,"This place was so YUM! Very worth the 1 hour wait. I will forever be thinking about the latkes and salmon roe. I am also a salmon Benedict fan, and this one was scrumptious.",5,"Jan 18, 2025",https://www.yelp.com/biz/russ-and-daughters-cafe-new-york
yelp,"Made a quick stop at Russ & Daughters this morning for a light breakfast. The Orchard Street location is really cool, it throws back to an old soda fountain/diner. Cool marble tiles and counter tops and great decor elsewhere, too. The couple staff I interacted with were smiley and kind.  I really enjoyed the whitefish croquettes and the rugelach.  The croquettes were piping hot and nested on a dill sauce. The rugelach were crispy and sweet.  Their menu is pretty expensive, too.",4,"Jan 16, 2025",https://www.yelp.com/biz/russ-and-daughters-cafe-new-york
yelp,"Such a cute spot and I love the retro design, but my bagel was unfortunately hard and the disassembled aspect made it messy and difficult to eat.",4,"Jan 8, 2025",https://www.yelp.com/biz/russ-and-daughters-cafe-new-york
yelp,Still thinking about this place! Visited NYC and was on a mission for a good bagel with lox and this place did not disappoint. The cafe is a bit on the smaller side but it is warm and bright. This location does not serve the bagel sandwiches seen at other locations and instead has a few bagel board options. We had the Apple French toast as our sweet breakfast treat and it was also delicious. Highly recommend!,5,"Dec 11, 2024",https://www.yelp.com/biz/russ-and-daughters-cafe-new-york
yelp,Everything was great. I had the matzo ball soup and potato pancakes. I had some of my friend's French toast and it was phenomenal as well. Great authentic place. The cold brew coffee was delicious too!,5,"Jul 13, 2025",https://www.yelp.com/biz/russ-and-daughters-cafe-new-york
yelp,"Can we give it 6 stars?  Only waited two minutes for a table which is unusual. Sam, our waiter, was super. We started with the Deviled Eggs with Smoked Trout which were creamy and delicious. Paired the eggs either a bowl of Smoked Whitefish Chowder that the kitchen split into two bowls for us. The chowder was our fondest memory from a previous visit and it didn't disappoint. Creamy but not too rich, flavorful but not too Smokey. Shared a classic nova board with an extra bagel. And, of course, a side of potato latkes. The nova was very mild and sliced paper thin. Very delicate. Wish there had been another slice or two but.... The latkes were thick, crispy on the outside and creamy inside. Had to try them; enjoyed them; might not do again. Finished with coffee (strong) and cinnamon Rugelach that were flaky and tasty. Everything we remembered and more. A really special brunch for us.",5,"Dec 23, 2024",https://www.yelp.com/biz/russ-and-daughters-cafe-new-york
yelp,Came by for breakfast the other day and it was a decent experience. Russ & Daughters is in the Lower East side and is featured in the Michelin guide as a Bib Gourmand. The cafe was super clean and modern with elevated pricing. Staff wore a white Russ & Daughters lab coat as their front of the house uniform. Ordered the smoked salmon eggs Benedict and it was decent. The bread was freshly cut and the smoked salmon was fragrant with the taste of preservatives. The actual poached egg was decent although I've had better. Their hollandaise sauce was good and not too heavy. Service by the staff was quick and efficient. $31/head for breakfast after tax and gratuity,4,"Feb 4, 2024",https://www.yelp.com/biz/russ-and-daughters-cafe-new-york
yelp,"As usual, amazing. My server at the bar, Erik, was so helpful. Love the recs. Bagel fresh, pickles great.",5,"Mar 6, 2026",https://www.yelp.com/biz/russ-and-daughters-cafe-new-york
yelp,"A true NYC classic, a must try!! I personally love Russ & Daughters Cafe and have been to it a few times over the years. Service / Ambiance / Vibe: - excellent service from the staff at large, when I went on 12/6 our waitress was very attentive and nice - Cool to dine at the cafe of such a historic NYC business - the decor and view of the kitchen really gives you that NY Diner feel Food: I love the food, the bagel - lox - cream cheese platter is fire. the SOUPS are incredible, menu at large is interesting and full of good food. As other reviewers have noted, it's a pricier option....if you just want a bagel sandwich at the best price - then yes obviously go to your local bodega and just get that. But if you want the full experience AND if I had to guess I'm sure the food quality and sourced ingredients are much better than a bodega....go to the cafe, have a seat and enjoy a great dining experience.",5,"Dec 9, 2024",https://www.yelp.com/biz/russ-and-daughters-cafe-new-york
yelp,"Worth traveling across town for ! I actually found their other location first, which seemed more like a grab-and-go kind of place - it had a line out the door so I decided to pass. Then I found this location and I'm so glad I did ! (They're actually relatively close to each other which is awesome) Seating & wait time I was alone and the wait was about 30ish minutes. However, I got a text from them maybe 10 minutes later that my seat was ready. Luckily I hadn't wandered too far ! They don't have much of a waiting area at the restaurant so I recommend walking around a bit They have stool seating at the bar which is where I sat. Each spot does have hooks under the bar to hang your belongings. They also have table and booth seating further into the restaurant. Staff: They have the most friendly and up beat staff I've ever seen! Everyone was very sweet and welcoming. They also joked around with each other and generally seemed to have a good time working there. Food: I opted for the basic board with salmon. There were so many delicious looking options, but I felt (being alone) that a lot of the options would have been too much for me and better shared. That being said I definitely need to come back with a friend or two to experience more of the menu! Everything on my board was so fresh and flavorful! From the everything bagel to the onions to the salmon. Honestly it blew my mind how such a simple order could be so delicious I also ordered a tea and was given my own small pot. That was great with it being a cold & rainy day. When you sit down you're immediately given a whole bottle of still water which is nice too. Overall this place was amazing and I highly recommend it ! I can't wait to come back!",5,"Mar 12, 2024",https://www.yelp.com/biz/russ-and-daughters-cafe-new-york
yelp,"Another FANTASTIC experience here. From the hostess, to our server, to the manager - everyone here is so nice. The hostess quoted us a 45 min wait when we arrived around 12:30pm for four people, but was able to seat us in half that time. Our waitress, Margot I believe was her name, was extremely understanding when two people in our party were pressed for time due to a show on the other side of time (our fault for getting here late) and made sure our food arrived very promptly. We got amazing suggestions for food from the manager and everything was spot on. We ordered the Ida board for four of us (the smoked salmon is like butter in your mouth!), potato latkes (some of the best I've EVER had), Super Heebster (wow), and the babka French toast for dessert (don't sleep on this one). It was the perfect amount of food for the four of us. I can't say enough good things about Russ and Daughters- one of my favorite spots in the city!",5,"Dec 22, 2024",https://www.yelp.com/biz/russ-and-daughters-cafe-new-york
yelp,"Oh my god the food here was actual heaven. My sister and I came on a weekday around 11am, so off hours a bit, and had a 30 min wait. By the time we were done with our meal over an hour later, the hostess was telling people the wait was over two hours. I've heard the wait on weekends is even worse! All the hype around this place was SO real. My favorites were definitely the Super Heebster and Filet of Pickled Herring. The least exciting dish was probably the Shtetl Board, mostly because it followed two fantastic dishes. There isn't much more to say except that the ambiance is fun and the food is to die for.",5,"Dec 22, 2024",https://www.yelp.com/biz/russ-and-daughters-cafe-new-york
yelp,"No better time than the weekday to walk in and dine at russ and daughters than a weekday at 12pm we started with the potato ladkes - they were juicy, crunchy, and full of flavor. reminded me of an indian pakora. we topped it with creme fraiche and salmon roe which IMO is the way to go. second was the salmon with an every bagel - super delicious and the salmon was insanely juicy and fresh. the everything bagel was a good call because it was doughy but also crunchy since we got it toasted! last and my fav was the challah bread pudding which was more on the pudding / squishy in texture side - super good and sweet if you like pudding. one of my favs from the meal. overall good experience and service was quick. would def recommend and return!",5,"Jan 3, 2024",https://www.yelp.com/biz/russ-and-daughters-cafe-new-york
yelp,"This was my first time at the cafe, which opened up in 2014. The original store has been on Houston St. for over a century. The cafe's breakfast menu has many standouts.  The entrees are original.  You can't find most selections in any restaurant anywhere in the U.S. Check out the menu, which is also available online. Today I had some Gaspe Smoked Salmon and Cream Cheese on a Pumpernickel bagel.   TIP:  mix some fresh dill into the cream cheese for a foodgasmic experience. The rugelach is good, but I have had better elsewhere, like at Armin and Judy's in The Hamptons.  The raspberry at Russ and Daughter's is good, but the cinnamon raisin leaves a lot to be desired.  I wish they had apricot, which is my favorite rugelach flavor, but Russ and Daughters does not make it.  Armin and Judy's does. The service in the cafe was terrific.  I sat at the bar. The decor was sleek and modern. I definitely will be back.",5,"Nov 18, 2023",https://www.yelp.com/biz/russ-and-daughters-cafe-new-york
yelp,Extraordinary experience with truly unique food. Impeccable drinks selection as well as an adorable atmosphere in the heart of midtown a nook in the wall leading to a beautiful experience of flavorful joy. The only down side would be the wait time on weekends but that just tells you even more how good of a place you are about to get into.,5,"Dec 4, 2024",https://www.yelp.com/biz/russ-and-daughters-cafe-new-york
yelp,"How do I love thee? Let me count the ways... 100% worth the hype. Sent a friend smoked salmon, herring, and caviar cream cheese for her birthday via Goldbelly - she was understandably elated. R&D are on a class  of their own!",5,"Aug 3, 2025",https://www.yelp.com/biz/russ-and-daughters-cafe-new-york
yelp,"Finally get the hype RATING: 9.7/10 (for the lox sandwich) PRO TIP: yes the sandwich is pricey. Yes it is delicious. LOX BAGEL SANDWICH This place has so much hype around it and yes this sandwich is amazing. The high quality ingredients and their thoughtful proportions make for a DELICIOUS breakfast experience, beautifully, richly salty smoked salmon cuts through creamy, delectable cream cheese and capers/red onions add additional tartness and texture. My one area of improvement is that the bagel itself is easily not New York's best bagel, as it is soft but does fight you when you try to take bites off the bagel. However, that almost doesn't matter with how great the interior of the sandwich is. FINAL RANKING: EXCELLENT (terrible / bad / ok / good / great / EXCELLENT)",5,"Dec 1, 2023",https://www.yelp.com/biz/russ-and-daughters-cafe-new-york
yelp,"An iconic name and well-known spot that lived up to its reputation! I've known about Russ & Daughters for YEARS thanks to both Instagram and friends of mine talking about their delicious bagels, fish, and babka. The cafe is separate from the Russ & Daughters Appetizers counter shop which is about two blocks north of the cafe location. We arrived at about 8:15 to meet a friend, the cafe opens at 8:30 but we wanted to make sure we could get a seat; we were not formally ""in-line"" but happened to be the first to enter when the doors opened and the curtains rose. We were seated in a comfortable booth, though there is counter seating in lieu of a booth if you're ever dining solo. By the time we placed coffee orders the cafe was bustling, and it didn't take long for all booths to fill, so come early if you want a seat! I had iced coffee with oat milk and it was fresh and delicious and very strong. We decided to order a lot and share, which is definitely my recommendation at R&DC. In no particular order, we tried the pastrami Russ, the potato latkes with applesauce, sour cream, roe, and creme fresh, the classic board with a bagel, the plate of sours (pickles and pickled tomatoes), and the chocolate babka french toast. Everything was SO, SO DELICIOUS, and it was great to try bites of everything. That babka... it's out of this world. All the flavors were sharp and fresh and complementary in all dishes. Our server was SO attentive and kind, and there were so many little details that he maintained, including fresh silverware, whisking empty plates away, and checking on us in a warm and non-rushed way throughout the meal. Though the space was packed, it felt cozy and comfortable rather than claustrophobic. This place is so special and feels like an institution - which, with its namesake, it is. I recommend highly! I can't wait to come back and try all sorts of other goodies. PS: if you have time, walk the few blocks to check out the storefront, which is an entirely different (and very unique) experience.",5,"Nov 15, 2023",https://www.yelp.com/biz/russ-and-daughters-cafe-new-york
yelp,"Famous for a reason. Enjoyed a delicious lox bagel and glass of fresh-squeezed orange juice. Admittedly on the pricier side, but enjoyed it nonetheless. The cafe itself is adorable, and the service was excellent.",5,"Sep 25, 2024",https://www.yelp.com/biz/russ-and-daughters-cafe-new-york
yelp,"Went at 1:30 on a Sunday and waiting for 90 minutes. It was nice that we can walk around and then got a text when the table was ready. The place is cute inside and they have nice big booths. Only two restrooms in the back. The food is all mainly breads like challah, bagel, rye and cured and smoked fish. So you got to be in the mood for that when you come. The eggs Benny was $26 and was a bit over priced for what it was. The challah was dry, there was t much flavor in the dish. Needed more hollandaise sauce. I barely tasted it. Eggs were poached well. The smoked salmon was fine, tasted good quality. I got a malted egg cream, it was decent. It's seltzer water with malt flavor and milk. It was good to have something sweet to pair with the salty fish. The waiters were nice but disorganized. They brought out our drink like 5-10 minutes after our food. And were also arguing on the side about our bill for some reason. I unfortunately wouldn't come here again. It's a cute place but long wait, high prices and average food. We split the bill and with each getting a meal and 1 drink it was over $50 a person with tip.",3,"Oct 15, 2023",https://www.yelp.com/biz/russ-and-daughters-cafe-new-york
yelp,"I cannot express the level of disappointment eating at this location of Russ & Daughters.  Maybe it would have been different if I'd traveled to Brooklyn.  Alas, lesson learned. The lox is fantastic - thank goodness.  However, things went way south when they tried to pawn a bagel as a bialy.  I grew up in New Jersey just over the Washington Bridge.  I can tell the difference and they argued with me! Also, what they say is toasted is barely warmed. The day before I ate at Barney Greengrass (which is the real deal), so at least I know where to return to next time.",2,"Oct 31, 2025",https://www.yelp.com/biz/russ-and-daughters-cafe-new-york
yelp,"Cute decor and atmosphere. High expectations, as this is obviously a well known institution. Nothing was absolutely terrible...but nothing was great either. Stingy portion of the pastrami-cured lox. Good quality but not enough to cover the bagel. Pretzel bagel was meh. Way better bagels are out there, all over NYC! Spicy Bloody Mary was decent. Whole experience felt overpriced and touristy.",2,"Feb 2, 2026",https://www.yelp.com/biz/russ-and-daughters-cafe-new-york
yelp,"The grab and go Russ and daughters spot was closed so we decided to come to this cute sit down spot to make sure we got our New York bagel! This place had a 30 minute wait but thankfully we were seated much faster which was nice. This is a spot where you can get a variety of breakfast brunch like food - we ended up ordering: * lox bagel plate - this came with a pumpernickel bagel we chose and came with salmon, cream cheese, tomato, onions and dill. Everything was super fresh and went well together *latkas - these were really yummy - almost kindof like a super crispy hash brown with some onions inside as well and came with salmon roe and creme fraiche. Very flavorful and yummy to say the least Overall, this is a nice solid spot if you are looking for some yummy breakfast food New York style!",4,"Jul 25, 2023",https://www.yelp.com/biz/russ-and-daughters-cafe-new-york
yelp,"My to go spot after my workout. I love the type of food they cater to. They have pickled herring to caviar , boards , noshes platters and etc. trust me you will never get disappointed because their customer service is top notch! Constantly checking and making sure you are well taken cared of . I look forward to this place everytime I finish my workout. And it's just the exact type of food I love to eat! Thank you Russ & Daughters for the excellent service ! I come to try all food in the menu",5,"Mar 29, 2025",https://www.yelp.com/biz/russ-and-daughters-cafe-new-york
yelp,"Let's get one thing straight: there is no other place to do Jewish deli other than here. My husband and I had the $110 platter that consisted of a plethora of bagels Bialy's and breads, butter and cream cheese, tomatoes, capers, onions, smoked white fish, smoked Sable, Salmon, and lox. Such a value and the food is outstanding. The pickles are just so unique -this place belongs and has the status that it deserves. Our waiter, Eric, was a wonderful man offered us extra bagels. Just a great kid. The ambience is unparalleled obviously you're here for that too. Very clean.",5,"Mar 29, 2025",https://www.yelp.com/biz/russ-and-daughters-cafe-new-york
yelp,"Okay where to start with this review... The restaurant...very cute and very Jewish, really liked the vibe Service...good service, nice waiter Food...it was just okay. I've grown up on lox and bagels, so on my scale it was only about a 6/10. The bagel wasn't very doughy, it was toasted but wasn't that flavorful? Even though we got the everything, in my opinion it was a pretty dry bagel. The platter only came with 2 slices of tomato, a few red onion slices and capers w cream cheese. Overall it was okay. I ordered a coffee, a lox and bagel platter, with an extra bagel and cream cheese and that was it. My bill came out to be around $46 with tax and tip. I don't know how it possibly wound up being that much, but I wasn't happy about the price. Mistake? Inflation? I duno..does that amount sound right to you?",4,"Sep 2, 2023",https://www.yelp.com/biz/russ-and-daughters-cafe-new-york
yelp,"I have always wanted to try Russ & Daughters and on this visit I finally did! First of all, the cafe is so cute- classic New York charm without feeling too cramped at all. Our service was excellent- friendly, helpful, professional. I got a vanilla egg cream and my husband tried the house made cream soda. Why don't more places sell egg creams?! Yum! Then I got the smoked whitefish chowder and the ""sours"" (a bowl of house made pickled). The whitefish chowder was one of the most delicious things I've ever had in my life. Like last-meal on death row good! My husband went more traditional with ""the classic"" bagel and lox, and a bowl of matzoh ball soup. Everything was amazing! I would have loved to try the babka but I was too full- next time!",5,"Aug 13, 2023",https://www.yelp.com/biz/russ-and-daughters-cafe-new-york
yelp,Great service! Fresh food. You can't go wrong with bagels and lox. Worth a second and third visit.,5,"Sep 18, 2025",https://www.yelp.com/biz/russ-and-daughters-cafe-new-york
yelp,"The service is great--so friendly and helpful. We love the bagels, shmears, bread, and baked goods. I wasn't overly crazy about the kasha varnishkes--to me it tasted like the barley was old, but it's not a dish that I have ever had before, so maybe that's just what it tastes like. Still, loved the experience.",4,"Dec 27, 2024",https://www.yelp.com/biz/russ-and-daughters-cafe-new-york
yelp,"Came here after hearing and seeing so much hype. For all the chatter and rave reviews, the food was underwhelming to say the least. Ordered a toasted bagel with Lox which came on a wooden platter with onions, capers and salmon. The bagel was NOT toasted as requested and there were a measly two slices of salmon and some tomatoes with cream cheese. They also forgot the egg i had asked for. Also ordered hot coffee which was decent. The ambience was as expected, that of an old school NY diner and it was definitely busy. Service was average as got seating at the counter. The hostess was very kind and polite. I genuinely feel like several bodegas have bagel sandwiches that are SO much better than this place. The menu is overly pretentious and complicated (imho). Paid $30 for the above... could have gotten a MUCH better meal with 1/4th the price at another 'no-frills' place and would have been much happier. Feel like this is a tourist trap and most likely not come back again based on the experience...",3,"Jul 25, 2024",https://www.yelp.com/biz/russ-and-daughters-cafe-new-york
yelp,"Great service with a clean, classic diner/deli vibe. We ordered The Classic Board with a plain bagel, Eggs Benny, and the yogurt, fruit, and granola. A must try if you're a fan of fresh, smoked salmon- my first time trying it and wasn't disappointed. If you're in the area, I highly recommend you try this 100+ year historical NYC staple.",5,"Mar 6, 2025",https://www.yelp.com/biz/russ-and-daughters-cafe-new-york
yelp,"My mom was friends with one the Russ daughters so this business is sorta in my blood.  Our family has been feasting on their supple lox and unctuous sable, babka and hopjes (Dutch coffee candies) for over a century.  Being able to lunch at this casual and comfy restaurant is a wonderful option.  Of course I order the bialy with cream cheese, capers and lox from the friendly server - when she gave us a few hopjes at the end my soul was full. It's a bright place, windows front and back, in a LES spot a brisk walk south of their store (a new branch is coming in Hudson Yards!).  Well worth the walk and I'm looking forward to a return visit for that sable.",5,"Jul 17, 2023",https://www.yelp.com/biz/russ-and-daughters-cafe-new-york
yelp,"Before trekking on down here, you should know that about 80% of the menu items contain some kind of fish on them. Great for me, but my partner didn't feel great about his options. Luckily we found things to order we'd both enjoy... I had the eggs benny, which came with smoked salmon, poached egg and dreamy hollandaise on the perfect piece of challah bread. I thoroughly enjoyed each bite. My partner ordered the Latkes with apple sauce and it was the the light breakfast he was looking for. Somethings to know about the space, its bright and cute, but small... don't come here with a big party unless you're willing to wait 45-60 minutes. Can't wait to come back and try a few more things.",4,"Apr 19, 2024",https://www.yelp.com/biz/russ-and-daughters-cafe-new-york
yelp,"The cafe is the place to go. My dad and I went on a Friday at about 9:00 am and it was packed. People were there with their suitcases. We had to wait a little bit, but ended up getting two seats the bar top, which was cute. The inside of the cafe has great theming and decoration. Concord Grape Soda ($8) The drinks are pricey because they aren't can sodas, they are freshly made in the cafe. This one has jasmine, timut pepper, and lemon and obviously concord grapes. Their sodas are delicious and you have to be careful not to suck it down too quick! The Classic Board ($22) Nova smoked salmon, cream cheese, your choice of bagel, bialy, rye, or pumpernickel. I love this, it is simple, but delicious and hits every time. It is also very instagrammable the way they plate it. Overall really solid food, fun place to take people from out of town.",4,"Jun 13, 2024",https://www.yelp.com/biz/russ-and-daughters-cafe-new-york
yelp,"Visited Russ and Daughters after watching Somebody Feed Phil Got the egg cream, lox benedict, potato latkes with applesauce and sour cream, rugelach, and chocolate babka french toast. My favorite was the babka french toast (delicious!) followed by the latkes. The rest of the items I thought were ok. Be prepared to put your name down and wait a good 45 minutes just fyi!",4,"Apr 12, 2023",https://www.yelp.com/biz/russ-and-daughters-cafe-new-york
yelp,This place is really tasty my only criticism is to please add salt and pepper shakers on the table!,5,"Dec 23, 2025",https://www.yelp.com/biz/russ-and-daughters-cafe-new-york
yelp,We came around 8:30AM and there was no wait. The service was great and our food came out within 10 minutes! The classic salmon board was really good and a must try if you come here! I didn't think I would like it but the smoked salmon/onion/tomato combo was perfect. I really liked being able to put together my bagel too. The green onion cream cheese spread made the bagel even better. I'd also recommend asking for pickled onions to add to your board. I did not enjoy the blintzes due to the cheese texture but my friends liked it. IG: tiffsfoodreview,5,"Feb 28, 2023",https://www.yelp.com/biz/russ-and-daughters-cafe-new-york
yelp,"Russ & Daughters Cafe was the first stop on my wife's birthday extravaganza. We'd been to the OG Russ & Daughter's shop. Good stuff but a lot of hype for bagels, spreads, and fish. I'm quite spoiled with having some great bagel and fish spots nearby, so treking out to the Soho?, Noho?, HoHo? area from Brooklyn or Queens is a big commitment. When we walked in, immediately realized that it was going to be a great experience. Bar upfront with a limited but mindful selection of alcohol. They had Kings County, Blanton's, and Michter's all at reasonable prices. I opted for a spiked egg cream before following my heart to a pour of Kings County bourbon. Service at the bar was quick and attentive. Menu was super intriguing with sections dedicated to herring, caviar, smoked salmon, and Jewish classics. We ended up sharing a daily special - the potato ""totkes"" - , the white fish chowder, and the babka French toast. Totkes were great. Super crispy and came with a delicious Bloody Mary creme frachie. The smoked white fish chowder was creamy and savory. Tons of veggies and super hearty. Babka French toast is a dessert lover's treat for a meal. Two gender neutral restrooms which were handicap accessible. One had a changing table. We were able to walk in on a weekday but I can imagine needing to get here earlier on the weekends.",5,"Jan 23, 2024",https://www.yelp.com/biz/russ-and-daughters-cafe-new-york
yelp,"Life is great when the plan you had before does not work out, but when Plan B works out better than you ever imagined, better than the original plan you had. This is what happened, and I guess it would be appropriate to say it is a Chanukah miracle. My original plan for lunch today was to go to Katz's Deli for lunch. When I saw the line outside was basically wrapping around the block, I abandoned my plan and decided to go to Russ & Daughters Cafe instead. I have been to the flagship store and know the food is good, but had never been to the cafe for lunch, as I never had the opportunity, and thinking it would just be alright. It is more than alright, it is a treat. A beautiful experience transposed onto a bowl, a board, and a plate. Just be willing to pay up because this will not be cheap. For me at least, since I decided to ante up and go for several things. For starters, the hostess sat me at the counter. No loss. It was a 45 minute wait for the seat as it gets fairly busy for lunch. I can certainly do that. As for the food... yeah buckle up buddy boy. Matzo ball soup: A hearty blend of one golf-sized matzo ball, chicken, some carrots, and a bit of celery. It works beautifully. The presentation is a bit poor because the broth overflow onto the plate it is served with below, but the matzo ball is tasty. This one does it right. However, give me noodles with it and you have a five star appetizer. Score: 4/5 stars Cream Soda: Starts out strong, but quickly fizzles out. Save your money, unless you like quick and easy drinks. Score: 3.5/5 stars Potato latkes: Jewish potato pancakes cooked to maximum effort. Three solid sized bad boys served with your choice of either applesauce and sour cream or cream cheese and caviar. I opted for the former and it was delicious. My Jewish origins were speaking to me as I was eating this, but only in a whisper. Unfortunately I could not eat the last one because it is a dense treat. That being said, I highly recommend these. Score: 4.5/5 stars Shtetl: I was torn between the Classic and this, so I asked my server at the bar. Since I told her I had tried their lox and knew it was good, she directed me to the Shtetl: It is excellent. The goat cream cheese marries well with the sablefish, which almost tastes like whitefish without the mashy mix. The everything bagel is perfectly toasted and perfectly coated with garlic, poppyseeds, and sesame seeds. Even the goat cream cheese is terrific. I could have eaten this alone just out of the ramekin, but restrained myself from doing so. It is also served with tomatoes, onions, and capers, but I am simple. No need for these! Reminder my Jewish origins whispering to me? They were speaking pretty loudly after this one. Score: 5/5 stars Now, for the topper... Egg cream: This is as New York as it gets. However, I learned too quickly that you have to drink this fast as the frothy top disappears, and then you are left with a borderline nasty mixture of milk, seltzer, and chocolate syrup. Still solid way to end any meal, but drink up! Score: 4/5 stars ***Bonus*** During Chanukah, Russ and Daughters sells a limited time offer of three jelly donuts that they make, as jelly donuts are an iconic food during Chanukah. One that is of the black and white cookie style, one that is an original jelly donut with strawberry jam, and one that looks and tastes like a strawberry rugelach that also has strawberry jam. All three are fabulous and you will wish they served these year round. The fact the servers everywhere were hyping this up is telling you to get this either as you walk out the door, or as a sweet treat to wrap up a flawless lunch. Score: 5/5 stars ---- A Lower East Side without Russ & Daughter's and Katz's is unfathomable. It still transplants you to a time when these establishments dominated Delancey St and W Houston St. Thankfully, if all continues to go well, they will continue to be here, and continue to remind customers, now and in the future, what made this area so special and unique at the turn of the century. Life is a funny thing, is it not?",5,"Dec 23, 2022",https://www.yelp.com/biz/russ-and-daughters-cafe-new-york
yelp,"If you do not like fish do not go here! $123 for two salads, a dessert, and two cocktails. Uptown feel inside but still cozy. Food is meh.",2,"May 25, 2023",https://www.yelp.com/biz/russ-and-daughters-cafe-new-york
yelp,"The cafe is a full-service version of the famed shop a few blocks away. The first time I visited, it was during  a pandemic flare and they were doing takeout. I ordered as-is bagels and fish to go, along with a toasted pumpernickel bagel with butter and lox and pumpernickel bread. It was easy to order online and pickup. And everything was delicious. I went back a year later for a sit down breakfast. A short line formed before opening and the cafe filled quickly. It's got an old-school diner feel. I ordered the bagel board with a pumpernickel bagel (shocking). It was great. The staff is super friendly and I look forward to returning.",5,"Dec 3, 2022",https://www.yelp.com/biz/russ-and-daughters-cafe-new-york
yelp,"I ordered bagels, sable, pumpernickel loaf, and a pumpernickel bagel with butter and lox. I ordered online early that morning and it was ready right on time, perfectly timed for my dad to pick me up nearby and eat my bagels. Everything was excellent. Sable is my absolute favorite, and near impossible to find where I live. Theirs is perfectly succulent, and buttery. Bagel was delicious and obviously, the lox is super high quality. I love pumpernickel, hence the bagel and the loaf, and theirs is so flavorful and better than most. Take home bagels were good even a few days later. You wait outside, tell the staff member your name, and they come out with your order. It's really easy and the staff is friendly. I can't wait to return to Russ & Daughters.",5,"Dec 3, 2022",https://www.yelp.com/biz/russ-and-daughters-cafe-new-york
yelp,"Delicious salmon lox and great service! The salmon tasted very aromatic and the bagels tasted fresh. I highly recommend getting them toasted. The service was great. The check comes with a Russ & Daughters postcard, and when I took a picture of it, another waiter noticed and quickly gave us a couple more postcards. I also said the word ""dessert"" and my table's waiter immediately started pointing out the dessert options.",5,"Apr 28, 2023",https://www.yelp.com/biz/russ-and-daughters-cafe-new-york
yelp,"The bagels are amazing. Everything else, not so much.  The matzah balls fall apart while heating, the rugelach isn't fresh as it should be! Just stick to the bagels and you'll be fine.",3,"May 25, 2025",https://www.yelp.com/biz/russ-and-daughters-cafe-new-york
yelp,"Stopped in for a late morning bite. They don't take reservations, while it was busy my party of 2 was seated within 15 minutes. Started with the potato latkes with apple sauce and sour cream. Best latkes I've ever had. Ordered and shared the classic - smoked salmon with tomato onion capers cream cheese and choice of bagel - and the yum kippered - baked same otherwise the same as the classic. Both were amazing. Also ordered the pickle platter which was amazing. Finished with the bread pudding which was warm and delicious. Fun restaurant with great food and friendly staff. Has a bit of classic NYC LES deli feel to it. Also conveniently can stop at the Russ and daughters deli right near by.",5,"Jan 19, 2024",https://www.yelp.com/biz/russ-and-daughters-cafe-new-york
yelp,"We arrived a few minutes before opening on the Friday after Turkey Day. Almost no line and the place never got crowded (a very off day). Service is always good and the selections are huge. We had the omelette with veggies and ""Lower Sunny Side"" and 2 freshly brewed decafs. A nice and tasty breakfast. Pete Wells was spot on this time. Recommended! Damages with tip for 2 was $70 - hey this is NYC!",5,"Nov 27, 2023",https://www.yelp.com/biz/russ-and-daughters-cafe-new-york
yelp,"We happened to be in town the weekend after they reopened after a 2-year COVID closure. We went early - arriving 10 minutes before they opened - expecting a line - but were FIRST (a first for us). A small line formed soon but surprisingly the cafe only got about half full. Guess the word is not yet out that they are back. I expect that many of the staff were new (in fact our server said he just started) but things are running well. We had coffees and juices and the ""Lower Sunny Side"" and ""Lox, eggs, and onions"". Both entrees at $22 each. All swell and the quality and authenticity that you expect from R&D. Damages with tip was $75. Food       5/5 Service   4/5 Value     3/5 (hey this is NYC!) Cleanliness  5/5 Noise     5/5 (a quiet crowd) Decor     5/5 Go early and enjoy!",5,"Nov 27, 2023",https://www.yelp.com/biz/russ-and-daughters-cafe-new-york
yelp,"This is a real treat and HIGHLY recommended. We had usually used their other store for takeout. We got one of the last tables (845 AM) before the crowds and wait began. Service was excellent and who could not like the food. The only downside vs. takeout from their other store is that there are only a few salmon types available (vs. a zillion). Coffees (with free and frequent refills!). Entrees were various bagels with salmon, ""Lower Sunny Side"", and granola. You will not be disappointed. Food            5/5 Service        5/5 Value           4/5 Cleanliness  5/5 Noise           4/5 (you can talk) Decor           4/5",5,"Nov 27, 2023",https://www.yelp.com/biz/russ-and-daughters-cafe-new-york
yelp,"This is an excellent spot for amazing and flavorful food! I'd been here before and it was nice to return and enjoy the great offerings. I went for the Classic Board and it did not disappoint - it included a fresh bagel and wonderful smoked salmon with all the accompaniments. Everything tasted great and one can tell that the quality is top-notch. The setting is like a chic diner - it's a wonderful space to be in. We experienced warm and friendly service...the host and server treated us very well and it helped to ensure a memorable experience. This place is very popular, so make sure to plan accordingly; if you arrive at typical brunch times, expect a long wait.",5,"Mar 22, 2024",https://www.yelp.com/biz/russ-and-daughters-cafe-new-york
yelp,Overhyped and over priced support a local spot. Cheap ingredients could remake everything from Walmart. Bad bad bad. Expect Walmart quality. Just bad ingredients,1,"Jun 15, 2025",https://www.yelp.com/biz/russ-and-daughters-cafe-new-york
yelp,"This restaurant hits all the right notes. We arrived five minutes after opening on a gloomy day and were seated immediately. The nova board was perfection with a fresh, light bagel, tender nova (not salty or fishy), ripe tomatoes and tasty condiments. They offer house still or seltzer water. With the parent company's 100 years plus in the business they have mastered the art of this cuisine.",5,"May 23, 2025",https://www.yelp.com/biz/russ-and-daughters-cafe-new-york
yelp,"Levain can do no wrong in my book as I'm a fan of well balanced chocolate chip cookies. I appreciate some crunch and some mushy and measuring chocolate chips with one's soul. Plus their cookies are generous which is perfect for sharing! I tend to like a sprinkle of salt as well and that may be the only thing missing from their cookie selection. I just stick with the classic. The past few times I've been, I've ventured out of chocolate chip cookies and have tried their cakes. The seasonal ginger one is so delightful. I appreciated the spicy kick and it was a big hit with young and old. Sadly, I tried to repurchase recently and was told it was an autumn special. I've tried their banana choc chip cake loaf as well, and love that the banana taste really comes through. Not too sweet. In terms of customer space, this location is teeny with lots of offerings so you often see people hanging out outside waiting for some space to clear to place an order. With two registers, however, everything tends to move quickly. This is a great location for us uptowners!",5,"Jan 12, 2026",https://www.yelp.com/biz/levain-bakery-new-york-3
yelp,"Yodalis, thank you for being such a loyal fan of our Frederick Douglass Boulevard bakery! We're so glad you've been enjoying both our classic treats and seasonal cakes. Your feedback about our Harlem location is much appreciated! Sincerely, The Levain Team",5,"Jan 12, 2026",https://www.yelp.com/biz/levain-bakery-new-york-3
yelp,"Wow, wow... and yes, WOW. Levain Bakery is not playing fair in the cookie game. Coming from Miami, where most cookie vendors leans on the side of extra sweet, Levain somehow gives you all that richness without doing the absolute most. It's bold, it's indulgent, but it knows when to hold back. Much respect to their game. I told myself I'd be responsible and got a tin so I could bring them home for the hubbs, because growth and our highly favorable co-dependency. Meanwhile, my friend got hers warmed and handed me a piece of the chocolate chip walnut... and I almost melted, it was just incredible. From there it was downhill, in the best way. I ordered pretty much everything. After arriving home we enjoyed them all together, but the dark chocolate chocolate chip and that caramel coconut? Yeah... those two stood out to me the most. Now the real question. When are they coming to South Florida? Because I'm not trying to catch flights every time I need this level of happiness.",5,"Apr 29, 2026",https://www.yelp.com/biz/levain-bakery-new-york-3
yelp,"Shikira, thank you for bringing your husband's cookies all the way back to Miami and for sharing such a thoughtful review of your visit to our Frederick Douglass Blvd bakery! We're thrilled you got to sample so many varieties, especially the dark chocolate chocolate chip and caramel coconut. Hope to see you soon! Warmly, The Levain Team",5,"Apr 29, 2026",https://www.yelp.com/biz/levain-bakery-new-york-3
yelp,Absolutely amazing cookies. We had a caramel coconut chocolate chip and it was the perfect balance of salty and sweet. It also felt especially soft. Also had the seasonal lemon cookie and it was the perfect amount of lemon.  It's a small store front but they still had the full selection. Also love the little levain postcards,5,"Apr 11, 2026",https://www.yelp.com/biz/levain-bakery-new-york-3
yelp,"Zoe, we're thrilled you enjoyed both treats at our Frederick Douglass Blvd bakery! That combination of flavors really hits the spot, and we're so glad the seasonal option was a winner too. Thanks for noticing those postcards - they're a fun little touch we love sharing! Warmly, The Levain Team",5,"Apr 11, 2026",https://www.yelp.com/biz/levain-bakery-new-york-3
yelp,"The fall spiced chocolate chunk was very good. The chocolate and molasses were perfect together!!! As always the walnut chocolate chip and the double chocolate chip were perfect. The double chocolate chip cookie was still a bit warm. The peanut butter chocolate cookie was certainly a miss. It was very dry. I think of all the times I've been to levain, this is the first time I've been disappointed by one of the cookies.",4,"Oct 4, 2025",https://www.yelp.com/biz/levain-bakery-new-york-3
yelp,"Kristina, we appreciate your feedback on the peanut butter chocolate cookie. Thank you for visiting our Frederick Douglass Blvd bakery - we hope to have you back soon! - The Levain Team",4,"Oct 4, 2025",https://www.yelp.com/biz/levain-bakery-new-york-3
yelp,"World renowned bakery beginning back in the 90's recognized by The New Yorker and New York Times for their cookies! And cookies is what we got! Oatmeal Raisin, Lemon, Chocolate Chip Walnut, and a Caramel Coconut! In addition, one Blueberry Muffin. All of the cookies are moist but crunchy and they are HUGE! Absolutely delicious Quiet shop with small dine in, mostly takeout. Great friendly staff.",5,"Jun 11, 2025",https://www.yelp.com/biz/levain-bakery-new-york-3
yelp,"Norman, we're thrilled you enjoyed your recent visit to our Harlem bakery! It's wonderful to hear you appreciated the warm hospitality of our team members. We look forward to welcoming you back soon. Warmly, The Levain Team",5,"Jun 11, 2025",https://www.yelp.com/biz/levain-bakery-new-york-3
yelp,"Still one of the best cookies in the world! Im gonna keep this short and sweet. Cookies are great. Service is great. Nice that they added a lil table and chair out front so you could enjoy what ever you purchased on site. Prices are still decent, if you haven't been, what are you waiting for. To many location in this city for you not to indulge. Two thumbs up, Happy Yelping!",5,"Jul 27, 2025",https://www.yelp.com/biz/levain-bakery-new-york-3
yelp,"Bernice, thanks for your kind words and support! We're overjoyed you continue to enjoy our fresh-baked cookies. Having an inviting space to savor our treats is important to us, and we appreciate your feedback. Hope to welcome you back soon! Warmly, The Levain Team",5,"Jul 27, 2025",https://www.yelp.com/biz/levain-bakery-new-york-3
yelp,"The best warm chocolate walnut chunky cookie I ever had. The girl was nice enough to give it to me fresh out of the oven, it will go so well with some vanilla ice cream in the  summer season or anytime. It was quite small inside, mostly all bakery. I would try some of the other goodies on my next visit, but this one was for the cookie. A very darn good cookie. If im not up for baking myself, this is the place to make my order.",5,"Jul 27, 2025",https://www.yelp.com/biz/levain-bakery-new-york-3
yelp,First time having levain and it was so delicious!! Tried the caramel coconut chocolate chip - highly recommend!!! The coconut was not overpowering This was ordered via delivery and it was still warm when it got here,4,"Feb 14, 2025",https://www.yelp.com/biz/levain-bakery-new-york-3
yelp,"Hi Gloria, we're thrilled to hear that your first Levain experience was a hit! The caramel coconut chocolate chip is indeed a delightful choice, and we're glad you enjoyed the balance of flavors. It's fantastic to know that your delivery arrived warm and ready to enjoy. Thanks for recommending us, and we hope to bring more deliciousness to your doorstep soon! - The Levain Team",4,"Feb 14, 2025",https://www.yelp.com/biz/levain-bakery-new-york-3
yelp,"Heard this was one of the top ten cookies in the country and I'd have to agree. I did only try the vegan chocolate chip walnut cookie and it was delicious. They were massive cookies, thick junts for sure but so good. Service was nice and I really liked the outside seating to try these cookies. I will say that eating the fresh is the best way to consume these delicious cookies.",5,"Aug 27, 2025",https://www.yelp.com/biz/levain-bakery-new-york-3
yelp,"Khalidah, thank you for the kind words about our vegan chocolate chip walnut cookies! We're so glad you enjoyed the fresh, handmade quality. Please visit us again soon. Sincerely, The Levain Team",5,"Aug 27, 2025",https://www.yelp.com/biz/levain-bakery-new-york-3
yelp,"Walked in just now at 11am on a Saturday to a staff member petting a customers dog.  Not cool!  She should not be stepping from behind the counter to pet anyones dog!   Dog hair is visibly moving around and landing near the customer!  Then they offer her a free sandwich like she is encouraged to come around with her untrained non-service dog!   Not cool!  This is a bakery!  Not a dog park! There's no seating, this should never happen!",1,"Feb 28, 2026",https://www.yelp.com/biz/levain-bakery-new-york-3
yelp,"Septima, we sincerely apologize for the disappointing experience. This doesn't reflect our standards, and we'd appreciate the opportunity to learn more details at info@levainbakery.com so we can turn this experience around. Sincerely, The Levain Team",1,"Feb 28, 2026",https://www.yelp.com/biz/levain-bakery-new-york-3
yelp,"I'll say it again too! Adding to all the others. That chocolate chip walnut cookie is the bizness!  Especially when they sell you one fresh off the #ovenrack!!! The structure of it allows the cooking process to leave that center, doughy goodness. I love how it camouflages the walnut surprises.  Totally worth the calories!",1,"Feb 28, 2026",https://www.yelp.com/biz/levain-bakery-new-york-3
yelp,"These cookies were so moist and filling. The service was great & it's a cute lil to-go spot to order your cookies from so be swift! Although the walnut chocolate chip is the most famous, I loved the double chocolate cookie as well as the peanut butter chocolate. I found the chocolate batter cookies to be super moist and just very flavorful melt in your mouth good. It had that mouth feel that I crave & love. Hot tip: order your cookie with a flat white and you'll get an adult version of cookies and milk",4,"Jun 6, 2025",https://www.yelp.com/biz/levain-bakery-new-york-3
yelp,"Kathy, thank you for visiting our Harlem bakery and sharing your kind words! We're delighted you enjoyed our signature cookies, especially the double chocolate and peanut butter chocolate varieties. Warmly, The Levain Team",4,"Jun 6, 2025",https://www.yelp.com/biz/levain-bakery-new-york-3
yelp,I have been coming to Levain for years.  It's just the right amount of sweetness in a cookie.  I tired the coconut caramel chocolate chip cookie and I was blown away. I wish I would have purchased more. The service was nice and sweet like a cookie shop should be. The location was clean.  I will be back.,5,"Jun 22, 2025",https://www.yelp.com/biz/levain-bakery-new-york-3
yelp,"Tae, thank you for being a loyal Levain customer over the years! We're delighted you enjoyed our new coconut caramel chocolate chip cookie and that our team provided excellent service at our Harlem bakery. Your kind words brighten our day. Warmly, The Levain Team",5,"Jun 22, 2025",https://www.yelp.com/biz/levain-bakery-new-york-3
yelp,"i've always been curious about this place as i've heard great things about it. so when i was in town i made sure i made a stop here. so before heading to the airport i stopped by and ordered their top sellers. my favorite was the chocolate chip with nuts. two days later, the cookies were still as good as the day i bought them.",5,"Jun 2, 2025",https://www.yelp.com/biz/levain-bakery-new-york-3
yelp,"Maribeth, we're thrilled you enjoyed your first visit to our Harlem bakery! It's wonderful to hear our signature chocolate chip walnut cookies traveled well and delighted you days later. We take great pride in using quality ingredients to craft fresh, delectable treats daily. Thank you for your kind feedback - we truly appreciate it! Warmly, The Levain Team",5,"Jun 2, 2025",https://www.yelp.com/biz/levain-bakery-new-york-3
yelp,"We've heard of Levain Bakery being one of the bakeries to check in New York. We got the coconut chocolate chip cookie and it was so chewy and delicious, especially after our long walk through Central Park. We wished the cookie could be warmed up prior to handing it over - we didn't get the chance to go back to ask since the line got longer and we wanted to go to the Bethel Gospel Assembly service on time. I got to eat the cookie with a cup of coffee which enhanced the taste for me! Entering the shop you can tell it's a lovely bakery. It smelled so good as soon as you entered the space.",4,"May 10, 2025",https://www.yelp.com/biz/levain-bakery-new-york-3
yelp,"Michelle, thank you for your feedback and for visiting our Harlem bakery. We're delighted you enjoyed the coconut chocolate chip cookie, and we appreciate the suggestion. Our team takes great pride in handcrafting each batch from scratch daily using simple, quality ingredients. Sincerely, The Levain Team",4,"May 10, 2025",https://www.yelp.com/biz/levain-bakery-new-york-3
yelp,"This cute little bakery shop comes with an array of sweets treats. They are generous with their portions, and the service was swift, polite, and efficient.  Sweet treats right in the heart of Harlem. We had an assortment of the Lemon Cake, Oatmeal Cookie, Raisin Bread, Sour Cream Coffee Cake, and Banana Chocolate Chip cookie with a vanilla chai latte with oatmilk My favorite was the lemon cake. I thought the sour creme coffee cake would be the best, but it needed more cinnamon for me. I could see myself dropping in here again and again. There is no seating, just a grab and go spot. Although there are lawn chairs out front, those look like they are there for decoration...lol",4,"Aug 29, 2023",https://www.yelp.com/biz/levain-bakery-new-york-3
yelp,It was great but get it warmed up or it just taste very much like a cake (more flour makes it cake like and less cookie)... recommended to add icecream!,5,"Feb 4, 2026",https://www.yelp.com/biz/levain-bakery-new-york-3
yelp,"Ynez, thank you so much for the fantastic review and helpful tip! We love that you enjoyed your experience at our Frederick Douglass Blvd bakery location, and your suggestion about pairing with ice cream sounds absolutely delicious. We appreciate you taking the time to share your thoughts with us! Sincerely, The Levain Team",5,"Feb 4, 2026",https://www.yelp.com/biz/levain-bakery-new-york-3
yelp,Service was not great when I visited on 1/15 at 11am. I asked for suggestions and the employee looked at me as if I was crazy. I spent $100 there and expected to be treated much better,2,"Jan 15, 2026",https://www.yelp.com/biz/levain-bakery-new-york-3
yelp,"Candy, we sincerely apologize for the disappointing experience you had at our Frederick Douglass Blvd bakery. We'd love to learn more details about what happened and work to turn this experience around - please reach out to us at info@levainbakery.com. Sincerely, The Levain Team",2,"Jan 15, 2026",https://www.yelp.com/biz/levain-bakery-new-york-3
yelp,Love the cookies but found it a little unsanitary because the young lady never changed her gloves. She handled  the money and cookies  with the same gloves.,3,"Sep 1, 2025",https://www.yelp.com/biz/levain-bakery-new-york-3
yelp,"Keisha, thanks for your feedback and for visiting our bakery. We're sorry to hear your experience fell short. Please feel free to email us at info@levainbakery.com if you'd like to share any other details. Sincerely, The Levain Team",3,"Sep 1, 2025",https://www.yelp.com/biz/levain-bakery-new-york-3
yelp,"Hard to give 5 stars to a take-out only place, but my cookie was so delightful and memorable several months later. Decently friendly service. Fast and fresh -- and no wait!",4,"May 30, 2024",https://www.yelp.com/biz/levain-bakery-new-york-3
yelp,"Thank you for the kind words. We're thrilled to hear that our cookie left a lasting impression on you. We can't wait to welcome you back for another delightful treat soon! Warmly, The Levain Team",4,"May 30, 2024",https://www.yelp.com/biz/levain-bakery-new-york-3
yelp,"I like this Levain location because it's not too busy, it's on my way to Lidl and the 125th shops, and they generally have all the seasonal flavors/cookies stocked. Their staff is friendly and it's clean. This time around I tried the seasonal dark chocolate peppermint cookie and it was excellent! So, excellent that I forgot to take a picture before I ate it haha. I also grabbed a holiday tin for my family! They put out the cutest designs each year.",4,"Jan 10, 2025",https://www.yelp.com/biz/levain-bakery-new-york-3
yelp,"Hi Taylee, thanks for stopping by our Harlem bakery and sharing your experience! We're thrilled to hear you enjoyed the seasonal dark chocolate peppermint cookie. We hope to see you again soon. Warmly, The Levain Team",4,"Jan 10, 2025",https://www.yelp.com/biz/levain-bakery-new-york-3
yelp,"Yummy, thick, gooey burst of heaven in every bite! I stopped in here in my way to a colleague's get together. I had no wine but I saw this spot and was like wow!, it's right here. So I ordered a dozen assorted cookies nuts/no nuts, my gf has a severe allergy. Service was quick even with it filling up. Hopefully I will be back in the neighborhood",5,"Nov 6, 2022",https://www.yelp.com/biz/levain-bakery-new-york-3
yelp,LeVain Bakery at this location is a straight walk for me up Central Park West. Central Park West turns into Frederick Douglass Boulevard and LeVain is easy to find in this busy neighborhood. I'm usually going to see a lot of places when I walk this far. I typically get a cookie to go and eat it when I stop somewhere to rest. I've never been to a LeVains where service wasn't friendly and timely. Employees know their business and get you on your way promptly. I'm definitely going to return and I'm recommending this location to you too. Just look at the reviews and photos. My mouth is watering thinking about the cookies and the Blueberry Muffin. I didn't care for the pound cake because the filling was too sweet. Other than that I've never been disappointed. It's still my favorite cookie of all time!!,5,"Oct 20, 2022",https://www.yelp.com/biz/levain-bakery-new-york-3
yelp,"This is the best place to get fresh cookies, coffee or tea.  Always friendly , always fresh I can't say enough good things about them. Sometimes there's a line out the door, trust me we'll worth the wait.",5,"Dec 6, 2025",https://www.yelp.com/biz/levain-bakery-new-york-3
yelp,"John, we're absolutely thrilled to hear about your wonderful experience at our Frederick Douglass Boulevard bakery! Your kind words about our team and treats truly make our day. We love hearing that you think the wait is worthwhile - that means everything to us. Sincerely, The Levain Team",5,"Dec 6, 2025",https://www.yelp.com/biz/levain-bakery-new-york-3
yelp,Levain bakery met my expectations! I had a coffee and a lemon cookies! The lemon cookie was sorta dry on the outer edges but moist as you made your way to the middle. The customer service was really good and overall a good sweets and coffee spot!,4,"Mar 28, 2024",https://www.yelp.com/biz/levain-bakery-new-york-3
yelp,"Thank you for visiting! We're happy to hear you enjoyed our seasonal cookie and coffee. Your feedback is valuable to us, and we're glad you had a good experience overall. We look forward to welcoming you back for more sweet treats soon. Warmly, The Levain Team",4,"Mar 28, 2024",https://www.yelp.com/biz/levain-bakery-new-york-3
yelp,"I think about this cookie ...a LOT. When I first tried it that day, I thought you know it's a solid cookie. Have I had better though? The trip I took to New York that time had so many sad moments to it, but honestly this cookie was such a pick me up through a rough moment. Looking back, it was delicious, it was filling, it was THICC, and I would even say worth the price. The cookies are rich with butter and you can definitely taste the freshness of them. I think you can even ask to have them warmed up. The line at Levain moves fairly quickly, it's a grab and go service with small standing tables on the sides of the bakery. You can definitely stand and eat your cookie if you choose to! Space clears up quite quickly. The employees are very helpful when recommending options depending on the flavors you like. Definitely go, and bring your loved one back one too!",5,"Dec 8, 2022",https://www.yelp.com/biz/levain-bakery-new-york-3
yelp,"Ordered a few times from this location and have yet to have any issues. Order is always correct and is always packaged nicely. Cookies are phenomenal. My favorites are vegan and GF chocolate chip (which says a lot since I'm not the biggest fan of classic chocolate chip cookie) and oatmeal raisin cookie. They also had a lemon cookie that I loved but seem to take that off the menu. Brioche with cinnamon butter and oatmeal raisin scone are a couple of other items that I enjoy. Though a little pricey, the portions for most items are pretty big so would definitely order from here again!",4,"Aug 11, 2024",https://www.yelp.com/biz/levain-bakery-new-york-3
yelp,"Thank you so much for your kind words and for being a repeat customer! We're thrilled to hear that you've enjoyed our cookies and other treats. We appreciate your feedback on the seasonal lemon cookie and will definitely share it with our team. As for the pricing, we hand-make everything fresh daily using simple and quality ingredients, which is reflected in our prices. Thanks again for your support and for taking the time to share your experience. We look forward to serving you again soon. Warmly, The Levain Team",4,"Aug 11, 2024",https://www.yelp.com/biz/levain-bakery-new-york-3
yelp,"I just had a really unsatisfactory experience with this location. My husband and I had visited this location a few months ago and we saw they carried big beautiful bread. We saw what we considered to be a challah. I'm aware that the primary goods here are cookies. I simply called to ask if they had any challah. I was abruptly told many times and was laughed at that they never had challah and whatever I saw basically I was wrong. Whether I was wrong or right, my feelings were hurt. I didn't like how I was treated over the phone at all. I'm really disheartened at this interaction.",1,"Feb 28, 2025",https://www.yelp.com/biz/levain-bakery-new-york-3
yelp,"Erica, we sincerely regret the disappointing phone experience you described. We appreciate you taking the time to provide this feedback. Please feel free to email us at info@levainbakery.com if you'd like to discuss this further. We hope you'll give our Harlem bakery another opportunity to provide you with a much more enjoyable experience. Warmly, The Levain Team",1,"Feb 28, 2025",https://www.yelp.com/biz/levain-bakery-new-york-3
yelp,"This by far has been the BEST cookie I've ever had in my life!? It's been years since I've moved away from NYC and I still have yet to meet a cookie as delicious as these ones! The chocolate walnut chip cookies are my absolute favorite!?! It has the crispy shell on the outside, but once you bite into it, you have the gooey cookie dough in the inside. It's soft and fluffy and a whole lot of cookie! I would always think that I couldn't finish the cookie in one go...but, I literally can't stop eating it...and then suddenly the cookie vanishes! The other treats are just as wonderful. The oatmeal raisin cookie is also very delicious as well. The best part is having freshly baked cookies right out of the oven. It just melts in your mouth and the rush of pure happiness in each bite. I still dream about these cookies and I know this will be the first stop I make when I return to NYC again!?!!",5,"Jan 16, 2022",https://www.yelp.com/biz/levain-bakery-new-york-3
yelp,"Talk about a tasty cookie! My football team won tonight, and we bet a chocolate chip cookie as the prize. Levain was right next to the Harlem Tavern, so the famous shop was a no brainer. Small, clean and well lit with a full bakery cabinet and plenty of options even though it was 645pm. My friend chose the caramel coconut chocolate chip cookie for us (when I was leaning towards a basic CC) and I'm glad he did. It was magnificent! Perfectly undercooked, many layered deliciousness! I bought a mini wheat raisin roll to just to try it, and it was great too. Crispy on the outside and gooey on the inside. Would be even better toasted with some salty butter. While sitting there at the wrap around bar on some stools, the sweet server said she had accidentally bent an oatmeal raisin cookie and couldn't sell it. Would we like it. Ummm, YES please! Again, so good! Took half of it home. We have a bet going on the SF/Detroit game and there's a Dark chocolate peanut butter cookie riding on it. Can't wait to collect my booty!! Go SF!",5,"Jan 28, 2024",https://www.yelp.com/biz/levain-bakery-new-york-3
yelp,"When in rome ... so yes, I had to try the famous Levain chocolate cookie! Agree with other reviewers .... covid safety protocol and service are solid. The location is clean, bright and well organized. Now onto the cookie. .. my friend got the double chocolate peanut butter cookie and that to me is the hands down winner! It was perfect in every way - just the right amount of peanut butter chips to chocolate cookie ratio ... it was creamy and a nice contrast in flavor to solely chocolate chips and chocolate dough cookie. It was also perfectly baked throughout where the edges had it's nice crunchiness to it and the middle was baked through. I had the chocolate chip cookie which had a huge amount of chocolate chips ... too much for me as there was barely enough cookie per bite. The edges were also nice and crispy/crunchy but the middle seemed a little under baked for me. Still giving this 5 stars as I think it's personal preference on doneness as the double chocolate peanut butter cookie was spot on. Came back to by 6 for the family back at home.",5,"Sep 21, 2021",https://www.yelp.com/biz/levain-bakery-new-york-3
yelp,My cousin said the best oatmeal cookies he'd had. Next to subway station. Must try cookies on East Coast.,5,"Dec 22, 2024",https://www.yelp.com/biz/levain-bakery-new-york-3
yelp,"Thanks so much for sharing your cousin's high praise for our oatmeal cookies! We're thrilled to hear they made such an impression. Being conveniently located next to the subway station makes it easy to grab a treat on the go. We hope to see you both again soon for more East Coast cookie adventures! Warmly, The Levain Team",5,"Dec 22, 2024",https://www.yelp.com/biz/levain-bakery-new-york-3
yelp,"Cookie monster here! Omg best cookies in the entire world! And look how ginormous it is, a must try in NYC! Location: It is located in Upper West side, interior is small and only take out! Service: not really interact with them, just buy and go! But you might ask them if it is your first time! Food: Everything was so delicious and ginormous! You will love all the flavors! CHOCO CHIP WALNUT: this the original flavor, this is so good! Best choco chip cookie I had! Big chunks of chocolate inside! DARK CHOCOLATE CHIP: omg so dark and gooey! Perfect for tea! DARK CHOCOLATE PEANUT BUTTER: this is my favorite!! A must if you go! The chunks of peanut butter pieces is just heavenly good! I don't usually like peanut butter but this is an exemption! CHOCO CHIP BRIOCHE: meh, sorry this is the list I like here, the brioche itself is hard and taste old, maybe only that day. So just by cookies! Price rating: 7/10, the price matches all the deliciousness! Not bad for all the goodness. Been here multiple times so I am sure I am going back for the gooey deliciousness cookies! Get the DARK CHOCOLATE PEANUT BUTTER!!",5,"Jan 25, 2021",https://www.yelp.com/biz/levain-bakery-new-york-3
yelp,Most decadent cookies! Cooked perfectly! A little crispy on the outside and soft on the inside!,5,"Oct 6, 2024",https://www.yelp.com/biz/levain-bakery-new-york-3
yelp,"Mary, we're thrilled to hear you enjoyed our cookies. Thanks for sharing your love for our decadent treats. We can't wait to bake up more deliciousness for you soon! Warmly, The Levain Team",5,"Oct 6, 2024",https://www.yelp.com/biz/levain-bakery-new-york-3
yelp,"All the cookies we tried were incredible. The chocolate is gooey and the cookies are huge! My favorite is either the double chocolate or the oatmeal raisin! I don't like raisins- I'll eat them if I have too but I usually pick them out. But their oatmeal raisin cookie is incredible! The texture, the taste- impeccable... except for the raisins. If there was a plain oatmeal cookie, it would easily be my favorite. We also tried the two chip chocolate chip and the fall chocolate chunk. They were both good as well. I like the combination of different types of chocolate. It adds another dimension of flavor to the cookie. Personally, as much as I love chocolate, there was too much chocolate for me... you couldn't really taste the actual cookie component that much. Fall chunk is good if you like gingerbread- you can taste the other spices as well but ginger is the most prominent. I placed a pickup order to avoid any possible line. Service was good and the order was ready on time. This bakery location is small with limited space inside to eat. Overall, I will definitely be returning!",4,"Nov 29, 2023",https://www.yelp.com/biz/levain-bakery-new-york-3
yelp,"tldr: bomb-ass cookies that are baked FRESH throughout the day. Cookies with chocolate chips in them are a win in my book. YUM! Just delicious!  any cookie with chocolate chips in it for me is a win. The Double Chip Chocolate Chip cookie is A LOT of chocolate!! However it's ooey and gooey!! YUM. So just know you'll need space in you tummy to get this down cuz the cookies are pretty thiqq - in a GREAT WAY!!! So good. I especially LOVE that they bake all day so you always have it fresh.  pike I said: they're amazing! I highly recommend AND I love this bakery! Such a good product!! With friendly, professional service!",5,"Jan 14, 2024",https://www.yelp.com/biz/levain-bakery-new-york-3
yelp,"Is this a rhetorical questionDah‼The Two Chip Chocolate  Chip cookie  is heavenly divine. The staff, especially in Harlem, NY are AMAZING & stellar‼",5,"Nov 12, 2022",https://www.yelp.com/biz/levain-bakery-new-york-3
yelp,"Time and time again Levain hits the spot! Haven't found another cookie like them, and I'm not sure I want to! Love this location because it's always quick and never crowded. Staff is always a pleasure, too. The only problem I can think of is that I can never walk out with just one cookie... Hope everyone else has the same problem!",5,"Sep 1, 2022",https://www.yelp.com/biz/levain-bakery-new-york-3
yelp,"Food: Chocolate Chip Walnut 10/10 Double Chocolate Chip 7/10 Dark Chocolate 6/10 Dark Chocolate Peanut Butter 9/10 Tea 4/10 wouldn't order again These cookies are verryyyy decadent. Honestly one cookie is enough for me in one sitting. Walnut is my absolute fav. Peanut butter was also a great second runner up. The double chocolate was a little too much. I had to take breaks to finish this cookie because it is so rich and decadent. Dark chocolate is meh. Service: 10/10 very quick, efficient and polite",5,"Jun 1, 2022",https://www.yelp.com/biz/levain-bakery-new-york-3
yelp,The cookies are to die for. I had the chocolate chip ball cookie when some coffee and was totally blissed out for like an hour,5,"Aug 24, 2024",https://www.yelp.com/biz/levain-bakery-new-york-3
yelp,"We're thrilled to hear that our chocolate chip walnut cookie paired with coffee brought you so much joy. Thanks for sharing your experience and for the awesome rating. Hope to see you again soon for another round of cookie bliss! Warmly, The Levain Team",5,"Aug 24, 2024",https://www.yelp.com/biz/levain-bakery-new-york-3
yelp,"These cookies never fail. Opted for the chocolate walnut cookie this time! Chewy, warm, decadent...simply amazing!",5,"Dec 14, 2023",https://www.yelp.com/biz/levain-bakery-new-york-3
yelp,"You can always count on us, Mario! See you soon. Best, The Levain Team :)",5,"Dec 14, 2023",https://www.yelp.com/biz/levain-bakery-new-york-3
yelp,Got there chocolate chip walnut cookie with whole milk and it was pretty good! Compared to a normal cookie the cookies here are very thick. The edges are still crispy but the middle part is very soft and doughy. The walnut adds a perfect crunchiness and counters the sweetness of the chocolate. The cookie here is pretty good but i don't think it was mind blowing or life changing as it is very hyped up.,4,"Jul 17, 2022",https://www.yelp.com/biz/levain-bakery-new-york-3
yelp,"First, I am a cookie enthusiast. Second, I am alway in search of the best, chewiest and rich ingredient filled cookies. I stopped here with a friend who swears by these baked goods. This cookie DOES NOT DISAPPOINT! At the whopping price of $5.00 it is well worth the value. The cookie is ""plump"", so it's not some thin treat. I had the chocolate chip walnut and I tried a nibble of the oatmeal raisin. I may just return tomorrow to get some cookie to go home with.",5,"Apr 25, 2022",https://www.yelp.com/biz/levain-bakery-new-york-3
yelp,"Dropped by on my way back to Philly. As with most places in the city, parking was a pain ... however I was determined to try one of these infamous pounder cookies. I am so happy that I was able to secure parking on a side street! I oh so very quickly dashed over to pick up some sweets for the ride home. I ordered a blueberry muffin, a walnut chocolate chip cookie, and a cinnamon brioche. The blueberry muffin was a great road snack (I ate half and saved the other half for breakfast the next day). Super moist and packed with blueberries! The brioche...meh! Either it was old and dried out or I received a bad batch. I love cinnamon or coconut on just about anything but I was highly disappointed with this treat. Good thing it was not what I came for. I would not order it again. Now about that walnut chocolate chip cookie... OMG! What a gooey, chewy, chocolate chip goodie!! To be honest, I can not and did not, finish this treat in one sitting. I cut 1/4 piece, wrapped it in foil, and lightly warmed it in the oven. Best way to have it! It was so soft and went perfect with my evening tea. The $4 price tag is not that bad either. Especially considering the size. I enjoyed that cookie for several days.",4,"Mar 21, 2020",https://www.yelp.com/biz/levain-bakery-new-york-3
yelp,"The best cookie I have ever had in my life. I'm always here whether it be for a snack, post-exam treat, or picking cookies up as gifts for friends or to travel with. I recently brought a dozen with me to Atlanta for a Thanksgiving dinner and they were an absolute hit! All 4 flavors are amazing but my favorites are the chocolate peanut butter and the oatmeal raisin. These are normally cookies I would not prefer but Levain Bakery has completely changed my opinion of them. Can't get enough of these massively delicious cookies that have the best flavors and textures a cookie could possibly have!",5,"Dec 5, 2019",https://www.yelp.com/biz/levain-bakery-new-york-3
yelp,I had the chocolate walnut cookie which is the most popular item. It was nice and crunchy on the outside and gooey on the inside. A little treasure-a must stop!,4,"Feb 28, 2023",https://www.yelp.com/biz/levain-bakery-new-york-3
yelp,"Super quick service from this location! I had never been before so had to check out the hype with Levain bakery! I went on a Saturday morning around 10:30 AM and there was no line so I didn't have to deal with the crazy lines every one's always talking about. I got the two chip chocolate cookie and my mom got the famous walnut one. I found that the two chip one was extremelyyy sweet (even for someone who absolutely loves chocolate and sweets). I didn't try the walnut one because I'm allergic to it but both my mom and brother said they couldn't even taste the walnuts and agreed it was too sweet. As the price point, I thought $5 was completely reasonable since the cookie was HUGE. Overall, if you like Levain Bakery, it's probably best to go in the mornings since it seems to be there are less lines but not sure if I would personally be going back!",4,"Mar 14, 2023",https://www.yelp.com/biz/levain-bakery-new-york-3
yelp,I really enjoy the cookies and the cake my only issue is the cake slices are VERY SMALL. And there's no incentive when you buy any cookies like any coupon.,3,"Feb 2, 2025",https://www.yelp.com/biz/levain-bakery-new-york-3
yelp,"Hi Beverley, thanks for sharing your thoughts with us. We're thrilled to hear you enjoy our cookies and cake. We appreciate your feedback and hope to have you back soon! Warmly, The Levain Team",3,"Feb 2, 2025",https://www.yelp.com/biz/levain-bakery-new-york-3
yelp,"Just get extra for later, you're going to want more. The cookies are perfection. Indulge yourself because it's worth it.",5,"Jul 21, 2024",https://www.yelp.com/biz/levain-bakery-new-york-3
yelp,"Thanks for the sweet words. We're thrilled to hear you enjoyed our cookies. Hope to see you again soon for another round of cookie perfection! Warmly, The Levain Team",5,"Jul 21, 2024",https://www.yelp.com/biz/levain-bakery-new-york-3
yelp,"I first discovered Levain Bakery because they won NYC's Munch Madness 2016 for their walnut chocolate chip cookie. I am so glad I did! Their cookies if we can call them that are in a league of their own. Instead of being flat, they are tall, round, and incredible moist. Beware, each cookie packs in about 600-700 calories. I once made the mistake if giving a whole cookie to each of my children. I knew the cookies were over the top when my children couldn't even finish the cookie and said they were full. That has never happened before. Since 2016, my favorite cookie has become their oatmeal raisin -- cranberry raisin? -- cookie. Its crumbly and moist texture makes it a cross between a scone and a cookie and is the best oatmeal cookie I've ever had. My kids have gravitated more towards the double chocolate cookie as well. Of late, the walnut chocolate chip cookies have been sightly undercooked, with a gooey center of undercooked cookie dough. I told the bakery and they said I should just wait to eat it because it is like that when it is fresh out of the oven. So, basically, they didn't believe me! I ate it 1 hour, 6 hours and 12 hours after purchasing and it was still undercooked in the center. I will still eat this heavenly dessert, but it makes me think twice before buying it as a gift for someone.",5,"May 23, 2019",https://www.yelp.com/biz/levain-bakery-new-york-3
yelp,"You can avoid the lines by trying this location of the bakery chain. I got a dark chocolate peanut butter chip cookie: to me, I still think they bake their cookies too little. Most of the cookie I got was uncooked inside, and made me nauseous. It tasted good, but it's not what I look for in a cookie, which must be baked all through. No reason to go back.",2,"May 18, 2019",https://www.yelp.com/biz/levain-bakery-new-york-3
yelp,"While celebrating my Bestie's birthday an impromptu trip to Levain took place as we waited for another party member. Small shop with great service and a bunch of goodies to choose from.  With a cookie explosion seemingly taking place in the city Levain is a long time contender and a good competitor. However they are not a one trick pony. They do Cookies, Cakes, Muffins, Coffee and etc. I honestly couldn't remember if and when I had Levain's previously and with an unofficial Cookie Challenge presented to me by fellow yelper Alana D. I was intrigued to try a cookie as I purchased my bestie a very large slice of lemon pound cake. The chocolate chip walnut cookie was oversized full of chips and a good amount of walnuts that didn't overpower the cookie. Sweet and gooey and nice weather warm or not. Overall a good treat... let's face it, its hard to go wrong with sugar, chocolate and carbs. Lol Just A Note: As the cookies are big, the suggested cookie care instructions are recommended.",4,"May 15, 2019",https://www.yelp.com/biz/levain-bakery-new-york-3
yelp,"It is a sin to have cookies this good. Like I don't even eat cookies like that, sugar is evil as far as I am concern, but evil is this heavenly, then I have been sadly mistaken for most of my life. Take me back to New York, I need another monster chocolate cookie so I can live again. That just about sums it up!",5,"Aug 22, 2019",https://www.yelp.com/biz/levain-bakery-new-york-3
yelp,"I discovered Levain Bakery many years ago while living in NYC. It has been 16 years since I moved away, and they are STILL one of the few places I go out of my way to visit whenever I return to NYC. My favorites are their brioche, especially the chocolate chip version, and any of the cookies. Give them a try! You won't be sorry. P.S. Don't be deterred by a line. The wait is worth it!",5,"Nov 20, 2022",https://www.yelp.com/biz/levain-bakery-new-york-3
yelp,"Got the vegan cookie. Kinda expensive for a cookie, but it was a decent size. I'm glad I tried it, but I probably wouldn't go again. Definitely worth at least a visit.",4,"Apr 28, 2024",https://www.yelp.com/biz/levain-bakery-new-york-3
yelp,Thank you for giving our Vegan & GF Chocolate Chip Walnut cookie a try. We hope you'll reconsider and give us another chance to impress you with our delicious treats. Your support means a lot to us! -The Levain Team,4,"Apr 28, 2024",https://www.yelp.com/biz/levain-bakery-new-york-3
yelp,"Five dollars for a chocolate chip cookie is highway robbery. But I'll easily be robbed because those cookies were delicious. Next time I'll just come with cash because I think they do a surcharge if you pay with a card. The place is pretty busy and there was a line out the door, which kind of shows that It's a good place to eat at.",4,"Feb 21, 2023",https://www.yelp.com/biz/levain-bakery-new-york-3
yelp,"Not to be dramatic but I'd do anything for these cookies. They are a buttery and chocolatey amazing gift to earth with a nice crisp outside but super gooey and moist inside. I have a huge sweet tooth so I'm bias, but I seriously love these cookies and go every time I'm in New York. If you aren't a huge fan of sweets, I'd recommend getting some milk for the side to wash everything down with. YUM.",5,"Feb 27, 2019",https://www.yelp.com/biz/levain-bakery-new-york-3
yelp,"Banana chocolate.chip slice was tasty, moist and flavorful! Iced coffee was great! Will return!",4,"Sep 29, 2022",https://www.yelp.com/biz/levain-bakery-new-york-3
yelp,The cookies are good.  The service was quick and they were pleasant.  I ordered on line snd picked it up.  I would go back again.,4,"May 23, 2024",https://www.yelp.com/biz/levain-bakery-new-york-3
yelp,"Thank you for your kind words, Chrissy. We're delighted to hear you enjoyed our cookies and had a pleasant experience with our team. We can't wait to welcome you back for more delicious treats!  -The Levain Team",4,"May 23, 2024",https://www.yelp.com/biz/levain-bakery-new-york-3
yelp,"Not that Levain needs my review, but I will quickly say they deserve all five of these stars. Warm and slightly gooey on the inside every time. I always get the chocolate chip with walnut, but you can't go wrong with any of them. Always a stop I make if I'm nearby one of their locations.",5,"Oct 25, 2020",https://www.yelp.com/biz/levain-bakery-new-york-3
yelp,"It's a GIFT and a CURSE that I discovered that Levain Bakery was literally just around the corner from my Air BnB in Harlem on the LAST DAY that I was staying there. I bought one of each cookie (which was a small fortune) and brought them to my friends house as a hostess gift. We ended up opening a bottle of champagne and tasting each cookie. Chocolate chip walnut was my favorite. No wait, oatmeal raisin. The chocolate chip peanut butter was too rich. No, I take it back, just eat a small bite of it to feel completely satisfied. UNBELIEVABLE.",5,"Aug 25, 2018",https://www.yelp.com/biz/levain-bakery-new-york-3
yelp,"The staff is really nice and friendly. She indulged in my excitement to finally try Levain's. The cookies are better when warm. However, my only gripe with this place is that everything is $5 each. In my opinion, I don't think it's worth $5 for a cookie, but to each their own. It's still a must-try for foodies alike.",4,"Jan 19, 2023",https://www.yelp.com/biz/levain-bakery-new-york-3
yelp,Levain is the best! They have a new cookie now with coconut. I like the classic but no coconut for me. The peanut butter chocolate is the best. The two chip chocolate chip is 2nd best but not by much. Love this spot and every location is consistent! 5 stars.,5,"May 9, 2023",https://www.yelp.com/biz/levain-bakery-new-york-3
yelp,Calling them a cookie is an understatement. It's a hefty pastry with a gooey moist interior. Think of a cross between a cake and cookie. It's 4 dollars for a cookie which astonishes me but it's literally a meal. You only need one!! My cookie was straight out the oven. So here is the trick. Give it an hour or so to firm up. The anticipation will kill you but it's worth it. The exterior gets nice and crunchy while the inside is still pleasantly soft.,5,"Aug 29, 2018",https://www.yelp.com/biz/levain-bakery-new-york-3
yelp,This place is dangerous for your diet. The Walnut Chocolate Chip cookies are a must have.,5,"Mar 18, 2024",https://www.yelp.com/biz/levain-bakery-new-york-3
yelp,We're so glad you enjoyed! -The Levain Team :),5,"Mar 18, 2024",https://www.yelp.com/biz/levain-bakery-new-york-3
yelp,"Very good caramel coconut chocolate chip cookie! Texture was perfect, gooey inside, soft with light crunch texture outside. I would recommend! Service was very nice. Thank you!",4,"May 29, 2023",https://www.yelp.com/biz/levain-bakery-new-york-3
yelp,"My first bite of their famous chocolate cookie was a bit unimpressive. I got here 20 minutes after the opened, and there was no line. I got my cookie right away, but it was cold. Surprisingly, however, the chocolate chips inside were still gooey. What kind of sorcery is this?! Its a good cookie, but I don't think I would go out of my way for it.",3,"Sep 20, 2018",https://www.yelp.com/biz/levain-bakery-new-york-3
yelp,"A friend treated me to some desert here, we got some chocolate chip cookies and I had to try the Lemon cake (my favorite), unfortunately the lemon cake was too bitter for my taste but I fell in love with the chocolate chip cookies, so warm & Delish! Small little bake shop with very friendly workers. I'll be back for more cookies!",3,"Feb 12, 2023",https://www.yelp.com/biz/levain-bakery-new-york-3
yelp,"You know you are one special person if l bring you a Levain cookie or a slice of their amazing lemon, banana nut and walnut slices of cakes.....OMG!! The #1 reason l patronize this bakery frequently is also due to their excellent customer service. Like the one l had this Sunday 2/25/2024 at their Harlem location with the manager Destiny. Destiny was super courteous in making my very complicated order for 15 cookies and cakes were arranged correctly. She took her time in placing the cookies and cakes delicately in the boxes beautifully....appreciate it Destiny Also, she is also quite pretty!!!!",5,"Feb 26, 2024",https://www.yelp.com/biz/levain-bakery-new-york-3
